{"type": "FeatureCollection", "features": [{"type": "Feature", "geometry": {"type": "Point", "coordinates": [-119.726198679658, 36.7052403811594]}, "properties": {"SSAP_NGUID": "urn:emergency:uid:gis:SSAP:308:fresnocountyca.gov", "DisclID": "fresnocountyca.gov", "CountyLocalID": "308", "GERS_ID": "c55e2d0b-775c-414d-854c-76424b1d5d75", "ConflationStatus": "CONFLATED", "Source": "FRESNO_COUNTY_GIS_OVERTURE_CONFLATED", "HNO": "2661", "PRD": "S", "STN": "WILLOW", "STS": "AVE", "Unit": null, "CommunityName": "FRESNO", "County": "FRESNO", "State": "CA", "PostCode": "93725", "SpatialOffsetMeters": 0.0}}, {"type": "Feature", "geometry": {"type": "Point", "coordinates": [-119.867068223888, 36.752841927758]}, "properties": {"SSAP_NGUID": "urn:emergency:uid:gis:SSAP:998:fresnocountyca.gov", "DisclID": "fresnocountyca.gov", "CountyLocalID": "998", "GERS_ID": "2b3aa0c4-268b-4d1b-9367-c978670a2072", "ConflationStatus": "CONFLATED", "Source": "FRESNO_COUNTY_GIS_OVERTURE_CONFLATED", "HNO": "4243", "PRD": "W", "STN": "DUDLEY", "STS": "AVE", "Unit": null, "CommunityName": "FRESNO", "County": "FRESNO", "State": "CA", "PostCode": "93705", "SpatialOffsetMeters": 0.0}}, {"type": "Feature", "geometry": {"type": "Point", "coordinates": [-119.922456879188, 36.7769343588249]}, "properties": {"SSAP_NGUID": "urn:emergency:uid:gis:SSAP:1042:fresnocountyca.gov", "DisclID": "fresnocountyca.gov", "CountyLocalID": "1042", "GERS_ID": "8c8367ee-db60-4529-9197-d4af36224632", "ConflationStatus": "CONFLATED", "Source": "FRESNO_COUNTY_GIS_OVERTURE_CONFLATED", "HNO": "7368", "PRD": "W", "STN": "PRINCETON", "STS": "AVE", "Unit": null, "CommunityName": "FRESNO", "County": "FRESNO", "State": "CA", "PostCode": "93723", "SpatialOffsetMeters": 0.01}}, {"type": "Feature", "geometry": {"type": "Point", "coordinates": [-119.733251709291, 36.6828065543883]}, "properties": {"SSAP_NGUID": "urn:emergency:uid:gis:SSAP:1831:fresnocountyca.gov", "DisclID": "fresnocountyca.gov", "CountyLocalID": "1831", "GERS_ID": "76e52aba-0ded-400a-8af0-32caeaa42fbe", "ConflationStatus": "CONFLATED", "Source": "FRESNO_COUNTY_GIS_OVERTURE_CONFLATED", "HNO": "3326", "PRD": "E", "STN": "OLNEY", "STS": "AVE", "Unit": null, "CommunityName": "FRESNO", "County": "FRESNO", "State": "CA", "PostCode": "93725", "SpatialOffsetMeters": 0.01}}, {"type": "Feature", "geometry": {"type": "Point", "coordinates": [-119.854449575599, 36.6843820265967]}, "properties": {"SSAP_NGUID": "urn:emergency:uid:gis:SSAP:1847:fresnocountyca.gov", "DisclID": "fresnocountyca.gov", "CountyLocalID": "1847", "GERS_ID": "afb549bd-4e2a-4dbe-a916-c3ed23eae30b", "ConflationStatus": "CONFLATED", "Source": "FRESNO_COUNTY_GIS_OVERTURE_CONFLATED", "HNO": "3433", "PRD": "S", "STN": "VALENTINE", "STS": "AVE", "Unit": null, "CommunityName": "FRESNO", "County": "FRESNO", "State": "CA", "PostCode": "93706", "SpatialOffsetMeters": 0.0}}, {"type": "Feature", "geometry": {"type": "Point", "coordinates": [-119.848718443894, 36.6856064768349]}, "properties": {"SSAP_NGUID": "urn:emergency:uid:gis:SSAP:1863:fresnocountyca.gov", "DisclID": "fresnocountyca.gov", "CountyLocalID": "1863", "GERS_ID": "23282476-2efa-492d-8699-a02f544e1057", "ConflationStatus": "CONFLATED", "Source": "FRESNO_COUNTY_GIS_OVERTURE_CONFLATED", "HNO": "3180", "PRD": "W", "STN": "MUSCAT", "STS": "AVE", "Unit": null, "CommunityName": "FRESNO", "County": "FRESNO", "State": "CA", "PostCode": "93706", "SpatialOffsetMeters": 0.01}}, {"type": "Feature", "geometry": {"type": "Point", "coordinates": [-119.790574575851, 36.6521486030872]}, "properties": {"SSAP_NGUID": "urn:emergency:uid:gis:SSAP:2355:fresnocountyca.gov", "DisclID": "fresnocountyca.gov", "CountyLocalID": "2355", "GERS_ID": "699c22f6-218b-48f0-b87b-af67239ebbbf", "ConflationStatus": "CONFLATED", "Source": "FRESNO_COUNTY_GIS_OVERTURE_CONFLATED", "HNO": "25", "PRD": "E", "STN": "FANTZ", "STS": "AVE", "Unit": null, "CommunityName": "FRESNO", "County": "FRESNO", "State": "CA", "PostCode": "93706", "SpatialOffsetMeters": 0.0}}, {"type": "Feature", "geometry": {"type": "Point", "coordinates": [-119.707860120629, 36.6529479029149]}, "properties": {"SSAP_NGUID": "urn:emergency:uid:gis:SSAP:2363:fresnocountyca.gov", "DisclID": "fresnocountyca.gov", "CountyLocalID": "2363", "GERS_ID": "2249f715-8138-4ac6-8ae9-5b6dc60e70e1", "ConflationStatus": "CONFLATED", "Source": "FRESNO_COUNTY_GIS_OVERTURE_CONFLATED", "HNO": "5730", "PRD": "S", "STN": "MANDARIN", "STS": "AVE", "Unit": null, "CommunityName": "FRESNO", "County": "FRESNO", "State": "CA", "PostCode": "93725", "SpatialOffsetMeters": 0.0}}, {"type": "Feature", "geometry": {"type": "Point", "coordinates": [-119.71052401029, 36.6536190600797]}, "properties": {"SSAP_NGUID": "urn:emergency:uid:gis:SSAP:2367:fresnocountyca.gov", "DisclID": "fresnocountyca.gov", "CountyLocalID": "2367", "GERS_ID": "5be747a9-18f6-473d-90e6-538a8f507ac9", "ConflationStatus": "CONFLATED", "Source": "FRESNO_COUNTY_GIS_OVERTURE_CONFLATED", "HNO": "4394", "PRD": "E", "STN": "ABSOLUT", "STS": "", "Unit": null, "CommunityName": "FRESNO", "County": "FRESNO", "State": "CA", "PostCode": "93725", "SpatialOffsetMeters": 0.0}}, {"type": "Feature", "geometry": {"type": "Point", "coordinates": [-119.827567153023, 36.6535261293545]}, "properties": {"SSAP_NGUID": "urn:emergency:uid:gis:SSAP:2371:fresnocountyca.gov", "DisclID": "fresnocountyca.gov", "CountyLocalID": "2371", "GERS_ID": "cd261083-a2b8-4342-8f82-b7109fc94cbd", "ConflationStatus": "CONFLATED", "Source": "FRESNO_COUNTY_GIS_OVERTURE_CONFLATED", "HNO": "5641", "PRD": "S", "STN": "WEST", "STS": "AVE", "Unit": null, "CommunityName": "FRESNO", "County": "FRESNO", "State": "CA", "PostCode": "93706", "SpatialOffsetMeters": 0.01}}, {"type": "Feature", "geometry": {"type": "Point", "coordinates": [-119.726769270943, 36.6608990996903]}, "properties": {"SSAP_NGUID": "urn:emergency:uid:gis:SSAP:2399:fresnocountyca.gov", "DisclID": "fresnocountyca.gov", "CountyLocalID": "2399", "GERS_ID": "522a7de8-de99-4662-9f30-b8c5d69ab851", "ConflationStatus": "CONFLATED", "Source": "FRESNO_COUNTY_GIS_OVERTURE_CONFLATED", "HNO": "3333", "PRD": "E", "STN": "AMERICAN", "STS": "AVE", "Unit": null, "CommunityName": "FRESNO", "County": "FRESNO", "State": "CA", "PostCode": "93725", "SpatialOffsetMeters": 0.0}}, {"type": "Feature", "geometry": {"type": "Point", "coordinates": [-119.761257094527, 36.6636777493695]}, "properties": {"SSAP_NGUID": "urn:emergency:uid:gis:SSAP:2838:fresnocountyca.gov", "DisclID": "fresnocountyca.gov", "CountyLocalID": "2838", "GERS_ID": "a817e960-104f-4560-819b-175defae6372", "ConflationStatus": "CONFLATED", "Source": "FRESNO_COUNTY_GIS_OVERTURE_CONFLATED", "HNO": "1630", "PRD": "E", "STN": "AMERICAN", "STS": "AVE", "Unit": null, "CommunityName": "FRESNO", "County": "FRESNO", "State": "CA", "PostCode": "93725", "SpatialOffsetMeters": 0.01}}, {"type": "Feature", "geometry": {"type": "Point", "coordinates": [-119.91563938689, 36.7690355324027]}, "properties": {"SSAP_NGUID": "urn:emergency:uid:gis:SSAP:2887:fresnocountyca.gov", "DisclID": "fresnocountyca.gov", "CountyLocalID": "2887", "GERS_ID": "bde7b241-8f4b-4139-93ef-d9d21db56100", "ConflationStatus": "CONFLATED", "Source": "FRESNO_COUNTY_GIS_OVERTURE_CONFLATED", "HNO": "2302", "PRD": "N", "STN": "GRANTLAND", "STS": "AVE", "Unit": null, "CommunityName": "FRESNO", "County": "FRESNO", "State": "CA", "PostCode": "93723", "SpatialOffsetMeters": 0.0}}, {"type": "Feature", "geometry": {"type": "Point", "coordinates": [-119.898931827436, 36.7709762567629]}, "properties": {"SSAP_NGUID": "urn:emergency:uid:gis:SSAP:2951:fresnocountyca.gov", "DisclID": "fresnocountyca.gov", "CountyLocalID": "2951", "GERS_ID": "dc414846-2b12-488f-a12b-c9d69a4d1357", "ConflationStatus": "CONFLATED", "Source": "FRESNO_COUNTY_GIS_OVERTURE_CONFLATED", "HNO": "2455", "PRD": "N", "STN": "HAYES", "STS": "AVE", "Unit": null, "CommunityName": "FRESNO", "County": "FRESNO", "State": "CA", "PostCode": "93722", "SpatialOffsetMeters": 0.01}}, {"type": "Feature", "geometry": {"type": "Point", "coordinates": [-119.917437437777, 36.7715087557053]}, "properties": {"SSAP_NGUID": "urn:emergency:uid:gis:SSAP:2957:fresnocountyca.gov", "DisclID": "fresnocountyca.gov", "CountyLocalID": "2957", "GERS_ID": "0b80feed-18f4-4711-aca2-0d92ab23a355", "ConflationStatus": "CONFLATED", "Source": "FRESNO_COUNTY_GIS_OVERTURE_CONFLATED", "HNO": "2465", "PRD": "N", "STN": "GRANTLAND", "STS": "AVE", "Unit": null, "CommunityName": "FRESNO", "County": "FRESNO", "State": "CA", "PostCode": "93723", "SpatialOffsetMeters": 0.01}}, {"type": "Feature", "geometry": {"type": "Point", "coordinates": [-119.817397269503, 36.6709057438126]}, "properties": {"SSAP_NGUID": "urn:emergency:uid:gis:SSAP:3267:fresnocountyca.gov", "DisclID": "fresnocountyca.gov", "CountyLocalID": "3267", "GERS_ID": "38f8a246-8af2-4ebb-b22c-78e0252b6908", "ConflationStatus": "CONFLATED", "Source": "FRESNO_COUNTY_GIS_OVERTURE_CONFLATED", "HNO": "4382", "PRD": "S", "STN": "FRUIT", "STS": "AVE", "Unit": null, "CommunityName": "FRESNO", "County": "FRESNO", "State": "CA", "PostCode": "93706", "SpatialOffsetMeters": 0.01}}, {"type": "Feature", "geometry": {"type": "Point", "coordinates": [-119.738187714613, 36.6722971831875]}, "properties": {"SSAP_NGUID": "urn:emergency:uid:gis:SSAP:3283:fresnocountyca.gov", "DisclID": "fresnocountyca.gov", "CountyLocalID": "3283", "GERS_ID": "21a18cb9-0229-4943-af1d-82ddf19fc4df", "ConflationStatus": "CONFLATED", "Source": "FRESNO_COUNTY_GIS_OVERTURE_CONFLATED", "HNO": "4323", "PRD": "S", "STN": "CHESTNUT", "STS": "AVE", "Unit": null, "CommunityName": "FRESNO", "County": "FRESNO", "State": "CA", "PostCode": "93725", "SpatialOffsetMeters": 0.0}}, {"type": "Feature", "geometry": {"type": "Point", "coordinates": [-119.744728160289, 36.6772443634192]}, "properties": {"SSAP_NGUID": "urn:emergency:uid:gis:SSAP:3316:fresnocountyca.gov", "DisclID": "fresnocountyca.gov", "CountyLocalID": "3316", "GERS_ID": "7653da55-5433-4ac9-ad31-bd7167ad3629", "ConflationStatus": "CONFLATED", "Source": "FRESNO_COUNTY_GIS_OVERTURE_CONFLATED", "HNO": "2557", "PRD": "E", "STN": "CENTRAL", "STS": "AVE", "Unit": null, "CommunityName": "FRESNO", "County": "FRESNO", "State": "CA", "PostCode": "93725", "SpatialOffsetMeters": 0.01}}, {"type": "Feature", "geometry": {"type": "Point", "coordinates": [-119.901227627805, 36.7601153686777]}, "properties": {"SSAP_NGUID": "urn:emergency:uid:gis:SSAP:4741:fresnocountyca.gov", "DisclID": "fresnocountyca.gov", "CountyLocalID": "4741", "GERS_ID": "fb0eff25-09b3-41a9-a8b4-3cf83b349beb", "ConflationStatus": "CONFLATED", "Source": "FRESNO_COUNTY_GIS_OVERTURE_CONFLATED", "HNO": "1675", "PRD": "N", "STN": "HAYES", "STS": "AVE", "Unit": null, "CommunityName": "FRESNO", "County": "FRESNO", "State": "CA", "PostCode": "93723", "SpatialOffsetMeters": 0.0}}, {"type": "Feature", "geometry": {"type": "Point", "coordinates": [-119.901275328405, 36.7605472943659]}, "properties": {"SSAP_NGUID": "urn:emergency:uid:gis:SSAP:4743:fresnocountyca.gov", "DisclID": "fresnocountyca.gov", "CountyLocalID": "4743", "GERS_ID": "120aabdb-96e6-4252-bfb5-9d6e91fb73a1", "ConflationStatus": "CONFLATED", "Source": "FRESNO_COUNTY_GIS_OVERTURE_CONFLATED", "HNO": "1709", "PRD": "N", "STN": "HAYES", "STS": "AVE", "Unit": null, "CommunityName": "FRESNO", "County": "FRESNO", "State": "CA", "PostCode": "93723", "SpatialOffsetMeters": 0.0}}, {"type": "Feature", "geometry": {"type": "Point", "coordinates": [-119.899212008209, 36.770030174194]}, "properties": {"SSAP_NGUID": "urn:emergency:uid:gis:SSAP:6033:fresnocountyca.gov", "DisclID": "fresnocountyca.gov", "CountyLocalID": "6033", "GERS_ID": "325a54d1-9654-4375-b659-c8dcb099943c", "ConflationStatus": "CONFLATED", "Source": "FRESNO_COUNTY_GIS_OVERTURE_CONFLATED", "HNO": "2371", "PRD": "N", "STN": "HAYES", "STS": "AVE", "Unit": null, "CommunityName": "FRESNO", "County": "FRESNO", "State": "CA", "PostCode": "93723", "SpatialOffsetMeters": 0.0}}, {"type": "Feature", "geometry": {"type": "Point", "coordinates": [-119.8814009157, 36.7697049110668]}, "properties": {"SSAP_NGUID": "urn:emergency:uid:gis:SSAP:6077:fresnocountyca.gov", "DisclID": "fresnocountyca.gov", "CountyLocalID": "6077", "GERS_ID": "618112e3-bbc6-470b-beb5-998cb447526f", "ConflationStatus": "CONFLATED", "Source": "FRESNO_COUNTY_GIS_OVERTURE_CONFLATED", "HNO": "2339", "PRD": "N", "STN": "CORNELIA", "STS": "AVE", "Unit": null, "CommunityName": "FRESNO", "County": "FRESNO", "State": "CA", "PostCode": "9377", "SpatialOffsetMeters": 0.0}}, {"type": "Feature", "geometry": {"type": "Point", "coordinates": [-119.906043037715, 36.7691706746402]}, "properties": {"SSAP_NGUID": "urn:emergency:uid:gis:SSAP:6093:fresnocountyca.gov", "DisclID": "fresnocountyca.gov", "CountyLocalID": "6093", "GERS_ID": "05053120-67c2-4b81-b50b-42ae3bf95b44", "ConflationStatus": "CONFLATED", "Source": "FRESNO_COUNTY_GIS_OVERTURE_CONFLATED", "HNO": "2326", "PRD": "N", "STN": "BRYAN", "STS": "AVE", "Unit": null, "CommunityName": "FRESNO", "County": "FRESNO", "State": "CA", "PostCode": "93723", "SpatialOffsetMeters": 0.01}}, {"type": "Feature", "geometry": {"type": "Point", "coordinates": [-119.888014651599, 36.769149784309]}, "properties": {"SSAP_NGUID": "urn:emergency:uid:gis:SSAP:6097:fresnocountyca.gov", "DisclID": "fresnocountyca.gov", "CountyLocalID": "6097", "GERS_ID": "72a6d54c-659e-4b64-ac21-fbb25cdfc9e9", "ConflationStatus": "CONFLATED", "Source": "FRESNO_COUNTY_GIS_OVERTURE_CONFLATED", "HNO": "5437", "PRD": "W", "STN": "YALE", "STS": "AVE", "Unit": null, "CommunityName": "FRESNO", "County": "FRESNO", "State": "CA", "PostCode": "93722", "SpatialOffsetMeters": 0.01}}, {"type": "Feature", "geometry": {"type": "Point", "coordinates": [-119.92820989145, 36.7334282637227]}, "properties": {"SSAP_NGUID": "urn:emergency:uid:gis:SSAP:6183:fresnocountyca.gov", "DisclID": "fresnocountyca.gov", "CountyLocalID": "6183", "GERS_ID": "31440de0-221e-4b24-b5a6-947b9e4d1b57", "ConflationStatus": "CONFLATED", "Source": "FRESNO_COUNTY_GIS_OVERTURE_CONFLATED", "HNO": "7513", "PRD": "W", "STN": "WHITES BRIDGE", "STS": "AVE", "Unit": null, "CommunityName": "FRESNO", "County": "FRESNO", "State": "CA", "PostCode": "93706", "SpatialOffsetMeters": 0.0}}, {"type": "Feature", "geometry": {"type": "Point", "coordinates": [-119.869250875834, 36.7046015306097]}, "properties": {"SSAP_NGUID": "urn:emergency:uid:gis:SSAP:6199:fresnocountyca.gov", "DisclID": "fresnocountyca.gov", "CountyLocalID": "6199", "GERS_ID": "1e6b7e21-96b6-4bcd-94c8-b1c0a79b9bbf", "ConflationStatus": "CONFLATED", "Source": "FRESNO_COUNTY_GIS_OVERTURE_CONFLATED", "HNO": "2166", "PRD": "S", "STN": "BLYTHE", "STS": "AVE", "Unit": null, "CommunityName": "FRESNO", "County": "FRESNO", "State": "CA", "PostCode": "93706", "SpatialOffsetMeters": 0.0}}, {"type": "Feature", "geometry": {"type": "Point", "coordinates": [-119.661714352562, 36.7043458326447]}, "properties": {"SSAP_NGUID": "urn:emergency:uid:gis:SSAP:6231:fresnocountyca.gov", "DisclID": "fresnocountyca.gov", "CountyLocalID": "6231", "GERS_ID": "c7ae41f2-72e7-4a69-a259-e2553b9e137c", "ConflationStatus": "CONFLATED", "Source": "FRESNO_COUNTY_GIS_OVERTURE_CONFLATED", "HNO": "2250", "PRD": "S", "STN": "TEMPERANCE", "STS": "AVE", "Unit": null, "CommunityName": "FRESNO", "County": "FRESNO", "State": "CA", "PostCode": "93725", "SpatialOffsetMeters": 0.01}}, {"type": "Feature", "geometry": {"type": "Point", "coordinates": [-119.66632764142, 36.7029569598672]}, "properties": {"SSAP_NGUID": "urn:emergency:uid:gis:SSAP:6287:fresnocountyca.gov", "DisclID": "fresnocountyca.gov", "CountyLocalID": "6287", "GERS_ID": "7bff8bac-90f2-4046-a0f5-ebf7ab510941", "ConflationStatus": "CONFLATED", "Source": "FRESNO_COUNTY_GIS_OVERTURE_CONFLATED", "HNO": "2399", "PRD": "S", "STN": "TEMPERANCE", "STS": "AVE", "Unit": null, "CommunityName": "FRESNO", "County": "FRESNO", "State": "CA", "PostCode": "93725", "SpatialOffsetMeters": 0.01}}, {"type": "Feature", "geometry": {"type": "Point", "coordinates": [-119.86078284812, 36.7728121074554]}, "properties": {"SSAP_NGUID": "urn:emergency:uid:gis:SSAP:7183:fresnocountyca.gov", "DisclID": "fresnocountyca.gov", "CountyLocalID": "7183", "GERS_ID": "513dc5fe-62aa-440b-9726-81919b2e2887", "ConflationStatus": "CONFLATED", "Source": "FRESNO_COUNTY_GIS_OVERTURE_CONFLATED", "HNO": "3734", "PRD": "W", "STN": "CLINTON", "STS": "AVE", "Unit": null, "CommunityName": "FRESNO", "County": "FRESNO", "State": "CA", "PostCode": "93722", "SpatialOffsetMeters": 0.01}}, {"type": "Feature", "geometry": {"type": "Point", "coordinates": [-119.899498289224, 36.772760622829]}, "properties": {"SSAP_NGUID": "urn:emergency:uid:gis:SSAP:7207:fresnocountyca.gov", "DisclID": "fresnocountyca.gov", "CountyLocalID": "7207", "GERS_ID": "b716ff46-7bde-4527-bb0e-8aad0de6d924", "ConflationStatus": "CONFLATED", "Source": "FRESNO_COUNTY_GIS_OVERTURE_CONFLATED", "HNO": "2551", "PRD": "N", "STN": "HAYES", "STS": "AVE", "Unit": null, "CommunityName": "FRESNO", "County": "FRESNO", "State": "CA", "PostCode": "93723", "SpatialOffsetMeters": 0.0}}, {"type": "Feature", "geometry": {"type": "Point", "coordinates": [-119.884072610976, 36.7715460512456]}, "properties": {"SSAP_NGUID": "urn:emergency:uid:gis:SSAP:7227:fresnocountyca.gov", "DisclID": "fresnocountyca.gov", "CountyLocalID": "7227", "GERS_ID": "d8101674-5086-47fd-8806-e6d05db1e807", "ConflationStatus": "CONFLATED", "Source": "FRESNO_COUNTY_GIS_OVERTURE_CONFLATED", "HNO": "5195", "PRD": "W", "STN": "CLINTON", "STS": "AVE", "Unit": null, "CommunityName": "FRESNO", "County": "FRESNO", "State": "CA", "PostCode": "93722", "SpatialOffsetMeters": 0.01}}, {"type": "Feature", "geometry": {"type": "Point", "coordinates": [-119.890994155189, 36.7708141828207]}, "properties": {"SSAP_NGUID": "urn:emergency:uid:gis:SSAP:7255:fresnocountyca.gov", "DisclID": "fresnocountyca.gov", "CountyLocalID": "7255", "GERS_ID": "08594a9e-d6c4-459b-9957-87ef145cc0fa", "ConflationStatus": "CONFLATED", "Source": "FRESNO_COUNTY_GIS_OVERTURE_CONFLATED", "HNO": "5569", "PRD": "W", "STN": "CLINTON", "STS": "AVE", "Unit": null, "CommunityName": "FRESNO", "County": "FRESNO", "State": "CA", "PostCode": "93722", "SpatialOffsetMeters": 0.01}}, {"type": "Feature", "geometry": {"type": "Point", "coordinates": [-119.675221828476, 36.658795290125]}, "properties": {"SSAP_NGUID": "urn:emergency:uid:gis:SSAP:8002:fresnocountyca.gov", "DisclID": "fresnocountyca.gov", "CountyLocalID": "8002", "GERS_ID": "cb3c8bbb-ddb4-4080-8462-1ec0560b37ed", "ConflationStatus": "CONFLATED", "Source": "FRESNO_COUNTY_GIS_OVERTURE_CONFLATED", "HNO": "5279", "PRD": "S", "STN": "ARMSTRONG", "STS": "AVE", "Unit": null, "CommunityName": "FOWLER", "County": "FRESNO", "State": "CA", "PostCode": "93625", "SpatialOffsetMeters": 0.0}}, {"type": "Feature", "geometry": {"type": "Point", "coordinates": [-119.744842094898, 36.6545132076654]}, "properties": {"SSAP_NGUID": "urn:emergency:uid:gis:SSAP:8006:fresnocountyca.gov", "DisclID": "fresnocountyca.gov", "CountyLocalID": "8006", "GERS_ID": "c1b91678-331c-4e88-92a2-dfb2f840819e", "ConflationStatus": "CONFLATED", "Source": "FRESNO_COUNTY_GIS_OVERTURE_CONFLATED", "HNO": "5586", "PRD": "S", "STN": "MAPLE", "STS": "AVE", "Unit": null, "CommunityName": "FRESNO", "County": "FRESNO", "State": "CA", "PostCode": "93725", "SpatialOffsetMeters": 0.0}}, {"type": "Feature", "geometry": {"type": "Point", "coordinates": [-119.785023081629, 36.6532281378916]}, "properties": {"SSAP_NGUID": "urn:emergency:uid:gis:SSAP:8009:fresnocountyca.gov", "DisclID": "fresnocountyca.gov", "CountyLocalID": "8009", "GERS_ID": "243b674c-b677-43ca-a116-ef7e06b1738b", "ConflationStatus": "CONFLATED", "Source": "FRESNO_COUNTY_GIS_OVERTURE_CONFLATED", "HNO": "308", "PRD": "E", "STN": "FANTZ", "STS": "AVE", "Unit": null, "CommunityName": "FRESNO", "County": "FRESNO", "State": "CA", "PostCode": "93706", "SpatialOffsetMeters": 0.0}}, {"type": "Feature", "geometry": {"type": "Point", "coordinates": [-119.906676086721, 36.7682703481028]}, "properties": {"SSAP_NGUID": "urn:emergency:uid:gis:SSAP:8091:fresnocountyca.gov", "DisclID": "fresnocountyca.gov", "CountyLocalID": "8091", "GERS_ID": "52a5c1b4-9418-4beb-ae4e-0631a4d27767", "ConflationStatus": "CONFLATED", "Source": "FRESNO_COUNTY_GIS_OVERTURE_CONFLATED", "HNO": "2254", "PRD": "N", "STN": "BRYAN", "STS": "AVE", "Unit": null, "CommunityName": "FRESNO", "County": "FRESNO", "State": "CA", "PostCode": "93723", "SpatialOffsetMeters": 0.01}}, {"type": "Feature", "geometry": {"type": "Point", "coordinates": [-119.926690304842, 36.7660589284892]}, "properties": {"SSAP_NGUID": "urn:emergency:uid:gis:SSAP:8109:fresnocountyca.gov", "DisclID": "fresnocountyca.gov", "CountyLocalID": "8109", "GERS_ID": "261b73ec-d97a-4e9e-a05b-a861f581f21a", "ConflationStatus": "CONFLATED", "Source": "FRESNO_COUNTY_GIS_OVERTURE_CONFLATED", "HNO": "7630", "PRD": "W", "STN": "MCKINLEY", "STS": "AVE", "Unit": null, "CommunityName": "FRESNO", "County": "FRESNO", "State": "CA", "PostCode": "93723", "SpatialOffsetMeters": 0.0}}, {"type": "Feature", "geometry": {"type": "Point", "coordinates": [-119.912603049448, 36.7662129548154]}, "properties": {"SSAP_NGUID": "urn:emergency:uid:gis:SSAP:8113:fresnocountyca.gov", "DisclID": "fresnocountyca.gov", "CountyLocalID": "8113", "GERS_ID": "d296cc6b-ff8b-48c4-8d19-1df2db883222", "ConflationStatus": "CONFLATED", "Source": "FRESNO_COUNTY_GIS_OVERTURE_CONFLATED", "HNO": "6760", "PRD": "W", "STN": "MCKINLEY", "STS": "AVE", "Unit": null, "CommunityName": "FRESNO", "County": "FRESNO", "State": "CA", "PostCode": "93723", "SpatialOffsetMeters": 0.01}}, {"type": "Feature", "geometry": {"type": "Point", "coordinates": [-119.920153817437, 36.7652140576824]}, "properties": {"SSAP_NGUID": "urn:emergency:uid:gis:SSAP:8153:fresnocountyca.gov", "DisclID": "fresnocountyca.gov", "CountyLocalID": "8153", "GERS_ID": "c3f63421-df4e-45b7-a211-d8de8d0e51e9", "ConflationStatus": "CONFLATED", "Source": "FRESNO_COUNTY_GIS_OVERTURE_CONFLATED", "HNO": "7208", "PRD": "W", "STN": "MCKINLEY", "STS": "AVE", "Unit": null, "CommunityName": "FRESNO", "County": "FRESNO", "State": "CA", "PostCode": "93723", "SpatialOffsetMeters": 0.01}}, {"type": "Feature", "geometry": {"type": "Point", "coordinates": [-119.908795505741, 36.75687657808]}, "properties": {"SSAP_NGUID": "urn:emergency:uid:gis:SSAP:8185:fresnocountyca.gov", "DisclID": "fresnocountyca.gov", "CountyLocalID": "8185", "GERS_ID": "1dc2db00-3645-445b-a34d-1e044343c799", "ConflationStatus": "CONFLATED", "Source": "FRESNO_COUNTY_GIS_OVERTURE_CONFLATED", "HNO": "6591", "PRD": "W", "STN": "OLIVE", "STS": "AVE", "Unit": null, "CommunityName": "FRESNO", "County": "FRESNO", "State": "CA", "PostCode": "93723", "SpatialOffsetMeters": 0.0}}, {"type": "Feature", "geometry": {"type": "Point", "coordinates": [-119.908769612181, 36.7556443764966]}, "properties": {"SSAP_NGUID": "urn:emergency:uid:gis:SSAP:8221:fresnocountyca.gov", "DisclID": "fresnocountyca.gov", "CountyLocalID": "8221", "GERS_ID": "b75bcca4-edbf-432c-8fbc-b2450dcf6e01", "ConflationStatus": "CONFLATED", "Source": "FRESNO_COUNTY_GIS_OVERTURE_CONFLATED", "HNO": "1384", "PRD": "N", "STN": "ENSLEY", "STS": "LN", "Unit": null, "CommunityName": "FRESNO", "County": "FRESNO", "State": "CA", "PostCode": "93723", "SpatialOffsetMeters": 0.0}}, {"type": "Feature", "geometry": {"type": "Point", "coordinates": [-119.908893921442, 36.7538727661355]}, "properties": {"SSAP_NGUID": "urn:emergency:uid:gis:SSAP:8281:fresnocountyca.gov", "DisclID": "fresnocountyca.gov", "CountyLocalID": "8281", "GERS_ID": "ae6851ae-2bdd-4ff1-91f6-8ebf8df66e6a", "ConflationStatus": "CONFLATED", "Source": "FRESNO_COUNTY_GIS_OVERTURE_CONFLATED", "HNO": "1318", "PRD": "N", "STN": "ENSLEY", "STS": "LN", "Unit": null, "CommunityName": "FRESNO", "County": "FRESNO", "State": "CA", "PostCode": "93723", "SpatialOffsetMeters": 0.0}}, {"type": "Feature", "geometry": {"type": "Point", "coordinates": [-119.897396973558, 36.7539655196963]}, "properties": {"SSAP_NGUID": "urn:emergency:uid:gis:SSAP:8283:fresnocountyca.gov", "DisclID": "fresnocountyca.gov", "CountyLocalID": "8283", "GERS_ID": "714d8692-2c6f-40ed-affe-298943683c41", "ConflationStatus": "CONFLATED", "Source": "FRESNO_COUNTY_GIS_OVERTURE_CONFLATED", "HNO": "1286", "PRD": "N", "STN": "HAYES", "STS": "AVE", "Unit": null, "CommunityName": "FRESNO", "County": "FRESNO", "State": "CA", "PostCode": "93277", "SpatialOffsetMeters": 0.0}}, {"type": "Feature", "geometry": {"type": "Point", "coordinates": [-119.815834654131, 36.6513344394211]}, "properties": {"SSAP_NGUID": "urn:emergency:uid:gis:SSAP:8424:fresnocountyca.gov", "DisclID": "fresnocountyca.gov", "CountyLocalID": "8424", "GERS_ID": "7106b1af-48ed-46c3-b5b8-f7857c2e8c92", "ConflationStatus": "CONFLATED", "Source": "FRESNO_COUNTY_GIS_OVERTURE_CONFLATED", "HNO": "5748", "PRD": "S", "STN": "FRUIT", "STS": "AVE", "Unit": null, "CommunityName": "FRESNO", "County": "FRESNO", "State": "CA", "PostCode": "93706", "SpatialOffsetMeters": 0.01}}, {"type": "Feature", "geometry": {"type": "Point", "coordinates": [-119.784358802678, 36.6517210215163]}, "properties": {"SSAP_NGUID": "urn:emergency:uid:gis:SSAP:8432:fresnocountyca.gov", "DisclID": "fresnocountyca.gov", "CountyLocalID": "8432", "GERS_ID": "2da54ebe-e589-43ee-bfd9-03c67503a8f1", "ConflationStatus": "CONFLATED", "Source": "FRESNO_COUNTY_GIS_OVERTURE_CONFLATED", "HNO": "355", "PRD": "E", "STN": "FANTZ", "STS": "AVE", "Unit": null, "CommunityName": "FRESNO", "County": "FRESNO", "State": "CA", "PostCode": "93706", "SpatialOffsetMeters": 0.0}}, {"type": "Feature", "geometry": {"type": "Point", "coordinates": [-119.654558706793, 36.652850538336]}, "properties": {"SSAP_NGUID": "urn:emergency:uid:gis:SSAP:8438:fresnocountyca.gov", "DisclID": "fresnocountyca.gov", "CountyLocalID": "8438", "GERS_ID": "163d2a90-9908-4c80-a273-6235bcee3150", "ConflationStatus": "CONFLATED", "Source": "FRESNO_COUNTY_GIS_OVERTURE_CONFLATED", "HNO": "5674", "PRD": "S", "STN": "LOCAN", "STS": "AVE", "Unit": null, "CommunityName": "FOWLER", "County": "FRESNO", "State": "CA", "PostCode": "93625", "SpatialOffsetMeters": 0.0}}, {"type": "Feature", "geometry": {"type": "Point", "coordinates": [-119.680053610017, 36.6506918947189]}, "properties": {"SSAP_NGUID": "urn:emergency:uid:gis:SSAP:8441:fresnocountyca.gov", "DisclID": "fresnocountyca.gov", "CountyLocalID": "8441", "GERS_ID": "aab6dfc7-666e-4b78-b3ea-38b6e338323a", "ConflationStatus": "CONFLATED", "Source": "FRESNO_COUNTY_GIS_OVERTURE_CONFLATED", "HNO": "6220", "PRD": "E", "STN": "LINCOLN", "STS": "AVE", "Unit": null, "CommunityName": "FOWLER", "County": "FRESNO", "State": "CA", "PostCode": "93625", "SpatialOffsetMeters": 0.0}}, {"type": "Feature", "geometry": {"type": "Point", "coordinates": [-119.783131517431, 36.650306287188]}, "properties": {"SSAP_NGUID": "urn:emergency:uid:gis:SSAP:8442:fresnocountyca.gov", "DisclID": "fresnocountyca.gov", "CountyLocalID": "8442", "GERS_ID": "c5105f25-6139-4f14-b8b4-dc202a7897ab", "ConflationStatus": "CONFLATED", "Source": "FRESNO_COUNTY_GIS_OVERTURE_CONFLATED", "HNO": "5891", "PRD": "S", "STN": "CHERRY", "STS": "AVE", "Unit": null, "CommunityName": "FRESNO", "County": "FRESNO", "State": "CA", "PostCode": "93706", "SpatialOffsetMeters": 0.0}}, {"type": "Feature", "geometry": {"type": "Point", "coordinates": [-119.787438049151, 36.6508232071654]}, "properties": {"SSAP_NGUID": "urn:emergency:uid:gis:SSAP:8443:fresnocountyca.gov", "DisclID": "fresnocountyca.gov", "CountyLocalID": "8443", "GERS_ID": "69e37ae8-fead-4be5-a4f2-5aa488d349f5", "ConflationStatus": "CONFLATED", "Source": "FRESNO_COUNTY_GIS_OVERTURE_CONFLATED", "HNO": "163", "PRD": "E", "STN": "HOPKINS", "STS": "AVE", "Unit": null, "CommunityName": "FRESNO", "County": "FRESNO", "State": "CA", "PostCode": "93706", "SpatialOffsetMeters": 0.01}}, {"type": "Feature", "geometry": {"type": "Point", "coordinates": [-119.716907060627, 36.651853478191]}, "properties": {"SSAP_NGUID": "urn:emergency:uid:gis:SSAP:8445:fresnocountyca.gov", "DisclID": "fresnocountyca.gov", "CountyLocalID": "8445", "GERS_ID": "498c3b26-3700-4602-9d55-58aa8eb784e4", "ConflationStatus": "CONFLATED", "Source": "FRESNO_COUNTY_GIS_OVERTURE_CONFLATED", "HNO": "5788", "PRD": "S", "STN": "PEACH", "STS": "AVE", "Unit": null, "CommunityName": "FRESNO", "County": "FRESNO", "State": "CA", "PostCode": "93725", "SpatialOffsetMeters": 0.01}}, {"type": "Feature", "geometry": {"type": "Point", "coordinates": [-119.891265036548, 36.7794069686355]}, "properties": {"SSAP_NGUID": "urn:emergency:uid:gis:SSAP:8832:fresnocountyca.gov", "DisclID": "fresnocountyca.gov", "CountyLocalID": "8832", "GERS_ID": "dcdcd9c4-f0dd-4d4d-9453-1cac48d96f41", "ConflationStatus": "CONFLATED", "Source": "FRESNO_COUNTY_GIS_OVERTURE_CONFLATED", "HNO": "5590", "PRD": "W", "STN": "SHIELDS", "STS": "AVE", "Unit": null, "CommunityName": "FRESNO", "County": "FRESNO", "State": "CA", "PostCode": "93722", "SpatialOffsetMeters": 0.01}}, {"type": "Feature", "geometry": {"type": "Point", "coordinates": [-119.877380848007, 36.7796635873159]}, "properties": {"SSAP_NGUID": "urn:emergency:uid:gis:SSAP:8856:fresnocountyca.gov", "DisclID": "fresnocountyca.gov", "CountyLocalID": "8856", "GERS_ID": "24c4ceb6-8382-4459-bbed-1e6d9d82073f", "ConflationStatus": "CONFLATED", "Source": "FRESNO_COUNTY_GIS_OVERTURE_CONFLATED", "HNO": "4675", "PRD": "W", "STN": "ANDREWS", "STS": "AVE", "Unit": null, "CommunityName": "FRESNO", "County": "FRESNO", "State": "CA", "PostCode": "93722", "SpatialOffsetMeters": 0.01}}, {"type": "Feature", "geometry": {"type": "Point", "coordinates": [-119.898555069514, 36.7649036331778]}, "properties": {"SSAP_NGUID": "urn:emergency:uid:gis:SSAP:8903:fresnocountyca.gov", "DisclID": "fresnocountyca.gov", "CountyLocalID": "8903", "GERS_ID": "23387821-1ea5-4085-a282-4c823ffc0719", "ConflationStatus": "CONFLATED", "Source": "FRESNO_COUNTY_GIS_OVERTURE_CONFLATED", "HNO": "6024", "PRD": "W", "STN": "MCKINLEY", "STS": "AVE", "Unit": null, "CommunityName": "FRESNO", "County": "FRESNO", "State": "CA", "PostCode": "93723", "SpatialOffsetMeters": 0.01}}, {"type": "Feature", "geometry": {"type": "Point", "coordinates": [-119.887338083683, 36.7785025617995]}, "properties": {"SSAP_NGUID": "urn:emergency:uid:gis:SSAP:8922:fresnocountyca.gov", "DisclID": "fresnocountyca.gov", "CountyLocalID": "8922", "GERS_ID": "b7061332-1f69-4d37-a6b2-eb39d13edec7", "ConflationStatus": "CONFLATED", "Source": "FRESNO_COUNTY_GIS_OVERTURE_CONFLATED", "HNO": "5397", "PRD": "W", "STN": "SHIELDS", "STS": "AVE", "Unit": null, "CommunityName": "FRESNO", "County": "FRESNO", "State": "CA", "PostCode": "93722", "SpatialOffsetMeters": 0.0}}, {"type": "Feature", "geometry": {"type": "Point", "coordinates": [-119.927498403636, 36.7769141931322]}, "properties": {"SSAP_NGUID": "urn:emergency:uid:gis:SSAP:8930:fresnocountyca.gov", "DisclID": "fresnocountyca.gov", "CountyLocalID": "8930", "GERS_ID": "123e63f0-a4b5-463a-897f-4abb4262efe1", "ConflationStatus": "CONFLATED", "Source": "FRESNO_COUNTY_GIS_OVERTURE_CONFLATED", "HNO": "2903", "PRD": "N", "STN": "GARFIELD", "STS": "AVE", "Unit": null, "CommunityName": "FRESNO", "County": "FRESNO", "State": "CA", "PostCode": "93723", "SpatialOffsetMeters": 0.0}}, {"type": "Feature", "geometry": {"type": "Point", "coordinates": [-119.88634899361, 36.776624732597]}, "properties": {"SSAP_NGUID": "urn:emergency:uid:gis:SSAP:8962:fresnocountyca.gov", "DisclID": "fresnocountyca.gov", "CountyLocalID": "8962", "GERS_ID": "e45e0cbb-a76c-41c8-ac14-4da461d0ce33", "ConflationStatus": "CONFLATED", "Source": "FRESNO_COUNTY_GIS_OVERTURE_CONFLATED", "HNO": "2801", "PRD": "N", "STN": "WESTERN", "STS": "AVE", "Unit": null, "CommunityName": "FRESNO", "County": "FRESNO", "State": "CA", "PostCode": "93722", "SpatialOffsetMeters": 0.0}}, {"type": "Feature", "geometry": {"type": "Point", "coordinates": [-119.885198232909, 36.7766940741143]}, "properties": {"SSAP_NGUID": "urn:emergency:uid:gis:SSAP:8966:fresnocountyca.gov", "DisclID": "fresnocountyca.gov", "CountyLocalID": "8966", "GERS_ID": "96d98b4b-db67-4e16-b04b-1f46a7390b6e", "ConflationStatus": "CONFLATED", "Source": "FRESNO_COUNTY_GIS_OVERTURE_CONFLATED", "HNO": "2806", "PRD": "N", "STN": "WESTERN", "STS": "AVE", "Unit": null, "CommunityName": "FRESNO", "County": "FRESNO", "State": "CA", "PostCode": "93722", "SpatialOffsetMeters": 0.0}}, {"type": "Feature", "geometry": {"type": "Point", "coordinates": [-119.890437286992, 36.776968290033]}, "properties": {"SSAP_NGUID": "urn:emergency:uid:gis:SSAP:8978:fresnocountyca.gov", "DisclID": "fresnocountyca.gov", "CountyLocalID": "8978", "GERS_ID": "cf8086bf-4199-48dd-b7bb-ab552d93bb67", "ConflationStatus": "CONFLATED", "Source": "FRESNO_COUNTY_GIS_OVERTURE_CONFLATED", "HNO": "2809", "PRD": "N", "STN": "POLK", "STS": "AVE", "Unit": null, "CommunityName": "FRESNO", "County": "FRESNO", "State": "CA", "PostCode": "93722", "SpatialOffsetMeters": 0.0}}, {"type": "Feature", "geometry": {"type": "Point", "coordinates": [-119.903182216582, 36.7629334146096]}, "properties": {"SSAP_NGUID": "urn:emergency:uid:gis:SSAP:8979:fresnocountyca.gov", "DisclID": "fresnocountyca.gov", "CountyLocalID": "8979", "GERS_ID": "8c4e3b99-4cea-45ca-ab50-0b612acdeed2", "ConflationStatus": "CONFLATED", "Source": "FRESNO_COUNTY_GIS_OVERTURE_CONFLATED", "HNO": "1856", "PRD": "N", "STN": "RING", "STS": "AVE", "Unit": null, "CommunityName": "FRESNO", "County": "FRESNO", "State": "CA", "PostCode": "93723", "SpatialOffsetMeters": 0.0}}, {"type": "Feature", "geometry": {"type": "Point", "coordinates": [-119.915091466732, 36.774518576399]}, "properties": {"SSAP_NGUID": "urn:emergency:uid:gis:SSAP:8986:fresnocountyca.gov", "DisclID": "fresnocountyca.gov", "CountyLocalID": "8986", "GERS_ID": "8c516b0e-5f2c-4462-8d91-df0a51d4f235", "ConflationStatus": "CONFLATED", "Source": "FRESNO_COUNTY_GIS_OVERTURE_CONFLATED", "HNO": "2652", "PRD": "N", "STN": "GRANTLAND", "STS": "AVE", "Unit": null, "CommunityName": "FRESNO", "County": "FRESNO", "State": "CA", "PostCode": "93723", "SpatialOffsetMeters": 0.0}}, {"type": "Feature", "geometry": {"type": "Point", "coordinates": [-119.949755032835, 36.7745805096951]}, "properties": {"SSAP_NGUID": "urn:emergency:uid:gis:SSAP:8994:fresnocountyca.gov", "DisclID": "fresnocountyca.gov", "CountyLocalID": "8994", "GERS_ID": "d959016c-bb9f-40d3-b758-2e51634fb983", "ConflationStatus": "CONFLATED", "Source": "FRESNO_COUNTY_GIS_OVERTURE_CONFLATED", "HNO": "2674", "PRD": "N", "STN": "WESTLAWN", "STS": "AVE", "Unit": null, "CommunityName": "FRESNO", "County": "FRESNO", "State": "CA", "PostCode": "93723", "SpatialOffsetMeters": 0.0}}, {"type": "Feature", "geometry": {"type": "Point", "coordinates": [-119.91509735877, 36.7750157330851]}, "properties": {"SSAP_NGUID": "urn:emergency:uid:gis:SSAP:8998:fresnocountyca.gov", "DisclID": "fresnocountyca.gov", "CountyLocalID": "8998", "GERS_ID": "dd0d0999-76e8-4bc0-912f-90679c731712", "ConflationStatus": "CONFLATED", "Source": "FRESNO_COUNTY_GIS_OVERTURE_CONFLATED", "HNO": "2714", "PRD": "N", "STN": "GRANTLAND", "STS": "AVE", "Unit": null, "CommunityName": "FRESNO", "County": "FRESNO", "State": "CA", "PostCode": "93723", "SpatialOffsetMeters": 0.01}}, {"type": "Feature", "geometry": {"type": "Point", "coordinates": [-119.88522933508, 36.7757989468623]}, "properties": {"SSAP_NGUID": "urn:emergency:uid:gis:SSAP:9002:fresnocountyca.gov", "DisclID": "fresnocountyca.gov", "CountyLocalID": "9002", "GERS_ID": "acaf02aa-da9c-4891-b967-2bcdf5c81a84", "ConflationStatus": "CONFLATED", "Source": "FRESNO_COUNTY_GIS_OVERTURE_CONFLATED", "HNO": "2780", "PRD": "N", "STN": "WESTERN", "STS": "AVE", "Unit": null, "CommunityName": "FRESNO", "County": "FRESNO", "State": "CA", "PostCode": "93722", "SpatialOffsetMeters": 0.01}}, {"type": "Feature", "geometry": {"type": "Point", "coordinates": [-119.903793435016, 36.7532526164029]}, "properties": {"SSAP_NGUID": "urn:emergency:uid:gis:SSAP:9054:fresnocountyca.gov", "DisclID": "fresnocountyca.gov", "CountyLocalID": "9054", "GERS_ID": "90cf53c4-6daf-42be-9f34-51c426121d2b", "ConflationStatus": "CONFLATED", "Source": "FRESNO_COUNTY_GIS_OVERTURE_CONFLATED", "HNO": "1224", "PRD": "N", "STN": "RING", "STS": "AVE", "Unit": null, "CommunityName": "FRESNO", "County": "FRESNO", "State": "CA", "PostCode": "93723", "SpatialOffsetMeters": 0.0}}, {"type": "Feature", "geometry": {"type": "Point", "coordinates": [-119.895912605428, 36.7597660913434]}, "properties": {"SSAP_NGUID": "urn:emergency:uid:gis:SSAP:9071:fresnocountyca.gov", "DisclID": "fresnocountyca.gov", "CountyLocalID": "9071", "GERS_ID": "8b9b682e-4d37-4112-8c79-f7a823bec1e8", "ConflationStatus": "CONFLATED", "Source": "FRESNO_COUNTY_GIS_OVERTURE_CONFLATED", "HNO": "1640", "PRD": "N", "STN": "HAYES", "STS": "AVE", "Unit": null, "CommunityName": "FRESNO", "County": "FRESNO", "State": "CA", "PostCode": "93723", "SpatialOffsetMeters": 0.0}}, {"type": "Feature", "geometry": {"type": "Point", "coordinates": [-119.863728602112, 36.7525916872937]}, "properties": {"SSAP_NGUID": "urn:emergency:uid:gis:SSAP:9074:fresnocountyca.gov", "DisclID": "fresnocountyca.gov", "CountyLocalID": "9074", "GERS_ID": "2664c755-0a4d-4304-86a3-371a5f864112", "ConflationStatus": "CONFLATED", "Source": "FRESNO_COUNTY_GIS_OVERTURE_CONFLATED", "HNO": "1137", "PRD": "N", "STN": "BRAWLEY", "STS": "AVE", "Unit": null, "CommunityName": "FRESNO", "County": "FRESNO", "State": "CA", "PostCode": "93722", "SpatialOffsetMeters": 0.0}}, {"type": "Feature", "geometry": {"type": "Point", "coordinates": [-119.900875831208, 36.7521658064086]}, "properties": {"SSAP_NGUID": "urn:emergency:uid:gis:SSAP:9078:fresnocountyca.gov", "DisclID": "fresnocountyca.gov", "CountyLocalID": "9078", "GERS_ID": "6ba7cc7d-d46d-4a2c-8648-91f46902b91d", "ConflationStatus": "CONFLATED", "Source": "FRESNO_COUNTY_GIS_OVERTURE_CONFLATED", "HNO": "6133", "PRD": "W", "STN": "DUDLEY", "STS": "AVE", "Unit": null, "CommunityName": "FRESNO", "County": "FRESNO", "State": "CA", "PostCode": "93723", "SpatialOffsetMeters": 0.0}}, {"type": "Feature", "geometry": {"type": "Point", "coordinates": [-119.912453870162, 36.7508406280129]}, "properties": {"SSAP_NGUID": "urn:emergency:uid:gis:SSAP:9090:fresnocountyca.gov", "DisclID": "fresnocountyca.gov", "CountyLocalID": "9090", "GERS_ID": "06ab5bac-efea-40cd-9b06-4e34d903576c", "ConflationStatus": "CONFLATED", "Source": "FRESNO_COUNTY_GIS_OVERTURE_CONFLATED", "HNO": "6764", "PRD": "W", "STN": "BELMONT", "STS": "AVE", "Unit": null, "CommunityName": "FRESNO", "County": "FRESNO", "State": "CA", "PostCode": "93723", "SpatialOffsetMeters": 0.0}}, {"type": "Feature", "geometry": {"type": "Point", "coordinates": [-119.91497447959, 36.7591305054701]}, "properties": {"SSAP_NGUID": "urn:emergency:uid:gis:SSAP:9091:fresnocountyca.gov", "DisclID": "fresnocountyca.gov", "CountyLocalID": "9091", "GERS_ID": "4bdc1e61-2590-439d-ab4f-02f7aa45b313", "ConflationStatus": "CONFLATED", "Source": "FRESNO_COUNTY_GIS_OVERTURE_CONFLATED", "HNO": "1634", "PRD": "N", "STN": "GRANTLAND", "STS": "AVE", "Unit": null, "CommunityName": "FRESNO", "County": "FRESNO", "State": "CA", "PostCode": "93723", "SpatialOffsetMeters": 0.0}}, {"type": "Feature", "geometry": {"type": "Point", "coordinates": [-119.883352904167, 36.750996762224]}, "properties": {"SSAP_NGUID": "urn:emergency:uid:gis:SSAP:9094:fresnocountyca.gov", "DisclID": "fresnocountyca.gov", "CountyLocalID": "9094", "GERS_ID": "2b004304-fec3-496f-ad47-c08a13b327f3", "ConflationStatus": "CONFLATED", "Source": "FRESNO_COUNTY_GIS_OVERTURE_CONFLATED", "HNO": "5152", "PRD": "W", "STN": "BELMONT", "STS": "AVE", "Unit": null, "CommunityName": "FRESNO", "County": "FRESNO", "State": "CA", "PostCode": "93723", "SpatialOffsetMeters": 0.0}}, {"type": "Feature", "geometry": {"type": "Point", "coordinates": [-119.897280478805, 36.7587861174915]}, "properties": {"SSAP_NGUID": "urn:emergency:uid:gis:SSAP:9115:fresnocountyca.gov", "DisclID": "fresnocountyca.gov", "CountyLocalID": "9115", "GERS_ID": "6cd6e223-2e20-456c-a887-2d4b48d1422b", "ConflationStatus": "CONFLATED", "Source": "FRESNO_COUNTY_GIS_OVERTURE_CONFLATED", "HNO": "1600", "PRD": "N", "STN": "HAYES", "STS": "AVE", "Unit": null, "CommunityName": "FRESNO", "County": "FRESNO", "State": "CA", "PostCode": "93723", "SpatialOffsetMeters": 0.0}}, {"type": "Feature", "geometry": {"type": "Point", "coordinates": [-119.867344475865, 36.7496196157632]}, "properties": {"SSAP_NGUID": "urn:emergency:uid:gis:SSAP:9122:fresnocountyca.gov", "DisclID": "fresnocountyca.gov", "CountyLocalID": "9122", "GERS_ID": "26a58457-da3a-4370-b651-e8dd194d9ba4", "ConflationStatus": "CONFLATED", "Source": "FRESNO_COUNTY_GIS_OVERTURE_CONFLATED", "HNO": "4247", "PRD": "W", "STN": "BELMONT", "STS": "AVE", "Unit": null, "CommunityName": "FRESNO", "County": "FRESNO", "State": "CA", "PostCode": "93706", "SpatialOffsetMeters": 0.0}}, {"type": "Feature", "geometry": {"type": "Point", "coordinates": [-119.87237775434, 36.758821325543]}, "properties": {"SSAP_NGUID": "urn:emergency:uid:gis:SSAP:9123:fresnocountyca.gov", "DisclID": "fresnocountyca.gov", "CountyLocalID": "9123", "GERS_ID": "0425eded-7df4-438c-8b2a-0ba44b72957d", "ConflationStatus": "CONFLATED", "Source": "FRESNO_COUNTY_GIS_OVERTURE_CONFLATED", "HNO": "1501", "PRD": "N", "STN": "BLYTHE", "STS": "AVE", "Unit": null, "CommunityName": "FRESNO", "County": "FRESNO", "State": "CA", "PostCode": "93722", "SpatialOffsetMeters": 0.01}}, {"type": "Feature", "geometry": {"type": "Point", "coordinates": [-119.863843002073, 36.7488634068242]}, "properties": {"SSAP_NGUID": "urn:emergency:uid:gis:SSAP:9130:fresnocountyca.gov", "DisclID": "fresnocountyca.gov", "CountyLocalID": "9130", "GERS_ID": "78565cfe-ddd8-4faf-a024-b7502153a3b1", "ConflationStatus": "CONFLATED", "Source": "FRESNO_COUNTY_GIS_OVERTURE_CONFLATED", "HNO": "4057", "PRD": "W", "STN": "BELMONT", "STS": "AVE", "Unit": null, "CommunityName": "FRESNO", "County": "FRESNO", "State": "CA", "PostCode": "93722", "SpatialOffsetMeters": 0.0}}, {"type": "Feature", "geometry": {"type": "Point", "coordinates": [-119.861189469744, 36.7487703438733]}, "properties": {"SSAP_NGUID": "urn:emergency:uid:gis:SSAP:9134:fresnocountyca.gov", "DisclID": "fresnocountyca.gov", "CountyLocalID": "9134", "GERS_ID": "8844d215-c5cb-44d0-aa36-951c36783141", "ConflationStatus": "CONFLATED", "Source": "FRESNO_COUNTY_GIS_OVERTURE_CONFLATED", "HNO": "772", "PRD": "N", "STN": "BRAWLEY", "STS": "AVE", "Unit": null, "CommunityName": "FRESNO", "County": "FRESNO", "State": "CA", "PostCode": "93722", "SpatialOffsetMeters": 0.01}}, {"type": "Feature", "geometry": {"type": "Point", "coordinates": [-119.872778671816, 36.7476401529146]}, "properties": {"SSAP_NGUID": "urn:emergency:uid:gis:SSAP:9139:fresnocountyca.gov", "DisclID": "fresnocountyca.gov", "CountyLocalID": "9139", "GERS_ID": "6ef05a1d-c502-463f-a2fb-155748d34869", "ConflationStatus": "CONFLATED", "Source": "FRESNO_COUNTY_GIS_OVERTURE_CONFLATED", "HNO": "693", "PRD": "N", "STN": "BLYTHE", "STS": "AVE", "Unit": null, "CommunityName": "FRESNO", "County": "FRESNO", "State": "CA", "PostCode": "93706", "SpatialOffsetMeters": 0.01}}, {"type": "Feature", "geometry": {"type": "Point", "coordinates": [-119.893181287834, 36.7477187997828]}, "properties": {"SSAP_NGUID": "urn:emergency:uid:gis:SSAP:9150:fresnocountyca.gov", "DisclID": "fresnocountyca.gov", "CountyLocalID": "9150", "GERS_ID": "14dd8165-b7f8-418a-b912-6b9ddc4bf61a", "ConflationStatus": "CONFLATED", "Source": "FRESNO_COUNTY_GIS_OVERTURE_CONFLATED", "HNO": "5538", "PRD": "W", "STN": "MCKENZIE", "STS": "AVE", "Unit": null, "CommunityName": "FRESNO", "County": "FRESNO", "State": "CA", "PostCode": "93723", "SpatialOffsetMeters": 0.0}}, {"type": "Feature", "geometry": {"type": "Point", "coordinates": [-119.942285334685, 36.7140200371618]}, "properties": {"SSAP_NGUID": "urn:emergency:uid:gis:SSAP:9260:fresnocountyca.gov", "DisclID": "fresnocountyca.gov", "CountyLocalID": "9260", "GERS_ID": "fa8d0d16-4dc2-401b-9a8f-60739f077f06", "ConflationStatus": "CONFLATED", "Source": "FRESNO_COUNTY_GIS_OVERTURE_CONFLATED", "HNO": "1472", "PRD": "S", "STN": "MONROE", "STS": "AVE", "Unit": null, "CommunityName": "FRESNO", "County": "FRESNO", "State": "CA", "PostCode": "93706", "SpatialOffsetMeters": 0.01}}, {"type": "Feature", "geometry": {"type": "Point", "coordinates": [-119.845015238962, 36.6989935900815]}, "properties": {"SSAP_NGUID": "urn:emergency:uid:gis:SSAP:9527:fresnocountyca.gov", "DisclID": "fresnocountyca.gov", "CountyLocalID": "9527", "GERS_ID": "3e3b8d29-b0c3-455d-8334-02dee2b46552", "ConflationStatus": "CONFLATED", "Source": "FRESNO_COUNTY_GIS_OVERTURE_CONFLATED", "HNO": "3043", "PRD": "W", "STN": "ANNADALE", "STS": "AVE", "Unit": null, "CommunityName": "FRESNO", "County": "FRESNO", "State": "CA", "PostCode": "93706", "SpatialOffsetMeters": 0.0}}, {"type": "Feature", "geometry": {"type": "Point", "coordinates": [-119.845015238962, 36.6989935900815]}, "properties": {"SSAP_NGUID": "urn:emergency:uid:gis:SSAP:9531:fresnocountyca.gov", "DisclID": "fresnocountyca.gov", "CountyLocalID": "9531", "GERS_ID": "f0975bad-019a-4fb8-922f-49515bd6f496", "ConflationStatus": "CONFLATED", "Source": "FRESNO_COUNTY_GIS_OVERTURE_CONFLATED", "HNO": "3033", "PRD": "W", "STN": "ANNADALE", "STS": "AVE", "Unit": null, "CommunityName": "FRESNO", "County": "FRESNO", "State": "CA", "PostCode": "93706", "SpatialOffsetMeters": 0.0}}, {"type": "Feature", "geometry": {"type": "Point", "coordinates": [-119.846694024551, 36.6984102999687]}, "properties": {"SSAP_NGUID": "urn:emergency:uid:gis:SSAP:9548:fresnocountyca.gov", "DisclID": "fresnocountyca.gov", "CountyLocalID": "9548", "GERS_ID": "ec2d6c6e-0b02-4f06-875e-358b6ee56545", "ConflationStatus": "CONFLATED", "Source": "FRESNO_COUNTY_GIS_OVERTURE_CONFLATED", "HNO": "3133", "PRD": "W", "STN": "ANNADALE", "STS": "AVE", "Unit": null, "CommunityName": "FRESNO", "County": "FRESNO", "State": "CA", "PostCode": "93706", "SpatialOffsetMeters": 0.0}}, {"type": "Feature", "geometry": {"type": "Point", "coordinates": [-119.810863407626, 36.6979739659883]}, "properties": {"SSAP_NGUID": "urn:emergency:uid:gis:SSAP:9560:fresnocountyca.gov", "DisclID": "fresnocountyca.gov", "CountyLocalID": "9560", "GERS_ID": "597bb601-9103-4903-9d14-90c2e423f516", "ConflationStatus": "CONFLATED", "Source": "FRESNO_COUNTY_GIS_OVERTURE_CONFLATED", "HNO": "2830", "PRD": "S", "STN": "WALNUT", "STS": "AVE", "Unit": null, "CommunityName": "FRESNO", "County": "FRESNO", "State": "CA", "PostCode": "93706", "SpatialOffsetMeters": 0.0}}, {"type": "Feature", "geometry": {"type": "Point", "coordinates": [-119.944374536582, 36.6970083677156]}, "properties": {"SSAP_NGUID": "urn:emergency:uid:gis:SSAP:9564:fresnocountyca.gov", "DisclID": "fresnocountyca.gov", "CountyLocalID": "9564", "GERS_ID": "1c7bb910-8461-432c-96f3-5e9778804895", "ConflationStatus": "CONFLATED", "Source": "FRESNO_COUNTY_GIS_OVERTURE_CONFLATED", "HNO": "8275", "PRD": "W", "STN": "ANNADALE", "STS": "AVE", "Unit": null, "CommunityName": "FRESNO", "County": "FRESNO", "State": "CA", "PostCode": "93706", "SpatialOffsetMeters": 0.01}}, {"type": "Feature", "geometry": {"type": "Point", "coordinates": [-119.860139140047, 36.6978207264345]}, "properties": {"SSAP_NGUID": "urn:emergency:uid:gis:SSAP:9571:fresnocountyca.gov", "DisclID": "fresnocountyca.gov", "CountyLocalID": "9571", "GERS_ID": "b9ee6d71-a49c-4483-97cc-c03306c8610a", "ConflationStatus": "CONFLATED", "Source": "FRESNO_COUNTY_GIS_OVERTURE_CONFLATED", "HNO": "2474", "PRD": "S", "STN": "BRAWLEY", "STS": "AVE", "Unit": null, "CommunityName": "FRESNO", "County": "FRESNO", "State": "CA", "PostCode": "93706", "SpatialOffsetMeters": 0.01}}, {"type": "Feature", "geometry": {"type": "Point", "coordinates": [-119.938041687469, 36.6961633462655]}, "properties": {"SSAP_NGUID": "urn:emergency:uid:gis:SSAP:9618:fresnocountyca.gov", "DisclID": "fresnocountyca.gov", "CountyLocalID": "9618", "GERS_ID": "0be3cab2-b6dd-4627-bc61-e2fa03f382a5", "ConflationStatus": "CONFLATED", "Source": "FRESNO_COUNTY_GIS_OVERTURE_CONFLATED", "HNO": "2583", "PRD": "S", "STN": "CHATEAU FRESNO", "STS": "AVE", "Unit": null, "CommunityName": "FRESNO", "County": "FRESNO", "State": "CA", "PostCode": "93706", "SpatialOffsetMeters": 0.01}}, {"type": "Feature", "geometry": {"type": "Point", "coordinates": [-119.860199444512, 36.6964539865173]}, "properties": {"SSAP_NGUID": "urn:emergency:uid:gis:SSAP:9630:fresnocountyca.gov", "DisclID": "fresnocountyca.gov", "CountyLocalID": "9630", "GERS_ID": "29cd9652-77ae-40e5-a250-5fa7dbaa4598", "ConflationStatus": "CONFLATED", "Source": "FRESNO_COUNTY_GIS_OVERTURE_CONFLATED", "HNO": "2588", "PRD": "S", "STN": "BRAWLEY", "STS": "AVE", "Unit": null, "CommunityName": "FRESNO", "County": "FRESNO", "State": "CA", "PostCode": "93706", "SpatialOffsetMeters": 0.01}}, {"type": "Feature", "geometry": {"type": "Point", "coordinates": [-119.679405366481, 36.6938444550321]}, "properties": {"SSAP_NGUID": "urn:emergency:uid:gis:SSAP:9698:fresnocountyca.gov", "DisclID": "fresnocountyca.gov", "CountyLocalID": "9698", "GERS_ID": "c388b896-a33d-44b0-b2dd-89a0f5fcfa09", "ConflationStatus": "CONFLATED", "Source": "FRESNO_COUNTY_GIS_OVERTURE_CONFLATED", "HNO": "2912", "PRD": "S", "STN": "FOWLER", "STS": "AVE", "Unit": null, "CommunityName": "FRESNO", "County": "FRESNO", "State": "CA", "PostCode": "93725", "SpatialOffsetMeters": 0.01}}, {"type": "Feature", "geometry": {"type": "Point", "coordinates": [-119.851170587828, 36.6884412504294]}, "properties": {"SSAP_NGUID": "urn:emergency:uid:gis:SSAP:9711:fresnocountyca.gov", "DisclID": "fresnocountyca.gov", "CountyLocalID": "9711", "GERS_ID": "f7131b18-7d29-466e-b6a3-bff2e753a1b0", "ConflationStatus": "CONFLATED", "Source": "FRESNO_COUNTY_GIS_OVERTURE_CONFLATED", "HNO": "3036", "PRD": "S", "STN": "VALENTINE", "STS": "AVE", "Unit": null, "CommunityName": "FRESNO", "County": "FRESNO", "State": "CA", "PostCode": "93706", "SpatialOffsetMeters": 0.01}}, {"type": "Feature", "geometry": {"type": "Point", "coordinates": [-119.836750788465, 36.6887096275359]}, "properties": {"SSAP_NGUID": "urn:emergency:uid:gis:SSAP:9719:fresnocountyca.gov", "DisclID": "fresnocountyca.gov", "CountyLocalID": "9719", "GERS_ID": "e2d038d7-3b11-4de4-bcab-9417d69906f0", "ConflationStatus": "CONFLATED", "Source": "FRESNO_COUNTY_GIS_OVERTURE_CONFLATED", "HNO": "3199", "PRD": "S", "STN": "HUGHES", "STS": "AVE", "Unit": null, "CommunityName": "FRESNO", "County": "FRESNO", "State": "CA", "PostCode": "93706", "SpatialOffsetMeters": 0.0}}, {"type": "Feature", "geometry": {"type": "Point", "coordinates": [-119.868313312153, 36.6856982653644]}, "properties": {"SSAP_NGUID": "urn:emergency:uid:gis:SSAP:9751:fresnocountyca.gov", "DisclID": "fresnocountyca.gov", "CountyLocalID": "9751", "GERS_ID": "b86ee815-8132-4af1-a5a7-75eb16711fa8", "ConflationStatus": "CONFLATED", "Source": "FRESNO_COUNTY_GIS_OVERTURE_CONFLATED", "HNO": "4214", "PRD": "W", "STN": "MUSCAT", "STS": "AVE", "Unit": null, "CommunityName": "FRESNO", "County": "FRESNO", "State": "CA", "PostCode": "93706", "SpatialOffsetMeters": 0.0}}, {"type": "Feature", "geometry": {"type": "Point", "coordinates": [-119.70104981909, 36.6910741991786]}, "properties": {"SSAP_NGUID": "urn:emergency:uid:gis:SSAP:9790:fresnocountyca.gov", "DisclID": "fresnocountyca.gov", "CountyLocalID": "9790", "GERS_ID": "03b6b88c-1426-459b-9774-fb48d8b9c84c", "ConflationStatus": "CONFLATED", "Source": "FRESNO_COUNTY_GIS_OVERTURE_CONFLATED", "HNO": "3123", "PRD": "S", "STN": "CLOVIS", "STS": "AVE", "Unit": null, "CommunityName": "FRESNO", "County": "FRESNO", "State": "CA", "PostCode": "93725", "SpatialOffsetMeters": 0.0}}, {"type": "Feature", "geometry": {"type": "Point", "coordinates": [-119.652134448355, 36.6878130768967]}, "properties": {"SSAP_NGUID": "urn:emergency:uid:gis:SSAP:9791:fresnocountyca.gov", "DisclID": "fresnocountyca.gov", "CountyLocalID": "9791", "GERS_ID": "1b078aba-a966-4336-aa9b-071c96519587", "ConflationStatus": "CONFLATED", "Source": "FRESNO_COUNTY_GIS_OVERTURE_CONFLATED", "HNO": "7606", "PRD": "E", "STN": "MUSCAT", "STS": "AVE", "Unit": null, "CommunityName": "FRESNO", "County": "FRESNO", "State": "CA", "PostCode": "93725", "SpatialOffsetMeters": 0.01}}, {"type": "Feature", "geometry": {"type": "Point", "coordinates": [-119.717214047191, 36.6911595539608]}, "properties": {"SSAP_NGUID": "urn:emergency:uid:gis:SSAP:9798:fresnocountyca.gov", "DisclID": "fresnocountyca.gov", "CountyLocalID": "9798", "GERS_ID": "d8cfaaaa-174e-4450-b3d4-53a4fb7f3390", "ConflationStatus": "CONFLATED", "Source": "FRESNO_COUNTY_GIS_OVERTURE_CONFLATED", "HNO": "3102", "PRD": "S", "STN": "PEACH", "STS": "AVE", "Unit": null, "CommunityName": "FRESNO", "County": "FRESNO", "State": "CA", "PostCode": "93725", "SpatialOffsetMeters": 0.01}}, {"type": "Feature", "geometry": {"type": "Point", "coordinates": [-119.733325336968, 36.6850423705596]}, "properties": {"SSAP_NGUID": "urn:emergency:uid:gis:SSAP:9815:fresnocountyca.gov", "DisclID": "fresnocountyca.gov", "CountyLocalID": "9815", "GERS_ID": "86ee7677-f644-4f6a-b9af-2a35303ad4c6", "ConflationStatus": "CONFLATED", "Source": "FRESNO_COUNTY_GIS_OVERTURE_CONFLATED", "HNO": "3271", "PRD": "E", "STN": "MUSCAT", "STS": "AVE", "Unit": null, "CommunityName": "FRESNO", "County": "FRESNO", "State": "CA", "PostCode": "93725", "SpatialOffsetMeters": 0.01}}, {"type": "Feature", "geometry": {"type": "Point", "coordinates": [-119.717215530499, 36.691638818798]}, "properties": {"SSAP_NGUID": "urn:emergency:uid:gis:SSAP:9822:fresnocountyca.gov", "DisclID": "fresnocountyca.gov", "CountyLocalID": "9822", "GERS_ID": "135339e7-5c47-41ac-b463-3ef9602f86d6", "ConflationStatus": "CONFLATED", "Source": "FRESNO_COUNTY_GIS_OVERTURE_CONFLATED", "HNO": "3072", "PRD": "S", "STN": "PEACH", "STS": "AVE", "Unit": null, "CommunityName": "FRESNO", "County": "FRESNO", "State": "CA", "PostCode": "93725", "SpatialOffsetMeters": 0.0}}, {"type": "Feature", "geometry": {"type": "Point", "coordinates": [-119.693269182285, 36.6852446253612]}, "properties": {"SSAP_NGUID": "urn:emergency:uid:gis:SSAP:9823:fresnocountyca.gov", "DisclID": "fresnocountyca.gov", "CountyLocalID": "9823", "GERS_ID": "19ffc854-283c-4c33-97ed-4d6547e115c4", "ConflationStatus": "CONFLATED", "Source": "FRESNO_COUNTY_GIS_OVERTURE_CONFLATED", "HNO": "3283", "PRD": "S", "STN": "SUNNYSIDE", "STS": "AVE", "Unit": null, "CommunityName": "FRESNO", "County": "FRESNO", "State": "CA", "PostCode": "93725", "SpatialOffsetMeters": 0.0}}, {"type": "Feature", "geometry": {"type": "Point", "coordinates": [-119.74340026587, 36.6846808389802]}, "properties": {"SSAP_NGUID": "urn:emergency:uid:gis:SSAP:9831:fresnocountyca.gov", "DisclID": "fresnocountyca.gov", "CountyLocalID": "9831", "GERS_ID": "d7920c5e-3206-48ce-a9d3-357874b33ce2", "ConflationStatus": "CONFLATED", "Source": "FRESNO_COUNTY_GIS_OVERTURE_CONFLATED", "HNO": "3475", "PRD": "S", "STN": "GOLDEN STATE", "STS": "BLVD", "Unit": null, "CommunityName": "FRESNO", "County": "FRESNO", "State": "CA", "PostCode": "93725", "SpatialOffsetMeters": 0.01}}, {"type": "Feature", "geometry": {"type": "Point", "coordinates": [-119.81114591089, 36.6836327863256]}, "properties": {"SSAP_NGUID": "urn:emergency:uid:gis:SSAP:9839:fresnocountyca.gov", "DisclID": "fresnocountyca.gov", "CountyLocalID": "9839", "GERS_ID": "1a3ff314-2d9c-4c5d-9e7f-f1298a5255ca", "ConflationStatus": "CONFLATED", "Source": "FRESNO_COUNTY_GIS_OVERTURE_CONFLATED", "HNO": "3435", "PRD": "S", "STN": "WALNUT", "STS": "AVE", "Unit": null, "CommunityName": "FRESNO", "County": "FRESNO", "State": "CA", "PostCode": "93706", "SpatialOffsetMeters": 0.0}}, {"type": "Feature", "geometry": {"type": "Point", "coordinates": [-119.850209804016, 36.683370921229]}, "properties": {"SSAP_NGUID": "urn:emergency:uid:gis:SSAP:9848:fresnocountyca.gov", "DisclID": "fresnocountyca.gov", "CountyLocalID": "9848", "GERS_ID": "5f2d7828-7e02-4160-90dd-fbe07ab51518", "ConflationStatus": "CONFLATED", "Source": "FRESNO_COUNTY_GIS_OVERTURE_CONFLATED", "HNO": "3251", "PRD": "W", "STN": "BERAN", "STS": "WAY", "Unit": null, "CommunityName": "FRESNO", "County": "FRESNO", "State": "CA", "PostCode": "93706", "SpatialOffsetMeters": 0.0}}, {"type": "Feature", "geometry": {"type": "Point", "coordinates": [-119.788468794772, 36.6840334961472]}, "properties": {"SSAP_NGUID": "urn:emergency:uid:gis:SSAP:9856:fresnocountyca.gov", "DisclID": "fresnocountyca.gov", "CountyLocalID": "9856", "GERS_ID": "10fe8527-45c6-4b29-8671-651eaca4cea1", "ConflationStatus": "CONFLATED", "Source": "FRESNO_COUNTY_GIS_OVERTURE_CONFLATED", "HNO": "3450", "PRD": "S", "STN": "ELM", "STS": "AVE", "Unit": null, "CommunityName": "FRESNO", "County": "FRESNO", "State": "CA", "PostCode": "93706", "SpatialOffsetMeters": 0.0}}, {"type": "Feature", "geometry": {"type": "Point", "coordinates": [-119.70039447786, 36.6902645914664]}, "properties": {"SSAP_NGUID": "urn:emergency:uid:gis:SSAP:9857:fresnocountyca.gov", "DisclID": "fresnocountyca.gov", "CountyLocalID": "9857", "GERS_ID": "0a3af5ee-1466-4bed-89a4-79a013aa0864", "ConflationStatus": "CONFLATED", "Source": "FRESNO_COUNTY_GIS_OVERTURE_CONFLATED", "HNO": "3177", "PRD": "S", "STN": "CLOVIS", "STS": "AVE", "Unit": null, "CommunityName": "FRESNO", "County": "FRESNO", "State": "CA", "PostCode": "93725", "SpatialOffsetMeters": 0.0}}, {"type": "Feature", "geometry": {"type": "Point", "coordinates": [-119.73421568105, 36.6829138911388]}, "properties": {"SSAP_NGUID": "urn:emergency:uid:gis:SSAP:9864:fresnocountyca.gov", "DisclID": "fresnocountyca.gov", "CountyLocalID": "9864", "GERS_ID": "4a6ed7ae-beb8-4ef0-918a-c36d4da33f99", "ConflationStatus": "CONFLATED", "Source": "FRESNO_COUNTY_GIS_OVERTURE_CONFLATED", "HNO": "3621", "PRD": "S", "STN": "HARDING", "STS": "AVE", "Unit": null, "CommunityName": "FRESNO", "County": "FRESNO", "State": "CA", "PostCode": "93725", "SpatialOffsetMeters": 0.0}}, {"type": "Feature", "geometry": {"type": "Point", "coordinates": [-119.742318038075, 36.6767749649142]}, "properties": {"SSAP_NGUID": "urn:emergency:uid:gis:SSAP:9865:fresnocountyca.gov", "DisclID": "fresnocountyca.gov", "CountyLocalID": "9865", "GERS_ID": "3aa74677-72ac-4b9b-949a-4fc8db83a97f", "ConflationStatus": "CONFLATED", "Source": "FRESNO_COUNTY_GIS_OVERTURE_CONFLATED", "HNO": "2581", "PRD": "E", "STN": "CENTRAL", "STS": "AVE", "Unit": null, "CommunityName": "FRESNO", "County": "FRESNO", "State": "CA", "PostCode": "93725", "SpatialOffsetMeters": 0.01}}, {"type": "Feature", "geometry": {"type": "Point", "coordinates": [-119.736044854034, 36.6829459071031]}, "properties": {"SSAP_NGUID": "urn:emergency:uid:gis:SSAP:9872:fresnocountyca.gov", "DisclID": "fresnocountyca.gov", "CountyLocalID": "9872", "GERS_ID": "fca8e51a-df26-47f1-a92e-a4b3f8cb1d0a", "ConflationStatus": "CONFLATED", "Source": "FRESNO_COUNTY_GIS_OVERTURE_CONFLATED", "HNO": "3545", "PRD": "S", "STN": "CALVIN", "STS": "AVE", "Unit": null, "CommunityName": "FRESNO", "County": "FRESNO", "State": "CA", "PostCode": "93725", "SpatialOffsetMeters": 0.01}}, {"type": "Feature", "geometry": {"type": "Point", "coordinates": [-119.791228789425, 36.67389270108]}, "properties": {"SSAP_NGUID": "urn:emergency:uid:gis:SSAP:9891:fresnocountyca.gov", "DisclID": "fresnocountyca.gov", "CountyLocalID": "9891", "GERS_ID": "3df6c040-6bf2-411e-9abb-62c6c9540b27", "ConflationStatus": "CONFLATED", "Source": "FRESNO_COUNTY_GIS_OVERTURE_CONFLATED", "HNO": "4219", "PRD": "S", "STN": "ELM", "STS": "AVE", "Unit": null, "CommunityName": "FRESNO", "County": "FRESNO", "State": "CA", "PostCode": "93706", "SpatialOffsetMeters": 0.0}}, {"type": "Feature", "geometry": {"type": "Point", "coordinates": [-119.773433789156, 36.6744286874284]}, "properties": {"SSAP_NGUID": "urn:emergency:uid:gis:SSAP:9895:fresnocountyca.gov", "DisclID": "fresnocountyca.gov", "CountyLocalID": "9895", "GERS_ID": "4eb0ff96-218c-4740-ab9e-dbfce5e5fad5", "ConflationStatus": "CONFLATED", "Source": "FRESNO_COUNTY_GIS_OVERTURE_CONFLATED", "HNO": "4209", "PRD": "S", "STN": "EAST", "STS": "AVE", "Unit": null, "CommunityName": "FRESNO", "County": "FRESNO", "State": "CA", "PostCode": "93725", "SpatialOffsetMeters": 0.0}}, {"type": "Feature", "geometry": {"type": "Point", "coordinates": [-119.81549326139, 36.6732556887571]}, "properties": {"SSAP_NGUID": "urn:emergency:uid:gis:SSAP:9897:fresnocountyca.gov", "DisclID": "fresnocountyca.gov", "CountyLocalID": "9897", "GERS_ID": "ad140421-39e1-4dc0-9082-8a5c125fb467", "ConflationStatus": "CONFLATED", "Source": "FRESNO_COUNTY_GIS_OVERTURE_CONFLATED", "HNO": "4260", "PRD": "S", "STN": "FRUIT", "STS": "AVE", "Unit": null, "CommunityName": "FRESNO", "County": "FRESNO", "State": "CA", "PostCode": "93706", "SpatialOffsetMeters": 0.0}}, {"type": "Feature", "geometry": {"type": "Point", "coordinates": [-119.682395740575, 36.6839574397871]}, "properties": {"SSAP_NGUID": "urn:emergency:uid:gis:SSAP:9903:fresnocountyca.gov", "DisclID": "fresnocountyca.gov", "CountyLocalID": "9903", "GERS_ID": "79e5a857-a960-47a4-b898-ee08a9974eb9", "ConflationStatus": "CONFLATED", "Source": "FRESNO_COUNTY_GIS_OVERTURE_CONFLATED", "HNO": "3525", "PRD": "S", "STN": "FOWLER", "STS": "AVE", "Unit": null, "CommunityName": "FRESNO", "County": "FRESNO", "State": "CA", "PostCode": "93725", "SpatialOffsetMeters": 0.01}}, {"type": "Feature", "geometry": {"type": "Point", "coordinates": [-119.792629578606, 36.6736801029412]}, "properties": {"SSAP_NGUID": "urn:emergency:uid:gis:SSAP:9906:fresnocountyca.gov", "DisclID": "fresnocountyca.gov", "CountyLocalID": "9906", "GERS_ID": "fd665ab7-210b-4b3f-92de-dce27eda0045", "ConflationStatus": "CONFLATED", "Source": "FRESNO_COUNTY_GIS_OVERTURE_CONFLATED", "HNO": "4231", "PRD": "S", "STN": "ELM", "STS": "AVE", "Unit": null, "CommunityName": "FRESNO", "County": "FRESNO", "State": "CA", "PostCode": "93706", "SpatialOffsetMeters": 0.0}}, {"type": "Feature", "geometry": {"type": "Point", "coordinates": [-119.782488337383, 36.6746212583588]}, "properties": {"SSAP_NGUID": "urn:emergency:uid:gis:SSAP:9908:fresnocountyca.gov", "DisclID": "fresnocountyca.gov", "CountyLocalID": "9908", "GERS_ID": "dcbcba6c-5951-4536-9266-4c7e451bd8c9", "ConflationStatus": "CONFLATED", "Source": "FRESNO_COUNTY_GIS_OVERTURE_CONFLATED", "HNO": "4175", "PRD": "S", "STN": "CHERRY", "STS": "AVE", "Unit": null, "CommunityName": "FRESNO", "County": "FRESNO", "State": "CA", "PostCode": "93706", "SpatialOffsetMeters": 0.01}}, {"type": "Feature", "geometry": {"type": "Point", "coordinates": [-119.779918123992, 36.6728704466045]}, "properties": {"SSAP_NGUID": "urn:emergency:uid:gis:SSAP:9910:fresnocountyca.gov", "DisclID": "fresnocountyca.gov", "CountyLocalID": "9910", "GERS_ID": "67ed2e48-45a8-448f-97cf-d4225c356520", "ConflationStatus": "CONFLATED", "Source": "FRESNO_COUNTY_GIS_OVERTURE_CONFLATED", "HNO": "490", "PRD": "E", "STN": "BRITTEN", "STS": "AVE", "Unit": null, "CommunityName": "FRESNO", "County": "FRESNO", "State": "CA", "PostCode": "93706", "SpatialOffsetMeters": 0.01}}, {"type": "Feature", "geometry": {"type": "Point", "coordinates": [-119.735963389544, 36.6837876462103]}, "properties": {"SSAP_NGUID": "urn:emergency:uid:gis:SSAP:9911:fresnocountyca.gov", "DisclID": "fresnocountyca.gov", "CountyLocalID": "9911", "GERS_ID": "fd877cae-8eb4-4d1e-bc3c-1a32a5e4fb05", "ConflationStatus": "CONFLATED", "Source": "FRESNO_COUNTY_GIS_OVERTURE_CONFLATED", "HNO": "3524", "PRD": "S", "STN": "CALVIN", "STS": "AVE", "Unit": null, "CommunityName": "FRESNO", "County": "FRESNO", "State": "CA", "PostCode": "93725", "SpatialOffsetMeters": 0.01}}, {"type": "Feature", "geometry": {"type": "Point", "coordinates": [-119.766555787153, 36.6715191809818]}, "properties": {"SSAP_NGUID": "urn:emergency:uid:gis:SSAP:9918:fresnocountyca.gov", "DisclID": "fresnocountyca.gov", "CountyLocalID": "9918", "GERS_ID": "bb41179a-79c5-4ab4-a59c-73e0f75b778f", "ConflationStatus": "CONFLATED", "Source": "FRESNO_COUNTY_GIS_OVERTURE_CONFLATED", "HNO": "1290", "PRD": "E", "STN": "MALAGA", "STS": "AVE", "Unit": null, "CommunityName": "FRESNO", "County": "FRESNO", "State": "CA", "PostCode": "93725", "SpatialOffsetMeters": 0.0}}, {"type": "Feature", "geometry": {"type": "Point", "coordinates": [-119.655380174513, 36.6700671901898]}, "properties": {"SSAP_NGUID": "urn:emergency:uid:gis:SSAP:9926:fresnocountyca.gov", "DisclID": "fresnocountyca.gov", "CountyLocalID": "9926", "GERS_ID": "292e64bd-9ae8-4e1f-86f1-46d23639d05b", "ConflationStatus": "CONFLATED", "Source": "FRESNO_COUNTY_GIS_OVERTURE_CONFLATED", "HNO": "4505", "PRD": "S", "STN": "LOCAN", "STS": "AVE", "Unit": null, "CommunityName": "FRESNO", "County": "FRESNO", "State": "CA", "PostCode": "93725", "SpatialOffsetMeters": 0.0}}, {"type": "Feature", "geometry": {"type": "Point", "coordinates": [-119.654066174889, 36.6704439957228]}, "properties": {"SSAP_NGUID": "urn:emergency:uid:gis:SSAP:9928:fresnocountyca.gov", "DisclID": "fresnocountyca.gov", "CountyLocalID": "9928", "GERS_ID": "4c3772bd-4019-4835-b013-f1c7aacbc1eb", "ConflationStatus": "CONFLATED", "Source": "FRESNO_COUNTY_GIS_OVERTURE_CONFLATED", "HNO": "4500", "PRD": "S", "STN": "LOCAN", "STS": "AVE", "Unit": null, "CommunityName": "FRESNO", "County": "FRESNO", "State": "CA", "PostCode": "93725", "SpatialOffsetMeters": 0.0}}, {"type": "Feature", "geometry": {"type": "Point", "coordinates": [-119.754148254329, 36.6701833733768]}, "properties": {"SSAP_NGUID": "urn:emergency:uid:gis:SSAP:9930:fresnocountyca.gov", "DisclID": "fresnocountyca.gov", "CountyLocalID": "9930", "GERS_ID": "88e9cd95-83b5-4c08-aac2-79bc341d32a7", "ConflationStatus": "CONFLATED", "Source": "FRESNO_COUNTY_GIS_OVERTURE_CONFLATED", "HNO": "2025", "PRD": "E", "STN": "MALAGA", "STS": "AVE", "Unit": null, "CommunityName": "FRESNO", "County": "FRESNO", "State": "CA", "PostCode": "93725", "SpatialOffsetMeters": 0.01}}, {"type": "Feature", "geometry": {"type": "Point", "coordinates": [-119.733369509006, 36.6821581871103]}, "properties": {"SSAP_NGUID": "urn:emergency:uid:gis:SSAP:9931:fresnocountyca.gov", "DisclID": "fresnocountyca.gov", "CountyLocalID": "9931", "GERS_ID": "e484a1e6-4a05-4448-8d9f-0f3a6b65e038", "ConflationStatus": "CONFLATED", "Source": "FRESNO_COUNTY_GIS_OVERTURE_CONFLATED", "HNO": "3715", "PRD": "S", "STN": "HARDING", "STS": "AVE", "Unit": null, "CommunityName": "FRESNO", "County": "FRESNO", "State": "CA", "PostCode": "93725", "SpatialOffsetMeters": 0.0}}, {"type": "Feature", "geometry": {"type": "Point", "coordinates": [-119.772335282206, 36.6665355163478]}, "properties": {"SSAP_NGUID": "urn:emergency:uid:gis:SSAP:9932:fresnocountyca.gov", "DisclID": "fresnocountyca.gov", "CountyLocalID": "9932", "GERS_ID": "56f4b7de-6059-4529-ab93-c16d11232d63", "ConflationStatus": "CONFLATED", "Source": "FRESNO_COUNTY_GIS_OVERTURE_CONFLATED", "HNO": "4624", "PRD": "S", "STN": "EAST", "STS": "AVE", "Unit": null, "CommunityName": "FRESNO", "County": "FRESNO", "State": "CA", "PostCode": "93725", "SpatialOffsetMeters": 0.0}}, {"type": "Feature", "geometry": {"type": "Point", "coordinates": [-119.873674951994, 36.6641712926748]}, "properties": {"SSAP_NGUID": "urn:emergency:uid:gis:SSAP:9934:fresnocountyca.gov", "DisclID": "fresnocountyca.gov", "CountyLocalID": "9934", "GERS_ID": "f76aea3f-cb9b-40c7-bf47-6520d2c1d6de", "ConflationStatus": "CONFLATED", "Source": "FRESNO_COUNTY_GIS_OVERTURE_CONFLATED", "HNO": "4747", "PRD": "S", "STN": "BLYTHE", "STS": "AVE", "Unit": null, "CommunityName": "FRESNO", "County": "FRESNO", "State": "CA", "PostCode": "93706", "SpatialOffsetMeters": 0.01}}, {"type": "Feature", "geometry": {"type": "Point", "coordinates": [-119.733732429397, 36.6824855917931]}, "properties": {"SSAP_NGUID": "urn:emergency:uid:gis:SSAP:9935:fresnocountyca.gov", "DisclID": "fresnocountyca.gov", "CountyLocalID": "9935", "GERS_ID": "004222b4-e9ae-4e74-b33c-2977a1d8d8d2", "ConflationStatus": "CONFLATED", "Source": "FRESNO_COUNTY_GIS_OVERTURE_CONFLATED", "HNO": "3260", "PRD": "E", "STN": "OLNEY", "STS": "AVE", "Unit": null, "CommunityName": "FRESNO", "County": "FRESNO", "State": "CA", "PostCode": "93725", "SpatialOffsetMeters": 0.0}}, {"type": "Feature", "geometry": {"type": "Point", "coordinates": [-119.79313786264, 36.6654349775087]}, "properties": {"SSAP_NGUID": "urn:emergency:uid:gis:SSAP:9938:fresnocountyca.gov", "DisclID": "fresnocountyca.gov", "CountyLocalID": "9938", "GERS_ID": "266a7f06-7b77-4c45-a32f-b325a87892ca", "ConflationStatus": "CONFLATED", "Source": "FRESNO_COUNTY_GIS_OVERTURE_CONFLATED", "HNO": "4677", "PRD": "S", "STN": "ELM", "STS": "AVE", "Unit": null, "CommunityName": "FRESNO", "County": "FRESNO", "State": "CA", "PostCode": "93706", "SpatialOffsetMeters": 0.0}}, {"type": "Feature", "geometry": {"type": "Point", "coordinates": [-119.780510554638, 36.6821937334334]}, "properties": {"SSAP_NGUID": "urn:emergency:uid:gis:SSAP:9939:fresnocountyca.gov", "DisclID": "fresnocountyca.gov", "CountyLocalID": "9939", "GERS_ID": "91fdb3bd-2fdc-4e99-8da5-24174c1ffc76", "ConflationStatus": "CONFLATED", "Source": "FRESNO_COUNTY_GIS_OVERTURE_CONFLATED", "HNO": "3590", "PRD": "S", "STN": "CHERRY", "STS": "AVE", "Unit": null, "CommunityName": "FRESNO", "County": "FRESNO", "State": "CA", "PostCode": "93706", "SpatialOffsetMeters": 0.01}}, {"type": "Feature", "geometry": {"type": "Point", "coordinates": [-119.652919456412, 36.6681383609182]}, "properties": {"SSAP_NGUID": "urn:emergency:uid:gis:SSAP:9940:fresnocountyca.gov", "DisclID": "fresnocountyca.gov", "CountyLocalID": "9940", "GERS_ID": "89ff69df-b83e-4de4-8406-a2b8d8486d77", "ConflationStatus": "CONFLATED", "Source": "FRESNO_COUNTY_GIS_OVERTURE_CONFLATED", "HNO": "4674", "PRD": "S", "STN": "LOCAN", "STS": "AVE", "Unit": null, "CommunityName": "FRESNO", "County": "FRESNO", "State": "CA", "PostCode": "93725", "SpatialOffsetMeters": 0.01}}, {"type": "Feature", "geometry": {"type": "Point", "coordinates": [-119.783683762906, 36.6822671226954]}, "properties": {"SSAP_NGUID": "urn:emergency:uid:gis:SSAP:9943:fresnocountyca.gov", "DisclID": "fresnocountyca.gov", "CountyLocalID": "9943", "GERS_ID": "c988d394-5094-4036-bd47-636e23cf91c0", "ConflationStatus": "CONFLATED", "Source": "FRESNO_COUNTY_GIS_OVERTURE_CONFLATED", "HNO": "3535", "PRD": "S", "STN": "CHERRY", "STS": "AVE", "Unit": null, "CommunityName": "FRESNO", "County": "FRESNO", "State": "CA", "PostCode": "93706", "SpatialOffsetMeters": 0.0}}, {"type": "Feature", "geometry": {"type": "Point", "coordinates": [-119.756560229115, 36.6678815720897]}, "properties": {"SSAP_NGUID": "urn:emergency:uid:gis:SSAP:9946:fresnocountyca.gov", "DisclID": "fresnocountyca.gov", "CountyLocalID": "9946", "GERS_ID": "de05f382-c0b7-4410-bf90-4b58c20bf521", "ConflationStatus": "CONFLATED", "Source": "FRESNO_COUNTY_GIS_OVERTURE_CONFLATED", "HNO": "4585", "PRD": "S", "STN": "CEDAR", "STS": "AVE", "Unit": null, "CommunityName": "FRESNO", "County": "FRESNO", "State": "CA", "PostCode": "93725", "SpatialOffsetMeters": 0.0}}, {"type": "Feature", "geometry": {"type": "Point", "coordinates": [-119.756560229115, 36.6678815720897]}, "properties": {"SSAP_NGUID": "urn:emergency:uid:gis:SSAP:9948:fresnocountyca.gov", "DisclID": "fresnocountyca.gov", "CountyLocalID": "9948", "GERS_ID": "f24c23ef-c9cf-44ac-86ac-14bbc13c0d75", "ConflationStatus": "CONFLATED", "Source": "FRESNO_COUNTY_GIS_OVERTURE_CONFLATED", "HNO": "4573", "PRD": "S", "STN": "CEDAR", "STS": "AVE", "Unit": null, "CommunityName": "FRESNO", "County": "FRESNO", "State": "CA", "PostCode": "93725", "SpatialOffsetMeters": 0.0}}, {"type": "Feature", "geometry": {"type": "Point", "coordinates": [-119.783539664793, 36.6678254502725]}, "properties": {"SSAP_NGUID": "urn:emergency:uid:gis:SSAP:9950:fresnocountyca.gov", "DisclID": "fresnocountyca.gov", "CountyLocalID": "9950", "GERS_ID": "781d33c1-ec06-4c8b-a391-4d8c8e1c9088", "ConflationStatus": "CONFLATED", "Source": "FRESNO_COUNTY_GIS_OVERTURE_CONFLATED", "HNO": "4585", "PRD": "S", "STN": "CHERRY", "STS": "AVE", "Unit": null, "CommunityName": "FRESNO", "County": "FRESNO", "State": "CA", "PostCode": "93706", "SpatialOffsetMeters": 0.01}}, {"type": "Feature", "geometry": {"type": "Point", "coordinates": [-119.664481225314, 36.6814686120824]}, "properties": {"SSAP_NGUID": "urn:emergency:uid:gis:SSAP:9951:fresnocountyca.gov", "DisclID": "fresnocountyca.gov", "CountyLocalID": "9951", "GERS_ID": "80168ea7-c970-4f19-870a-fe4b8630d9b0", "ConflationStatus": "CONFLATED", "Source": "FRESNO_COUNTY_GIS_OVERTURE_CONFLATED", "HNO": "3619", "PRD": "S", "STN": "TEMPERANCE", "STS": "AVE", "Unit": null, "CommunityName": "FRESNO", "County": "FRESNO", "State": "CA", "PostCode": "93725", "SpatialOffsetMeters": 0.0}}, {"type": "Feature", "geometry": {"type": "Point", "coordinates": [-119.662198802143, 36.6687116920088]}, "properties": {"SSAP_NGUID": "urn:emergency:uid:gis:SSAP:9952:fresnocountyca.gov", "DisclID": "fresnocountyca.gov", "CountyLocalID": "9952", "GERS_ID": "e00daf46-e5e3-4079-b769-fa5e3fae5da1", "ConflationStatus": "CONFLATED", "Source": "FRESNO_COUNTY_GIS_OVERTURE_CONFLATED", "HNO": "4736", "PRD": "S", "STN": "TEMPERANCE", "STS": "AVE", "Unit": null, "CommunityName": "FRESNO", "County": "FRESNO", "State": "CA", "PostCode": "93725", "SpatialOffsetMeters": 0.0}}, {"type": "Feature", "geometry": {"type": "Point", "coordinates": [-119.79871680163, 36.6634645454161]}, "properties": {"SSAP_NGUID": "urn:emergency:uid:gis:SSAP:9954:fresnocountyca.gov", "DisclID": "fresnocountyca.gov", "CountyLocalID": "9954", "GERS_ID": "a0a837e9-ea16-47bc-8c3d-93f703ec2392", "ConflationStatus": "CONFLATED", "Source": "FRESNO_COUNTY_GIS_OVERTURE_CONFLATED", "HNO": "464", "PRD": "W", "STN": "AMERICAN", "STS": "AVE", "Unit": null, "CommunityName": "FRESNO", "County": "FRESNO", "State": "CA", "PostCode": "93706", "SpatialOffsetMeters": 0.01}}, {"type": "Feature", "geometry": {"type": "Point", "coordinates": [-119.746249121065, 36.6638709871381]}, "properties": {"SSAP_NGUID": "urn:emergency:uid:gis:SSAP:9956:fresnocountyca.gov", "DisclID": "fresnocountyca.gov", "CountyLocalID": "9956", "GERS_ID": "4ae6719f-627e-497a-8b95-27c9bd59f586", "ConflationStatus": "CONFLATED", "Source": "FRESNO_COUNTY_GIS_OVERTURE_CONFLATED", "HNO": "2452", "PRD": "E", "STN": "AMERICAN", "STS": "AVE", "Unit": null, "CommunityName": "FRESNO", "County": "FRESNO", "State": "CA", "PostCode": "93625", "SpatialOffsetMeters": 0.0}}, {"type": "Feature", "geometry": {"type": "Point", "coordinates": [-119.802240418678, 36.6636106476527]}, "properties": {"SSAP_NGUID": "urn:emergency:uid:gis:SSAP:9958:fresnocountyca.gov", "DisclID": "fresnocountyca.gov", "CountyLocalID": "9958", "GERS_ID": "dda63a1e-892b-4490-97be-e0ccd9b562a4", "ConflationStatus": "CONFLATED", "Source": "FRESNO_COUNTY_GIS_OVERTURE_CONFLATED", "HNO": "514", "PRD": "W", "STN": "AMERICAN", "STS": "AVE", "Unit": null, "CommunityName": "FRESNO", "County": "FRESNO", "State": "CA", "PostCode": "93706", "SpatialOffsetMeters": 0.01}}, {"type": "Feature", "geometry": {"type": "Point", "coordinates": [-119.65615813353, 36.6645959699682]}, "properties": {"SSAP_NGUID": "urn:emergency:uid:gis:SSAP:9960:fresnocountyca.gov", "DisclID": "fresnocountyca.gov", "CountyLocalID": "9960", "GERS_ID": "e6886991-2baa-4747-a1d2-223b825de59c", "ConflationStatus": "CONFLATED", "Source": "FRESNO_COUNTY_GIS_OVERTURE_CONFLATED", "HNO": "4937", "PRD": "S", "STN": "LOCAN", "STS": "AVE", "Unit": null, "CommunityName": "FRESNO", "County": "FRESNO", "State": "CA", "PostCode": "93725", "SpatialOffsetMeters": 0.01}}, {"type": "Feature", "geometry": {"type": "Point", "coordinates": [-119.796180807335, 36.663824035119]}, "properties": {"SSAP_NGUID": "urn:emergency:uid:gis:SSAP:9962:fresnocountyca.gov", "DisclID": "fresnocountyca.gov", "CountyLocalID": "9962", "GERS_ID": "c9b0c6f2-1985-485b-8ae0-f9b0ff43e5e0", "ConflationStatus": "CONFLATED", "Source": "FRESNO_COUNTY_GIS_OVERTURE_CONFLATED", "HNO": "294", "PRD": "W", "STN": "AMERICAN", "STS": "AVE", "Unit": null, "CommunityName": "FRESNO", "County": "FRESNO", "State": "CA", "PostCode": "93706", "SpatialOffsetMeters": 0.0}}, {"type": "Feature", "geometry": {"type": "Point", "coordinates": [-119.808119744169, 36.6640200773138]}, "properties": {"SSAP_NGUID": "urn:emergency:uid:gis:SSAP:9964:fresnocountyca.gov", "DisclID": "fresnocountyca.gov", "CountyLocalID": "9964", "GERS_ID": "a8d8579d-e9f3-4959-8405-68bf3ef4b76b", "ConflationStatus": "CONFLATED", "Source": "FRESNO_COUNTY_GIS_OVERTURE_CONFLATED", "HNO": "978", "PRD": "W", "STN": "AMERICAN", "STS": "AVE", "Unit": null, "CommunityName": "FRESNO", "County": "FRESNO", "State": "CA", "PostCode": "93706", "SpatialOffsetMeters": 0.01}}, {"type": "Feature", "geometry": {"type": "Point", "coordinates": [-119.799455467278, 36.6643253444179]}, "properties": {"SSAP_NGUID": "urn:emergency:uid:gis:SSAP:9965:fresnocountyca.gov", "DisclID": "fresnocountyca.gov", "CountyLocalID": "9965", "GERS_ID": "f3973e3b-184c-4d63-9313-ec46e4ff36f2", "ConflationStatus": "CONFLATED", "Source": "FRESNO_COUNTY_GIS_OVERTURE_CONFLATED", "HNO": "4784", "PRD": "S", "STN": "FIG", "STS": "AVE", "Unit": null, "CommunityName": "FRESNO", "County": "FRESNO", "State": "CA", "PostCode": "93706", "SpatialOffsetMeters": 0.01}}, {"type": "Feature", "geometry": {"type": "Point", "coordinates": [-119.815342933231, 36.6617926717696]}, "properties": {"SSAP_NGUID": "urn:emergency:uid:gis:SSAP:9967:fresnocountyca.gov", "DisclID": "fresnocountyca.gov", "CountyLocalID": "9967", "GERS_ID": "0d5a3cf9-2b5a-4b20-81ad-1b957ede5d2c", "ConflationStatus": "CONFLATED", "Source": "FRESNO_COUNTY_GIS_OVERTURE_CONFLATED", "HNO": "1269", "PRD": "W", "STN": "AMERICAN", "STS": "AVE", "Unit": null, "CommunityName": "FRESNO", "County": "FRESNO", "State": "CA", "PostCode": "93706", "SpatialOffsetMeters": 0.0}}, {"type": "Feature", "geometry": {"type": "Point", "coordinates": [-119.682935514661, 36.6621793335322]}, "properties": {"SSAP_NGUID": "urn:emergency:uid:gis:SSAP:9969:fresnocountyca.gov", "DisclID": "fresnocountyca.gov", "CountyLocalID": "9969", "GERS_ID": "2f070dc6-53c0-4d00-9a97-ad4bcbf83e21", "ConflationStatus": "CONFLATED", "Source": "FRESNO_COUNTY_GIS_OVERTURE_CONFLATED", "HNO": "5901", "PRD": "E", "STN": "AMERICAN", "STS": "AVE", "Unit": null, "CommunityName": "FRESNO", "County": "FRESNO", "State": "CA", "PostCode": "93725", "SpatialOffsetMeters": 0.0}}, {"type": "Feature", "geometry": {"type": "Point", "coordinates": [-119.793122019167, 36.6602966626312]}, "properties": {"SSAP_NGUID": "urn:emergency:uid:gis:SSAP:9971:fresnocountyca.gov", "DisclID": "fresnocountyca.gov", "CountyLocalID": "9971", "GERS_ID": "4068e6e1-bbcf-4d84-b84c-f3dff8b78c79", "ConflationStatus": "CONFLATED", "Source": "FRESNO_COUNTY_GIS_OVERTURE_CONFLATED", "HNO": "5223", "PRD": "S", "STN": "ELM", "STS": "AVE", "Unit": null, "CommunityName": "FRESNO", "County": "FRESNO", "State": "CA", "PostCode": "93706", "SpatialOffsetMeters": 0.0}}, {"type": "Feature", "geometry": {"type": "Point", "coordinates": [-119.783701390884, 36.6588309588312]}, "properties": {"SSAP_NGUID": "urn:emergency:uid:gis:SSAP:9975:fresnocountyca.gov", "DisclID": "fresnocountyca.gov", "CountyLocalID": "9975", "GERS_ID": "eb5d019a-462b-4df0-bcb8-bef43ecf7f13", "ConflationStatus": "CONFLATED", "Source": "FRESNO_COUNTY_GIS_OVERTURE_CONFLATED", "HNO": "5315", "PRD": "S", "STN": "CHERRY", "STS": "AVE", "Unit": null, "CommunityName": "FRESNO", "County": "FRESNO", "State": "CA", "PostCode": "93706", "SpatialOffsetMeters": 0.0}}, {"type": "Feature", "geometry": {"type": "Point", "coordinates": [-119.783166835481, 36.6786896210698]}, "properties": {"SSAP_NGUID": "urn:emergency:uid:gis:SSAP:9976:fresnocountyca.gov", "DisclID": "fresnocountyca.gov", "CountyLocalID": "9976", "GERS_ID": "f853c62b-7b78-40fd-ae77-cf8c500c6c96", "ConflationStatus": "CONFLATED", "Source": "FRESNO_COUNTY_GIS_OVERTURE_CONFLATED", "HNO": "3747", "PRD": "S", "STN": "CHERRY", "STS": "AVE", "Unit": null, "CommunityName": "FRESNO", "County": "FRESNO", "State": "CA", "PostCode": "93706", "SpatialOffsetMeters": 0.0}}, {"type": "Feature", "geometry": {"type": "Point", "coordinates": [-119.78295344981, 36.6553767126428]}, "properties": {"SSAP_NGUID": "urn:emergency:uid:gis:SSAP:9977:fresnocountyca.gov", "DisclID": "fresnocountyca.gov", "CountyLocalID": "9977", "GERS_ID": "f9957787-6f75-4b3d-8cae-b0ce25a2b826", "ConflationStatus": "CONFLATED", "Source": "FRESNO_COUNTY_GIS_OVERTURE_CONFLATED", "HNO": "5507", "PRD": "S", "STN": "CHERRY", "STS": "AVE", "Unit": null, "CommunityName": "FRESNO", "County": "FRESNO", "State": "CA", "PostCode": "93706", "SpatialOffsetMeters": 0.01}}, {"type": "Feature", "geometry": {"type": "Point", "coordinates": [-119.755387239695, 36.6564408956694]}, "properties": {"SSAP_NGUID": "urn:emergency:uid:gis:SSAP:9981:fresnocountyca.gov", "DisclID": "fresnocountyca.gov", "CountyLocalID": "9981", "GERS_ID": "6619e49f-c3b4-4a95-9591-c2d41d130140", "ConflationStatus": "CONFLATED", "Source": "FRESNO_COUNTY_GIS_OVERTURE_CONFLATED", "HNO": "5437", "PRD": "S", "STN": "CEDAR", "STS": "AVE", "Unit": null, "CommunityName": "FRESNO", "County": "FRESNO", "State": "CA", "PostCode": "93725", "SpatialOffsetMeters": 0.0}}, {"type": "Feature", "geometry": {"type": "Point", "coordinates": [-119.864821547808, 36.6544496510338]}, "properties": {"SSAP_NGUID": "urn:emergency:uid:gis:SSAP:9983:fresnocountyca.gov", "DisclID": "fresnocountyca.gov", "CountyLocalID": "9983", "GERS_ID": "f2eab031-0650-488b-9484-384a395ce9a0", "ConflationStatus": "CONFLATED", "Source": "FRESNO_COUNTY_GIS_OVERTURE_CONFLATED", "HNO": "5495", "PRD": "S", "STN": "BRAWLEY", "STS": "AVE", "Unit": null, "CommunityName": "FRESNO", "County": "FRESNO", "State": "CA", "PostCode": "93706", "SpatialOffsetMeters": 0.01}}, {"type": "Feature", "geometry": {"type": "Point", "coordinates": [-119.782306155569, 36.6785703323839]}, "properties": {"SSAP_NGUID": "urn:emergency:uid:gis:SSAP:9984:fresnocountyca.gov", "DisclID": "fresnocountyca.gov", "CountyLocalID": "9984", "GERS_ID": "a2b048a7-aa5f-4029-afeb-afd5f7051f5c", "ConflationStatus": "CONFLATED", "Source": "FRESNO_COUNTY_GIS_OVERTURE_CONFLATED", "HNO": "3745", "PRD": "S", "STN": "CHERRY", "STS": "AVE", "Unit": null, "CommunityName": "FRESNO", "County": "FRESNO", "State": "CA", "PostCode": "93706", "SpatialOffsetMeters": 0.01}}, {"type": "Feature", "geometry": {"type": "Point", "coordinates": [-119.889449812223, 36.6556647709796]}, "properties": {"SSAP_NGUID": "urn:emergency:uid:gis:SSAP:9987:fresnocountyca.gov", "DisclID": "fresnocountyca.gov", "CountyLocalID": "9987", "GERS_ID": "02184ccb-ccda-43ef-9f23-749b85581439", "ConflationStatus": "CONFLATED", "Source": "FRESNO_COUNTY_GIS_OVERTURE_CONFLATED", "HNO": "5525", "PRD": "S", "STN": "POLK", "STS": "AVE", "Unit": null, "CommunityName": "FRESNO", "County": "FRESNO", "State": "CA", "PostCode": "93706", "SpatialOffsetMeters": 0.0}}, {"type": "Feature", "geometry": {"type": "Point", "coordinates": [-119.775141337131, 36.656977440368]}, "properties": {"SSAP_NGUID": "urn:emergency:uid:gis:SSAP:9989:fresnocountyca.gov", "DisclID": "fresnocountyca.gov", "CountyLocalID": "9989", "GERS_ID": "a4d9a217-0c8b-4e66-951d-113885586fc4", "ConflationStatus": "CONFLATED", "Source": "FRESNO_COUNTY_GIS_OVERTURE_CONFLATED", "HNO": "776", "PRD": "E", "STN": "JEFFERSON", "STS": "AVE", "Unit": null, "CommunityName": "FRESNO", "County": "FRESNO", "State": "CA", "PostCode": "93725", "SpatialOffsetMeters": 0.01}}, {"type": "Feature", "geometry": {"type": "Point", "coordinates": [-119.816051246133, 36.6568022307559]}, "properties": {"SSAP_NGUID": "urn:emergency:uid:gis:SSAP:9991:fresnocountyca.gov", "DisclID": "fresnocountyca.gov", "CountyLocalID": "9991", "GERS_ID": "be76ded5-b2ca-4f78-978c-3615bf10f7a6", "ConflationStatus": "CONFLATED", "Source": "FRESNO_COUNTY_GIS_OVERTURE_CONFLATED", "HNO": "1380", "PRD": "W", "STN": "JEFFERSON", "STS": "AVE", "Unit": null, "CommunityName": "FRESNO", "County": "FRESNO", "State": "CA", "PostCode": "93706", "SpatialOffsetMeters": 0.01}}, {"type": "Feature", "geometry": {"type": "Point", "coordinates": [-119.761975014058, 36.6573998329808]}, "properties": {"SSAP_NGUID": "urn:emergency:uid:gis:SSAP:9993:fresnocountyca.gov", "DisclID": "fresnocountyca.gov", "CountyLocalID": "9993", "GERS_ID": "cc3340d8-2004-4a71-b488-7f32fea40665", "ConflationStatus": "CONFLATED", "Source": "FRESNO_COUNTY_GIS_OVERTURE_CONFLATED", "HNO": "5412", "PRD": "S", "STN": "ORANGE", "STS": "AVE", "Unit": null, "CommunityName": "FRESNO", "County": "FRESNO", "State": "CA", "PostCode": "93725", "SpatialOffsetMeters": 0.0}}, {"type": "Feature", "geometry": {"type": "Point", "coordinates": [-119.783525876034, 36.6580270711884]}, "properties": {"SSAP_NGUID": "urn:emergency:uid:gis:SSAP:9995:fresnocountyca.gov", "DisclID": "fresnocountyca.gov", "CountyLocalID": "9995", "GERS_ID": "e89231ce-f8c5-4558-ae1d-77f2f2f8c0a2", "ConflationStatus": "CONFLATED", "Source": "FRESNO_COUNTY_GIS_OVERTURE_CONFLATED", "HNO": "5339", "PRD": "S", "STN": "CHERRY", "STS": "AVE", "Unit": null, "CommunityName": "FRESNO", "County": "FRESNO", "State": "CA", "PostCode": "93706", "SpatialOffsetMeters": 0.0}}, {"type": "Feature", "geometry": {"type": "Point", "coordinates": [-119.726249096727, 36.8529520973906]}, "properties": {"SSAP_NGUID": "urn:emergency:uid:gis:SSAP:15802:fresnocountyca.gov", "DisclID": "fresnocountyca.gov", "CountyLocalID": "15802", "GERS_ID": null, "ConflationStatus": "COUNTY_ONLY", "Source": "FRESNO_COUNTY_GIS", "HNO": "1222", "PRD": "N", "STN": "TIMMY", "STS": "AVE", "Unit": null, "CommunityName": "FRESNO", "County": "FRESNO", "State": "CA", "PostCode": null, "SpatialOffsetMeters": null}}, {"type": "Feature", "geometry": {"type": "Point", "coordinates": [-119.697911369261, 36.8413178537344]}, "properties": {"SSAP_NGUID": "urn:emergency:uid:gis:SSAP:15821:fresnocountyca.gov", "DisclID": "fresnocountyca.gov", "CountyLocalID": "15821", "GERS_ID": null, "ConflationStatus": "COUNTY_ONLY", "Source": "FRESNO_COUNTY_GIS", "HNO": "708", "PRD": "N", "STN": "MARION", "STS": "AVE", "Unit": null, "CommunityName": "FRESNO", "County": "FRESNO", "State": "CA", "PostCode": null, "SpatialOffsetMeters": null}}, {"type": "Feature", "geometry": {"type": "Point", "coordinates": [-119.72437087655, 36.8307103850313]}, "properties": {"SSAP_NGUID": "urn:emergency:uid:gis:SSAP:15835:fresnocountyca.gov", "DisclID": "fresnocountyca.gov", "CountyLocalID": "15835", "GERS_ID": null, "ConflationStatus": "COUNTY_ONLY", "Source": "FRESNO_COUNTY_GIS", "HNO": "20", "PRD": "N", "STN": "ANDERSON", "STS": "AVE", "Unit": null, "CommunityName": "FRESNO", "County": "FRESNO", "State": "CA", "PostCode": null, "SpatialOffsetMeters": null}}, {"type": "Feature", "geometry": {"type": "Point", "coordinates": [-119.710771818731, 36.8444547545487]}, "properties": {"SSAP_NGUID": "urn:emergency:uid:gis:SSAP:15850:fresnocountyca.gov", "DisclID": "fresnocountyca.gov", "CountyLocalID": "15850", "GERS_ID": null, "ConflationStatus": "COUNTY_ONLY", "Source": "FRESNO_COUNTY_GIS", "HNO": "790", "PRD": "N", "STN": "CHERRY", "STS": "LN", "Unit": null, "CommunityName": "FRESNO", "County": "FRESNO", "State": "CA", "PostCode": null, "SpatialOffsetMeters": null}}, {"type": "Feature", "geometry": {"type": "Point", "coordinates": [-119.72630956336, 36.850419882438]}, "properties": {"SSAP_NGUID": "urn:emergency:uid:gis:SSAP:15864:fresnocountyca.gov", "DisclID": "fresnocountyca.gov", "CountyLocalID": "15864", "GERS_ID": null, "ConflationStatus": "COUNTY_ONLY", "Source": "FRESNO_COUNTY_GIS", "HNO": "1124", "PRD": "N", "STN": "CHAPEL HILL", "STS": "AVE", "Unit": null, "CommunityName": "FRESNO", "County": "FRESNO", "State": "CA", "PostCode": null, "SpatialOffsetMeters": null}}, {"type": "Feature", "geometry": {"type": "Point", "coordinates": [-119.727176715029, 36.8508625616865]}, "properties": {"SSAP_NGUID": "urn:emergency:uid:gis:SSAP:15878:fresnocountyca.gov", "DisclID": "fresnocountyca.gov", "CountyLocalID": "15878", "GERS_ID": null, "ConflationStatus": "COUNTY_ONLY", "Source": "FRESNO_COUNTY_GIS", "HNO": "1142", "PRD": "N", "STN": "ADLER", "STS": "AVE", "Unit": null, "CommunityName": "FRESNO", "County": "FRESNO", "State": "CA", "PostCode": null, "SpatialOffsetMeters": null}}, {"type": "Feature", "geometry": {"type": "Point", "coordinates": [-119.719454962988, 36.8490832570127]}, "properties": {"SSAP_NGUID": "urn:emergency:uid:gis:SSAP:15892:fresnocountyca.gov", "DisclID": "fresnocountyca.gov", "CountyLocalID": "15892", "GERS_ID": null, "ConflationStatus": "COUNTY_ONLY", "Source": "FRESNO_COUNTY_GIS", "HNO": "385", "PRD": "W", "STN": "GOSHEN", "STS": "AVE", "Unit": null, "CommunityName": "FRESNO", "County": "FRESNO", "State": "CA", "PostCode": null, "SpatialOffsetMeters": null}}, {"type": "Feature", "geometry": {"type": "Point", "coordinates": [-119.718823165051, 36.8486127965626]}, "properties": {"SSAP_NGUID": "urn:emergency:uid:gis:SSAP:15906:fresnocountyca.gov", "DisclID": "fresnocountyca.gov", "CountyLocalID": "15906", "GERS_ID": null, "ConflationStatus": "COUNTY_ONLY", "Source": "FRESNO_COUNTY_GIS", "HNO": "342", "PRD": "W", "STN": "GOSHEN", "STS": "AVE", "Unit": null, "CommunityName": "FRESNO", "County": "FRESNO", "State": "CA", "PostCode": null, "SpatialOffsetMeters": null}}, {"type": "Feature", "geometry": {"type": "Point", "coordinates": [-119.727762889463, 36.8336897709912]}, "properties": {"SSAP_NGUID": "urn:emergency:uid:gis:SSAP:15921:fresnocountyca.gov", "DisclID": "fresnocountyca.gov", "CountyLocalID": "15921", "GERS_ID": null, "ConflationStatus": "COUNTY_ONLY", "Source": "FRESNO_COUNTY_GIS", "HNO": "767", "PRD": "W", "STN": "POLSON", "STS": "AVE", "Unit": null, "CommunityName": "FRESNO", "County": "FRESNO", "State": "CA", "PostCode": null, "SpatialOffsetMeters": null}}, {"type": "Feature", "geometry": {"type": "Point", "coordinates": [-119.72588914491, 36.8338066504568]}, "properties": {"SSAP_NGUID": "urn:emergency:uid:gis:SSAP:15937:fresnocountyca.gov", "DisclID": "fresnocountyca.gov", "CountyLocalID": "15937", "GERS_ID": null, "ConflationStatus": "COUNTY_ONLY", "Source": "FRESNO_COUNTY_GIS", "HNO": "625", "PRD": "W", "STN": "POLSON", "STS": "AVE", "Unit": null, "CommunityName": "FRESNO", "County": "FRESNO", "State": "CA", "PostCode": null, "SpatialOffsetMeters": null}}, {"type": "Feature", "geometry": {"type": "Point", "coordinates": [-119.721334178722, 36.8317082883957]}, "properties": {"SSAP_NGUID": "urn:emergency:uid:gis:SSAP:15953:fresnocountyca.gov", "DisclID": "fresnocountyca.gov", "CountyLocalID": "15953", "GERS_ID": null, "ConflationStatus": "COUNTY_ONLY", "Source": "FRESNO_COUNTY_GIS", "HNO": "88", "PRD": "N", "STN": "TERRY", "STS": "AVE", "Unit": null, "CommunityName": "FRESNO", "County": "FRESNO", "State": "CA", "PostCode": null, "SpatialOffsetMeters": null}}, {"type": "Feature", "geometry": {"type": "Point", "coordinates": [-119.719496885663, 36.8306247675327]}, "properties": {"SSAP_NGUID": "urn:emergency:uid:gis:SSAP:15965:fresnocountyca.gov", "DisclID": "fresnocountyca.gov", "CountyLocalID": "15965", "GERS_ID": null, "ConflationStatus": "COUNTY_ONLY", "Source": "FRESNO_COUNTY_GIS", "HNO": "445", "PRD": "W", "STN": "SIERRA", "STS": "AVE", "Unit": null, "CommunityName": "FRESNO", "County": "FRESNO", "State": "CA", "PostCode": null, "SpatialOffsetMeters": null}}, {"type": "Feature", "geometry": {"type": "Point", "coordinates": [-119.718496841235, 36.8479888463111]}, "properties": {"SSAP_NGUID": "urn:emergency:uid:gis:SSAP:15980:fresnocountyca.gov", "DisclID": "fresnocountyca.gov", "CountyLocalID": "15980", "GERS_ID": null, "ConflationStatus": "COUNTY_ONLY", "Source": "FRESNO_COUNTY_GIS", "HNO": "328", "PRD": "W", "STN": "FALLBROOK", "STS": "AVE", "Unit": null, "CommunityName": "FRESNO", "County": "FRESNO", "State": "CA", "PostCode": null, "SpatialOffsetMeters": null}}, {"type": "Feature", "geometry": {"type": "Point", "coordinates": [-119.719735685559, 36.8314316471449]}, "properties": {"SSAP_NGUID": "urn:emergency:uid:gis:SSAP:15993:fresnocountyca.gov", "DisclID": "fresnocountyca.gov", "CountyLocalID": "15993", "GERS_ID": null, "ConflationStatus": "COUNTY_ONLY", "Source": "FRESNO_COUNTY_GIS", "HNO": "455", "PRD": "W", "STN": "MENLO", "STS": "AVE", "Unit": null, "CommunityName": "FRESNO", "County": "FRESNO", "State": "CA", "PostCode": null, "SpatialOffsetMeters": null}}, {"type": "Feature", "geometry": {"type": "Point", "coordinates": [-119.728995369999, 36.8628110081279]}, "properties": {"SSAP_NGUID": "urn:emergency:uid:gis:SSAP:16006:fresnocountyca.gov", "DisclID": "fresnocountyca.gov", "CountyLocalID": "16006", "GERS_ID": null, "ConflationStatus": "COUNTY_ONLY", "Source": "FRESNO_COUNTY_GIS", "HNO": "779", "PRD": "W", "STN": "SCANDIA", "STS": "LN", "Unit": null, "CommunityName": "FRESNO", "County": "FRESNO", "State": "CA", "PostCode": null, "SpatialOffsetMeters": null}}, {"type": "Feature", "geometry": {"type": "Point", "coordinates": [-119.728678510617, 36.8616515211683]}, "properties": {"SSAP_NGUID": "urn:emergency:uid:gis:SSAP:16018:fresnocountyca.gov", "DisclID": "fresnocountyca.gov", "CountyLocalID": "16018", "GERS_ID": null, "ConflationStatus": "COUNTY_ONLY", "Source": "FRESNO_COUNTY_GIS", "HNO": "760", "PRD": "W", "STN": "BRITTANY", "STS": "LN", "Unit": null, "CommunityName": "FRESNO", "County": "FRESNO", "State": "CA", "PostCode": null, "SpatialOffsetMeters": null}}, {"type": "Feature", "geometry": {"type": "Point", "coordinates": [-119.717149304706, 36.801499854032]}, "properties": {"SSAP_NGUID": "urn:emergency:uid:gis:SSAP:16032:fresnocountyca.gov", "DisclID": "fresnocountyca.gov", "CountyLocalID": "16032", "GERS_ID": null, "ConflationStatus": "COUNTY_ONLY", "Source": "FRESNO_COUNTY_GIS", "HNO": "357", "PRD": "W", "STN": "GETTYSBURG", "STS": "AVE", "Unit": null, "CommunityName": "FRESNO", "County": "FRESNO", "State": "CA", "PostCode": null, "SpatialOffsetMeters": null}}, {"type": "Feature", "geometry": {"type": "Point", "coordinates": [-119.661712353142, 36.8541480128426]}, "properties": {"SSAP_NGUID": "urn:emergency:uid:gis:SSAP:16046:fresnocountyca.gov", "DisclID": "fresnocountyca.gov", "CountyLocalID": "16046", "GERS_ID": null, "ConflationStatus": "COUNTY_ONLY", "Source": "FRESNO_COUNTY_GIS", "HNO": "1317", "PRD": "N", "STN": "CARSON", "STS": "AVE", "Unit": null, "CommunityName": "FRESNO", "County": "FRESNO", "State": "CA", "PostCode": null, "SpatialOffsetMeters": null}}, {"type": "Feature", "geometry": {"type": "Point", "coordinates": [-119.652189300698, 36.7948576282279]}, "properties": {"SSAP_NGUID": "urn:emergency:uid:gis:SSAP:16064:fresnocountyca.gov", "DisclID": "fresnocountyca.gov", "CountyLocalID": "16064", "GERS_ID": null, "ConflationStatus": "COUNTY_ONLY", "Source": "FRESNO_COUNTY_GIS", "HNO": "3141", "PRD": null, "STN": "REDINGTON", "STS": "AVE", "Unit": null, "CommunityName": "FRESNO", "County": "FRESNO", "State": "CA", "PostCode": null, "SpatialOffsetMeters": null}}, {"type": "Feature", "geometry": {"type": "Point", "coordinates": [-119.652161934491, 36.7949954479487]}, "properties": {"SSAP_NGUID": "urn:emergency:uid:gis:SSAP:16081:fresnocountyca.gov", "DisclID": "fresnocountyca.gov", "CountyLocalID": "16081", "GERS_ID": null, "ConflationStatus": "COUNTY_ONLY", "Source": "FRESNO_COUNTY_GIS", "HNO": "3131", "PRD": null, "STN": "REDINGTON", "STS": "AVE", "Unit": null, "CommunityName": "FRESNO", "County": "FRESNO", "State": "CA", "PostCode": null, "SpatialOffsetMeters": null}}, {"type": "Feature", "geometry": {"type": "Point", "coordinates": [-119.673393606786, 36.8497249786847]}, "properties": {"SSAP_NGUID": "urn:emergency:uid:gis:SSAP:16098:fresnocountyca.gov", "DisclID": "fresnocountyca.gov", "CountyLocalID": "16098", "GERS_ID": null, "ConflationStatus": "COUNTY_ONLY", "Source": "FRESNO_COUNTY_GIS", "HNO": "1094", "PRD": "N", "STN": "JASMINE", "STS": "AVE", "Unit": null, "CommunityName": "FRESNO", "County": "FRESNO", "State": "CA", "PostCode": null, "SpatialOffsetMeters": null}}, {"type": "Feature", "geometry": {"type": "Point", "coordinates": [-119.672078473119, 36.8487024097822]}, "properties": {"SSAP_NGUID": "urn:emergency:uid:gis:SSAP:16113:fresnocountyca.gov", "DisclID": "fresnocountyca.gov", "CountyLocalID": "16113", "GERS_ID": null, "ConflationStatus": "COUNTY_ONLY", "Source": "FRESNO_COUNTY_GIS", "HNO": "1046", "PRD": "N", "STN": "JOSHUA", "STS": "AVE", "Unit": null, "CommunityName": "FRESNO", "County": "FRESNO", "State": "CA", "PostCode": null, "SpatialOffsetMeters": null}}, {"type": "Feature", "geometry": {"type": "Point", "coordinates": [-119.678687228585, 36.8499543534295]}, "properties": {"SSAP_NGUID": "urn:emergency:uid:gis:SSAP:16129:fresnocountyca.gov", "DisclID": "fresnocountyca.gov", "CountyLocalID": "16129", "GERS_ID": null, "ConflationStatus": "COUNTY_ONLY", "Source": "FRESNO_COUNTY_GIS", "HNO": "1073", "PRD": "N", "STN": "ASH", "STS": "AVE", "Unit": null, "CommunityName": "FRESNO", "County": "FRESNO", "State": "CA", "PostCode": null, "SpatialOffsetMeters": null}}, {"type": "Feature", "geometry": {"type": "Point", "coordinates": [-119.677646312138, 36.8492545392998]}, "properties": {"SSAP_NGUID": "urn:emergency:uid:gis:SSAP:16142:fresnocountyca.gov", "DisclID": "fresnocountyca.gov", "CountyLocalID": "16142", "GERS_ID": null, "ConflationStatus": "COUNTY_ONLY", "Source": "FRESNO_COUNTY_GIS", "HNO": "1045", "PRD": "N", "STN": "BURL", "STS": "AVE", "Unit": null, "CommunityName": "FRESNO", "County": "FRESNO", "State": "CA", "PostCode": null, "SpatialOffsetMeters": null}}, {"type": "Feature", "geometry": {"type": "Point", "coordinates": [-119.728612996577, 36.8611703334017]}, "properties": {"SSAP_NGUID": "urn:emergency:uid:gis:SSAP:16155:fresnocountyca.gov", "DisclID": "fresnocountyca.gov", "CountyLocalID": "16155", "GERS_ID": null, "ConflationStatus": "COUNTY_ONLY", "Source": "FRESNO_COUNTY_GIS", "HNO": "758", "PRD": "W", "STN": "BORDEAUX", "STS": "LN", "Unit": null, "CommunityName": "FRESNO", "County": "FRESNO", "State": "CA", "PostCode": null, "SpatialOffsetMeters": null}}, {"type": "Feature", "geometry": {"type": "Point", "coordinates": [-119.729101148668, 36.8607143121897]}, "properties": {"SSAP_NGUID": "urn:emergency:uid:gis:SSAP:16167:fresnocountyca.gov", "DisclID": "fresnocountyca.gov", "CountyLocalID": "16167", "GERS_ID": null, "ConflationStatus": "COUNTY_ONLY", "Source": "FRESNO_COUNTY_GIS", "HNO": "786", "PRD": "W", "STN": "SIENA", "STS": "LN", "Unit": null, "CommunityName": "FRESNO", "County": "FRESNO", "State": "CA", "PostCode": null, "SpatialOffsetMeters": null}}, {"type": "Feature", "geometry": {"type": "Point", "coordinates": [-119.728766478781, 36.8604663510349]}, "properties": {"SSAP_NGUID": "urn:emergency:uid:gis:SSAP:16180:fresnocountyca.gov", "DisclID": "fresnocountyca.gov", "CountyLocalID": "16180", "GERS_ID": null, "ConflationStatus": "COUNTY_ONLY", "Source": "FRESNO_COUNTY_GIS", "HNO": "765", "PRD": "W", "STN": "RIVIERA", "STS": "LN", "Unit": null, "CommunityName": "FRESNO", "County": "FRESNO", "State": "CA", "PostCode": null, "SpatialOffsetMeters": null}}, {"type": "Feature", "geometry": {"type": "Point", "coordinates": [-119.723373755298, 36.8232668507993]}, "properties": {"SSAP_NGUID": "urn:emergency:uid:gis:SSAP:16193:fresnocountyca.gov", "DisclID": "fresnocountyca.gov", "CountyLocalID": "16193", "GERS_ID": null, "ConflationStatus": "COUNTY_ONLY", "Source": "FRESNO_COUNTY_GIS", "HNO": "639", "PRD": "W", "STN": "BULLARD", "STS": "AVE", "Unit": "116", "CommunityName": "FRESNO", "County": "FRESNO", "State": "CA", "PostCode": null, "SpatialOffsetMeters": null}}, {"type": "Feature", "geometry": {"type": "Point", "coordinates": [-119.723508623406, 36.8243594563341]}, "properties": {"SSAP_NGUID": "urn:emergency:uid:gis:SSAP:16207:fresnocountyca.gov", "DisclID": "fresnocountyca.gov", "CountyLocalID": "16207", "GERS_ID": null, "ConflationStatus": "COUNTY_ONLY", "Source": "FRESNO_COUNTY_GIS", "HNO": "640", "PRD": "W", "STN": "STUART", "STS": "AVE", "Unit": "112", "CommunityName": "FRESNO", "County": "FRESNO", "State": "CA", "PostCode": null, "SpatialOffsetMeters": null}}, {"type": "Feature", "geometry": {"type": "Point", "coordinates": [-119.728299075259, 36.860170519056]}, "properties": {"SSAP_NGUID": "urn:emergency:uid:gis:SSAP:16225:fresnocountyca.gov", "DisclID": "fresnocountyca.gov", "CountyLocalID": "16225", "GERS_ID": null, "ConflationStatus": "COUNTY_ONLY", "Source": "FRESNO_COUNTY_GIS", "HNO": "734", "PRD": "W", "STN": "RIVIERA", "STS": "LN", "Unit": null, "CommunityName": "FRESNO", "County": "FRESNO", "State": "CA", "PostCode": null, "SpatialOffsetMeters": null}}, {"type": "Feature", "geometry": {"type": "Point", "coordinates": [-119.727991921252, 36.8600369040347]}, "properties": {"SSAP_NGUID": "urn:emergency:uid:gis:SSAP:16238:fresnocountyca.gov", "DisclID": "fresnocountyca.gov", "CountyLocalID": "16238", "GERS_ID": null, "ConflationStatus": "COUNTY_ONLY", "Source": "FRESNO_COUNTY_GIS", "HNO": "711", "PRD": "W", "STN": "BARCELONA", "STS": "LN", "Unit": null, "CommunityName": "FRESNO", "County": "FRESNO", "State": "CA", "PostCode": null, "SpatialOffsetMeters": null}}, {"type": "Feature", "geometry": {"type": "Point", "coordinates": [-119.723298998797, 36.8664830276094]}, "properties": {"SSAP_NGUID": "urn:emergency:uid:gis:SSAP:16253:fresnocountyca.gov", "DisclID": "fresnocountyca.gov", "CountyLocalID": "16253", "GERS_ID": null, "ConflationStatus": "COUNTY_ONLY", "Source": "FRESNO_COUNTY_GIS", "HNO": "549", "PRD": "W", "STN": "SERENA", "STS": "AVE", "Unit": null, "CommunityName": "FRESNO", "County": "FRESNO", "State": "CA", "PostCode": null, "SpatialOffsetMeters": null}}, {"type": "Feature", "geometry": {"type": "Point", "coordinates": [-119.724440647584, 36.8647902187922]}, "properties": {"SSAP_NGUID": "urn:emergency:uid:gis:SSAP:16267:fresnocountyca.gov", "DisclID": "fresnocountyca.gov", "CountyLocalID": "16267", "GERS_ID": null, "ConflationStatus": "COUNTY_ONLY", "Source": "FRESNO_COUNTY_GIS", "HNO": "593", "PRD": "W", "STN": "PRESCOTT", "STS": "AVE", "Unit": null, "CommunityName": "FRESNO", "County": "FRESNO", "State": "CA", "PostCode": null, "SpatialOffsetMeters": null}}, {"type": "Feature", "geometry": {"type": "Point", "coordinates": [-119.721025887066, 36.8658831873878]}, "properties": {"SSAP_NGUID": "urn:emergency:uid:gis:SSAP:16282:fresnocountyca.gov", "DisclID": "fresnocountyca.gov", "CountyLocalID": "16282", "GERS_ID": null, "ConflationStatus": "COUNTY_ONLY", "Source": "FRESNO_COUNTY_GIS", "HNO": "418", "PRD": "W", "STN": "SERENA", "STS": "AVE", "Unit": null, "CommunityName": "FRESNO", "County": "FRESNO", "State": "CA", "PostCode": null, "SpatialOffsetMeters": null}}, {"type": "Feature", "geometry": {"type": "Point", "coordinates": [-119.709128248425, 36.8239235395845]}, "properties": {"SSAP_NGUID": "urn:emergency:uid:gis:SSAP:16294:fresnocountyca.gov", "DisclID": "fresnocountyca.gov", "CountyLocalID": "16294", "GERS_ID": null, "ConflationStatus": "COUNTY_ONLY", "Source": "FRESNO_COUNTY_GIS", "HNO": "55", "PRD": "W", "STN": "BULLARD", "STS": "AVE", "Unit": "239", "CommunityName": "FRESNO", "County": "FRESNO", "State": "CA", "PostCode": null, "SpatialOffsetMeters": null}}, {"type": "Feature", "geometry": {"type": "Point", "coordinates": [-119.709156407882, 36.8246319833626]}, "properties": {"SSAP_NGUID": "urn:emergency:uid:gis:SSAP:16308:fresnocountyca.gov", "DisclID": "fresnocountyca.gov", "CountyLocalID": "16308", "GERS_ID": null, "ConflationStatus": "COUNTY_ONLY", "Source": "FRESNO_COUNTY_GIS", "HNO": "55", "PRD": "W", "STN": "BULLARD", "STS": "AVE", "Unit": "179", "CommunityName": "FRESNO", "County": "FRESNO", "State": "CA", "PostCode": null, "SpatialOffsetMeters": null}}, {"type": "Feature", "geometry": {"type": "Point", "coordinates": [-119.710587379386, 36.8246437873244]}, "properties": {"SSAP_NGUID": "urn:emergency:uid:gis:SSAP:16326:fresnocountyca.gov", "DisclID": "fresnocountyca.gov", "CountyLocalID": "16326", "GERS_ID": null, "ConflationStatus": "COUNTY_ONLY", "Source": "FRESNO_COUNTY_GIS", "HNO": "55", "PRD": "W", "STN": "BULLARD", "STS": "AVE", "Unit": "267", "CommunityName": "FRESNO", "County": "FRESNO", "State": "CA", "PostCode": null, "SpatialOffsetMeters": null}}, {"type": "Feature", "geometry": {"type": "Point", "coordinates": [-119.721656452623, 36.8032491251028]}, "properties": {"SSAP_NGUID": "urn:emergency:uid:gis:SSAP:16346:fresnocountyca.gov", "DisclID": "fresnocountyca.gov", "CountyLocalID": "16346", "GERS_ID": null, "ConflationStatus": "COUNTY_ONLY", "Source": "FRESNO_COUNTY_GIS", "HNO": "552", "PRD": "W", "STN": "RIALTO", "STS": "AVE", "Unit": null, "CommunityName": "FRESNO", "County": "FRESNO", "State": "CA", "PostCode": null, "SpatialOffsetMeters": null}}, {"type": "Feature", "geometry": {"type": "Point", "coordinates": [-119.72165516792, 36.8029744393696]}, "properties": {"SSAP_NGUID": "urn:emergency:uid:gis:SSAP:16360:fresnocountyca.gov", "DisclID": "fresnocountyca.gov", "CountyLocalID": "16360", "GERS_ID": null, "ConflationStatus": "COUNTY_ONLY", "Source": "FRESNO_COUNTY_GIS", "HNO": "553", "PRD": "W", "STN": "PICO", "STS": "AVE", "Unit": null, "CommunityName": "FRESNO", "County": "FRESNO", "State": "CA", "PostCode": null, "SpatialOffsetMeters": null}}, {"type": "Feature", "geometry": {"type": "Point", "coordinates": [-119.721750348323, 36.8326115024384]}, "properties": {"SSAP_NGUID": "urn:emergency:uid:gis:SSAP:16372:fresnocountyca.gov", "DisclID": "fresnocountyca.gov", "CountyLocalID": "16372", "GERS_ID": null, "ConflationStatus": "COUNTY_ONLY", "Source": "FRESNO_COUNTY_GIS", "HNO": "133", "PRD": "N", "STN": "CINDY", "STS": "AVE", "Unit": null, "CommunityName": "FRESNO", "County": "FRESNO", "State": "CA", "PostCode": null, "SpatialOffsetMeters": null}}, {"type": "Feature", "geometry": {"type": "Point", "coordinates": [-119.722355091028, 36.8318703985301]}, "properties": {"SSAP_NGUID": "urn:emergency:uid:gis:SSAP:16386:fresnocountyca.gov", "DisclID": "fresnocountyca.gov", "CountyLocalID": "16386", "GERS_ID": null, "ConflationStatus": "COUNTY_ONLY", "Source": "FRESNO_COUNTY_GIS", "HNO": "96", "PRD": "N", "STN": "CINDY", "STS": "AVE", "Unit": null, "CommunityName": "FRESNO", "County": "FRESNO", "State": "CA", "PostCode": null, "SpatialOffsetMeters": null}}, {"type": "Feature", "geometry": {"type": "Point", "coordinates": [-119.719053528046, 36.8325483418193]}, "properties": {"SSAP_NGUID": "urn:emergency:uid:gis:SSAP:16401:fresnocountyca.gov", "DisclID": "fresnocountyca.gov", "CountyLocalID": "16401", "GERS_ID": null, "ConflationStatus": "COUNTY_ONLY", "Source": "FRESNO_COUNTY_GIS", "HNO": "438", "PRD": "W", "STN": "LOS ALTOS", "STS": "AVE", "Unit": null, "CommunityName": "FRESNO", "County": "FRESNO", "State": "CA", "PostCode": null, "SpatialOffsetMeters": null}}, {"type": "Feature", "geometry": {"type": "Point", "coordinates": [-119.715803917387, 36.8344402982511]}, "properties": {"SSAP_NGUID": "urn:emergency:uid:gis:SSAP:16412:fresnocountyca.gov", "DisclID": "fresnocountyca.gov", "CountyLocalID": "16412", "GERS_ID": null, "ConflationStatus": "COUNTY_ONLY", "Source": "FRESNO_COUNTY_GIS", "HNO": "296", "PRD": "W", "STN": "FREMONT", "STS": "AVE", "Unit": null, "CommunityName": "FRESNO", "County": "FRESNO", "State": "CA", "PostCode": null, "SpatialOffsetMeters": null}}, {"type": "Feature", "geometry": {"type": "Point", "coordinates": [-119.718835406312, 36.803729469108]}, "properties": {"SSAP_NGUID": "urn:emergency:uid:gis:SSAP:16430:fresnocountyca.gov", "DisclID": "fresnocountyca.gov", "CountyLocalID": "16430", "GERS_ID": null, "ConflationStatus": "COUNTY_ONLY", "Source": "FRESNO_COUNTY_GIS", "HNO": "4771", "PRD": "E", "STN": "FAIRMONT", "STS": "AVE", "Unit": null, "CommunityName": "FRESNO", "County": "FRESNO", "State": "CA", "PostCode": null, "SpatialOffsetMeters": null}}, {"type": "Feature", "geometry": {"type": "Point", "coordinates": [-119.687671796596, 36.845418887206]}, "properties": {"SSAP_NGUID": "urn:emergency:uid:gis:SSAP:16448:fresnocountyca.gov", "DisclID": "fresnocountyca.gov", "CountyLocalID": "16448", "GERS_ID": null, "ConflationStatus": "COUNTY_ONLY", "Source": "FRESNO_COUNTY_GIS", "HNO": "825", "PRD": "N", "STN": "STANFORD", "STS": "AVE", "Unit": null, "CommunityName": "FRESNO", "County": "FRESNO", "State": "CA", "PostCode": null, "SpatialOffsetMeters": null}}, {"type": "Feature", "geometry": {"type": "Point", "coordinates": [-119.689338427923, 36.843113335082]}, "properties": {"SSAP_NGUID": "urn:emergency:uid:gis:SSAP:16463:fresnocountyca.gov", "DisclID": "fresnocountyca.gov", "CountyLocalID": "16463", "GERS_ID": null, "ConflationStatus": "COUNTY_ONLY", "Source": "FRESNO_COUNTY_GIS", "HNO": "733", "PRD": "N", "STN": "FORDHAM", "STS": "AVE", "Unit": null, "CommunityName": "FRESNO", "County": "FRESNO", "State": "CA", "PostCode": null, "SpatialOffsetMeters": null}}, {"type": "Feature", "geometry": {"type": "Point", "coordinates": [-119.692050723078, 36.8437677205972]}, "properties": {"SSAP_NGUID": "urn:emergency:uid:gis:SSAP:16477:fresnocountyca.gov", "DisclID": "fresnocountyca.gov", "CountyLocalID": "16477", "GERS_ID": null, "ConflationStatus": "COUNTY_ONLY", "Source": "FRESNO_COUNTY_GIS", "HNO": "763", "PRD": "N", "STN": "CLAREMONT", "STS": "AVE", "Unit": null, "CommunityName": "FRESNO", "County": "FRESNO", "State": "CA", "PostCode": null, "SpatialOffsetMeters": null}}, {"type": "Feature", "geometry": {"type": "Point", "coordinates": [-119.665233603034, 36.849485532026]}, "properties": {"SSAP_NGUID": "urn:emergency:uid:gis:SSAP:16501:fresnocountyca.gov", "DisclID": "fresnocountyca.gov", "CountyLocalID": "16501", "GERS_ID": null, "ConflationStatus": "COUNTY_ONLY", "Source": "FRESNO_COUNTY_GIS", "HNO": "1053", "PRD": "N", "STN": "TEMPERANCE", "STS": "AVE", "Unit": null, "CommunityName": "FRESNO", "County": "FRESNO", "State": "CA", "PostCode": null, "SpatialOffsetMeters": null}}, {"type": "Feature", "geometry": {"type": "Point", "coordinates": [-119.674276877002, 36.8356974775017]}, "properties": {"SSAP_NGUID": "urn:emergency:uid:gis:SSAP:16517:fresnocountyca.gov", "DisclID": "fresnocountyca.gov", "CountyLocalID": "16517", "GERS_ID": null, "ConflationStatus": "COUNTY_ONLY", "Source": "FRESNO_COUNTY_GIS", "HNO": "348", "PRD": "N", "STN": "FILBERT", "STS": "AVE", "Unit": null, "CommunityName": "FRESNO", "County": "FRESNO", "State": "CA", "PostCode": null, "SpatialOffsetMeters": null}}, {"type": "Feature", "geometry": {"type": "Point", "coordinates": [-119.674887876131, 36.8347552165253]}, "properties": {"SSAP_NGUID": "urn:emergency:uid:gis:SSAP:16532:fresnocountyca.gov", "DisclID": "fresnocountyca.gov", "CountyLocalID": "16532", "GERS_ID": null, "ConflationStatus": "COUNTY_ONLY", "Source": "FRESNO_COUNTY_GIS", "HNO": "242", "PRD": "N", "STN": "CYPRESS", "STS": "AVE", "Unit": null, "CommunityName": "FRESNO", "County": "FRESNO", "State": "CA", "PostCode": null, "SpatialOffsetMeters": null}}, {"type": "Feature", "geometry": {"type": "Point", "coordinates": [-119.677885032058, 36.833412018272]}, "properties": {"SSAP_NGUID": "urn:emergency:uid:gis:SSAP:16548:fresnocountyca.gov", "DisclID": "fresnocountyca.gov", "CountyLocalID": "16548", "GERS_ID": null, "ConflationStatus": "COUNTY_ONLY", "Source": "FRESNO_COUNTY_GIS", "HNO": "145", "PRD": "N", "STN": "BURGAN", "STS": "AVE", "Unit": null, "CommunityName": "FRESNO", "County": "FRESNO", "State": "CA", "PostCode": null, "SpatialOffsetMeters": null}}, {"type": "Feature", "geometry": {"type": "Point", "coordinates": [-119.703994411749, 36.8331623589673]}, "properties": {"SSAP_NGUID": "urn:emergency:uid:gis:SSAP:16561:fresnocountyca.gov", "DisclID": "fresnocountyca.gov", "CountyLocalID": "16561", "GERS_ID": null, "ConflationStatus": "COUNTY_ONLY", "Source": "FRESNO_COUNTY_GIS", "HNO": "167", "PRD": "N", "STN": "POLLASKY", "STS": "AVE", "Unit": null, "CommunityName": "FRESNO", "County": "FRESNO", "State": "CA", "PostCode": null, "SpatialOffsetMeters": null}}, {"type": "Feature", "geometry": {"type": "Point", "coordinates": [-119.717492008023, 36.8646959889336]}, "properties": {"SSAP_NGUID": "urn:emergency:uid:gis:SSAP:16598:fresnocountyca.gov", "DisclID": "fresnocountyca.gov", "CountyLocalID": "16598", "GERS_ID": null, "ConflationStatus": "COUNTY_ONLY", "Source": "FRESNO_COUNTY_GIS", "HNO": "285", "PRD": "W", "STN": "LESTER", "STS": "AVE", "Unit": null, "CommunityName": "FRESNO", "County": "FRESNO", "State": "CA", "PostCode": null, "SpatialOffsetMeters": null}}, {"type": "Feature", "geometry": {"type": "Point", "coordinates": [-119.714382785035, 36.864825745634]}, "properties": {"SSAP_NGUID": "urn:emergency:uid:gis:SSAP:16613:fresnocountyca.gov", "DisclID": "fresnocountyca.gov", "CountyLocalID": "16613", "GERS_ID": null, "ConflationStatus": "COUNTY_ONLY", "Source": "FRESNO_COUNTY_GIS", "HNO": "155", "PRD": "W", "STN": "LESTER", "STS": "AVE", "Unit": null, "CommunityName": "FRESNO", "County": "FRESNO", "State": "CA", "PostCode": null, "SpatialOffsetMeters": null}}, {"type": "Feature", "geometry": {"type": "Point", "coordinates": [-119.718318917574, 36.8640797288981]}, "properties": {"SSAP_NGUID": "urn:emergency:uid:gis:SSAP:16626:fresnocountyca.gov", "DisclID": "fresnocountyca.gov", "CountyLocalID": "16626", "GERS_ID": null, "ConflationStatus": "COUNTY_ONLY", "Source": "FRESNO_COUNTY_GIS", "HNO": "314", "PRD": "W", "STN": "LESTER", "STS": "AVE", "Unit": null, "CommunityName": "FRESNO", "County": "FRESNO", "State": "CA", "PostCode": null, "SpatialOffsetMeters": null}}, {"type": "Feature", "geometry": {"type": "Point", "coordinates": [-119.725244027127, 36.8076267060889]}, "properties": {"SSAP_NGUID": "urn:emergency:uid:gis:SSAP:16641:fresnocountyca.gov", "DisclID": "fresnocountyca.gov", "CountyLocalID": "16641", "GERS_ID": null, "ConflationStatus": "COUNTY_ONLY", "Source": "FRESNO_COUNTY_GIS", "HNO": "742", "PRD": "W", "STN": "SHAW", "STS": "AVE", "Unit": null, "CommunityName": "FRESNO", "County": "FRESNO", "State": "CA", "PostCode": null, "SpatialOffsetMeters": null}}, {"type": "Feature", "geometry": {"type": "Point", "coordinates": [-119.712277607791, 36.8663315328378]}, "properties": {"SSAP_NGUID": "urn:emergency:uid:gis:SSAP:16657:fresnocountyca.gov", "DisclID": "fresnocountyca.gov", "CountyLocalID": "16657", "GERS_ID": null, "ConflationStatus": "COUNTY_ONLY", "Source": "FRESNO_COUNTY_GIS", "HNO": "51", "PRD": "W", "STN": "SERENA", "STS": "AVE", "Unit": null, "CommunityName": "FRESNO", "County": "FRESNO", "State": "CA", "PostCode": null, "SpatialOffsetMeters": null}}, {"type": "Feature", "geometry": {"type": "Point", "coordinates": [-119.713111663072, 36.8656196063977]}, "properties": {"SSAP_NGUID": "urn:emergency:uid:gis:SSAP:16672:fresnocountyca.gov", "DisclID": "fresnocountyca.gov", "CountyLocalID": "16672", "GERS_ID": null, "ConflationStatus": "COUNTY_ONLY", "Source": "FRESNO_COUNTY_GIS", "HNO": "93", "PRD": "W", "STN": "EVERGLADE", "STS": "AVE", "Unit": null, "CommunityName": "FRESNO", "County": "FRESNO", "State": "CA", "PostCode": null, "SpatialOffsetMeters": null}}, {"type": "Feature", "geometry": {"type": "Point", "coordinates": [-119.701135936041, 36.8421454600748]}, "properties": {"SSAP_NGUID": "urn:emergency:uid:gis:SSAP:16687:fresnocountyca.gov", "DisclID": "fresnocountyca.gov", "CountyLocalID": "16687", "GERS_ID": null, "ConflationStatus": "COUNTY_ONLY", "Source": "FRESNO_COUNTY_GIS", "HNO": "722", "PRD": "N", "STN": "CLOVIS", "STS": "AVE", "Unit": null, "CommunityName": "FRESNO", "County": "FRESNO", "State": "CA", "PostCode": null, "SpatialOffsetMeters": null}}, {"type": "Feature", "geometry": {"type": "Point", "coordinates": [-119.675965622471, 36.836558920949]}, "properties": {"SSAP_NGUID": "urn:emergency:uid:gis:SSAP:16701:fresnocountyca.gov", "DisclID": "fresnocountyca.gov", "CountyLocalID": "16701", "GERS_ID": null, "ConflationStatus": "COUNTY_ONLY", "Source": "FRESNO_COUNTY_GIS", "HNO": "364", "PRD": "N", "STN": "MATISSE", "STS": "LN", "Unit": null, "CommunityName": "FRESNO", "County": "FRESNO", "State": "CA", "PostCode": null, "SpatialOffsetMeters": null}}, {"type": "Feature", "geometry": {"type": "Point", "coordinates": [-119.67616137205, 36.8363810916096]}, "properties": {"SSAP_NGUID": "urn:emergency:uid:gis:SSAP:16721:fresnocountyca.gov", "DisclID": "fresnocountyca.gov", "CountyLocalID": "16721", "GERS_ID": null, "ConflationStatus": "COUNTY_ONLY", "Source": "FRESNO_COUNTY_GIS", "HNO": "343", "PRD": "N", "STN": "RAPHAEL", "STS": "LN", "Unit": null, "CommunityName": "FRESNO", "County": "FRESNO", "State": "CA", "PostCode": null, "SpatialOffsetMeters": null}}, {"type": "Feature", "geometry": {"type": "Point", "coordinates": [-119.712837166252, 36.859670126501]}, "properties": {"SSAP_NGUID": "urn:emergency:uid:gis:SSAP:16740:fresnocountyca.gov", "DisclID": "fresnocountyca.gov", "CountyLocalID": "16740", "GERS_ID": null, "ConflationStatus": "COUNTY_ONLY", "Source": "FRESNO_COUNTY_GIS", "HNO": "72", "PRD": "W", "STN": "BARCELONA", "STS": "LN", "Unit": null, "CommunityName": "FRESNO", "County": "FRESNO", "State": "CA", "PostCode": null, "SpatialOffsetMeters": null}}, {"type": "Feature", "geometry": {"type": "Point", "coordinates": [-119.718143391697, 36.8636196195717]}, "properties": {"SSAP_NGUID": "urn:emergency:uid:gis:SSAP:16760:fresnocountyca.gov", "DisclID": "fresnocountyca.gov", "CountyLocalID": "16760", "GERS_ID": null, "ConflationStatus": "COUNTY_ONLY", "Source": "FRESNO_COUNTY_GIS", "HNO": "1785", "PRD": "N", "STN": "CAESAR", "STS": "AVE", "Unit": null, "CommunityName": "FRESNO", "County": "FRESNO", "State": "CA", "PostCode": null, "SpatialOffsetMeters": null}}, {"type": "Feature", "geometry": {"type": "Point", "coordinates": [-119.716848674807, 36.863280562374]}, "properties": {"SSAP_NGUID": "urn:emergency:uid:gis:SSAP:16780:fresnocountyca.gov", "DisclID": "fresnocountyca.gov", "CountyLocalID": "16780", "GERS_ID": null, "ConflationStatus": "COUNTY_ONLY", "Source": "FRESNO_COUNTY_GIS", "HNO": "1774", "PRD": "N", "STN": "HOMSY", "STS": "AVE", "Unit": null, "CommunityName": "FRESNO", "County": "FRESNO", "State": "CA", "PostCode": null, "SpatialOffsetMeters": null}}, {"type": "Feature", "geometry": {"type": "Point", "coordinates": [-119.714825475218, 36.8622297242075]}, "properties": {"SSAP_NGUID": "urn:emergency:uid:gis:SSAP:16800:fresnocountyca.gov", "DisclID": "fresnocountyca.gov", "CountyLocalID": "16800", "GERS_ID": null, "ConflationStatus": "COUNTY_ONLY", "Source": "FRESNO_COUNTY_GIS", "HNO": "200", "PRD": "W", "STN": "LOYOLA", "STS": "AVE", "Unit": null, "CommunityName": "FRESNO", "County": "FRESNO", "State": "CA", "PostCode": null, "SpatialOffsetMeters": null}}, {"type": "Feature", "geometry": {"type": "Point", "coordinates": [-119.714444202611, 36.8628904476296]}, "properties": {"SSAP_NGUID": "urn:emergency:uid:gis:SSAP:16816:fresnocountyca.gov", "DisclID": "fresnocountyca.gov", "CountyLocalID": "16816", "GERS_ID": null, "ConflationStatus": "COUNTY_ONLY", "Source": "FRESNO_COUNTY_GIS", "HNO": "184", "PRD": "W", "STN": "POWERS", "STS": "AVE", "Unit": null, "CommunityName": "FRESNO", "County": "FRESNO", "State": "CA", "PostCode": null, "SpatialOffsetMeters": null}}, {"type": "Feature", "geometry": {"type": "Point", "coordinates": [-119.718560308427, 36.8365777007819]}, "properties": {"SSAP_NGUID": "urn:emergency:uid:gis:SSAP:16832:fresnocountyca.gov", "DisclID": "fresnocountyca.gov", "CountyLocalID": "16832", "GERS_ID": null, "ConflationStatus": "COUNTY_ONLY", "Source": "FRESNO_COUNTY_GIS", "HNO": "380", "PRD": "N", "STN": "PEACH", "STS": "AVE", "Unit": null, "CommunityName": "FRESNO", "County": "FRESNO", "State": "CA", "PostCode": null, "SpatialOffsetMeters": null}}, {"type": "Feature", "geometry": {"type": "Point", "coordinates": [-119.715935398858, 36.8486338715343]}, "properties": {"SSAP_NGUID": "urn:emergency:uid:gis:SSAP:16850:fresnocountyca.gov", "DisclID": "fresnocountyca.gov", "CountyLocalID": "16850", "GERS_ID": null, "ConflationStatus": "COUNTY_ONLY", "Source": "FRESNO_COUNTY_GIS", "HNO": "202", "PRD": "W", "STN": "GOSHEN", "STS": "AVE", "Unit": null, "CommunityName": "FRESNO", "County": "FRESNO", "State": "CA", "PostCode": null, "SpatialOffsetMeters": null}}, {"type": "Feature", "geometry": {"type": "Point", "coordinates": [-119.714622999282, 36.8351609218116]}, "properties": {"SSAP_NGUID": "urn:emergency:uid:gis:SSAP:16863:fresnocountyca.gov", "DisclID": "fresnocountyca.gov", "CountyLocalID": "16863", "GERS_ID": null, "ConflationStatus": "COUNTY_ONLY", "Source": "FRESNO_COUNTY_GIS", "HNO": "279", "PRD": "N", "STN": "HOMSY", "STS": "AVE", "Unit": null, "CommunityName": "FRESNO", "County": "FRESNO", "State": "CA", "PostCode": null, "SpatialOffsetMeters": null}}, {"type": "Feature", "geometry": {"type": "Point", "coordinates": [-119.679361731217, 36.8478101166871]}, "properties": {"SSAP_NGUID": "urn:emergency:uid:gis:SSAP:16878:fresnocountyca.gov", "DisclID": "fresnocountyca.gov", "CountyLocalID": "16878", "GERS_ID": null, "ConflationStatus": "COUNTY_ONLY", "Source": "FRESNO_COUNTY_GIS", "HNO": "978", "PRD": "N", "STN": "ASH", "STS": "AVE", "Unit": null, "CommunityName": "FRESNO", "County": "FRESNO", "State": "CA", "PostCode": null, "SpatialOffsetMeters": null}}, {"type": "Feature", "geometry": {"type": "Point", "coordinates": [-119.713260221623, 36.8456374695309]}, "properties": {"SSAP_NGUID": "urn:emergency:uid:gis:SSAP:16889:fresnocountyca.gov", "DisclID": "fresnocountyca.gov", "CountyLocalID": "16889", "GERS_ID": null, "ConflationStatus": "COUNTY_ONLY", "Source": "FRESNO_COUNTY_GIS", "HNO": "85", "PRD": "W", "STN": "ATHENS", "STS": "AVE", "Unit": null, "CommunityName": "FRESNO", "County": "FRESNO", "State": "CA", "PostCode": null, "SpatialOffsetMeters": null}}, {"type": "Feature", "geometry": {"type": "Point", "coordinates": [-119.716733934092, 36.8361069217165]}, "properties": {"SSAP_NGUID": "urn:emergency:uid:gis:SSAP:16903:fresnocountyca.gov", "DisclID": "fresnocountyca.gov", "CountyLocalID": "16903", "GERS_ID": null, "ConflationStatus": "COUNTY_ONLY", "Source": "FRESNO_COUNTY_GIS", "HNO": "341", "PRD": "W", "STN": "MAGILL", "STS": "AVE", "Unit": null, "CommunityName": "FRESNO", "County": "FRESNO", "State": "CA", "PostCode": null, "SpatialOffsetMeters": null}}, {"type": "Feature", "geometry": {"type": "Point", "coordinates": [-119.711532463758, 36.8453177047822]}, "properties": {"SSAP_NGUID": "urn:emergency:uid:gis:SSAP:16917:fresnocountyca.gov", "DisclID": "fresnocountyca.gov", "CountyLocalID": "16917", "GERS_ID": null, "ConflationStatus": "COUNTY_ONLY", "Source": "FRESNO_COUNTY_GIS", "HNO": "825", "PRD": "N", "STN": "FAIRFAX", "STS": "AVE", "Unit": null, "CommunityName": "FRESNO", "County": "FRESNO", "State": "CA", "PostCode": null, "SpatialOffsetMeters": null}}, {"type": "Feature", "geometry": {"type": "Point", "coordinates": [-119.69045029401, 36.8501538057844]}, "properties": {"SSAP_NGUID": "urn:emergency:uid:gis:SSAP:16929:fresnocountyca.gov", "DisclID": "fresnocountyca.gov", "CountyLocalID": "16929", "GERS_ID": null, "ConflationStatus": "COUNTY_ONLY", "Source": "FRESNO_COUNTY_GIS", "HNO": "1103", "PRD": "N", "STN": "MIAMI", "STS": "AVE", "Unit": null, "CommunityName": "FRESNO", "County": "FRESNO", "State": "CA", "PostCode": null, "SpatialOffsetMeters": null}}, {"type": "Feature", "geometry": {"type": "Point", "coordinates": [-119.674186232925, 36.8437665248951]}, "properties": {"SSAP_NGUID": "urn:emergency:uid:gis:SSAP:16944:fresnocountyca.gov", "DisclID": "fresnocountyca.gov", "CountyLocalID": "16944", "GERS_ID": null, "ConflationStatus": "COUNTY_ONLY", "Source": "FRESNO_COUNTY_GIS", "HNO": "761", "PRD": "N", "STN": "ARMSTRONG", "STS": "AVE", "Unit": null, "CommunityName": "FRESNO", "County": "FRESNO", "State": "CA", "PostCode": null, "SpatialOffsetMeters": null}}, {"type": "Feature", "geometry": {"type": "Point", "coordinates": [-119.690962578809, 36.8503318043797]}, "properties": {"SSAP_NGUID": "urn:emergency:uid:gis:SSAP:16958:fresnocountyca.gov", "DisclID": "fresnocountyca.gov", "CountyLocalID": "16958", "GERS_ID": null, "ConflationStatus": "COUNTY_ONLY", "Source": "FRESNO_COUNTY_GIS", "HNO": "1120", "PRD": "N", "STN": "MIAMI", "STS": "AVE", "Unit": null, "CommunityName": "FRESNO", "County": "FRESNO", "State": "CA", "PostCode": null, "SpatialOffsetMeters": null}}, {"type": "Feature", "geometry": {"type": "Point", "coordinates": [-119.71710448469, 36.8336547644121]}, "properties": {"SSAP_NGUID": "urn:emergency:uid:gis:SSAP:16973:fresnocountyca.gov", "DisclID": "fresnocountyca.gov", "CountyLocalID": "16973", "GERS_ID": null, "ConflationStatus": "COUNTY_ONLY", "Source": "FRESNO_COUNTY_GIS", "HNO": "354", "PRD": "W", "STN": "PALO ALTO", "STS": "AVE", "Unit": null, "CommunityName": "FRESNO", "County": "FRESNO", "State": "CA", "PostCode": null, "SpatialOffsetMeters": null}}, {"type": "Feature", "geometry": {"type": "Point", "coordinates": [-119.692721624045, 36.8505722247394]}, "properties": {"SSAP_NGUID": "urn:emergency:uid:gis:SSAP:16990:fresnocountyca.gov", "DisclID": "fresnocountyca.gov", "CountyLocalID": "16990", "GERS_ID": null, "ConflationStatus": "COUNTY_ONLY", "Source": "FRESNO_COUNTY_GIS", "HNO": "1122", "PRD": "N", "STN": "CLAREMONT", "STS": "AVE", "Unit": null, "CommunityName": "FRESNO", "County": "FRESNO", "State": "CA", "PostCode": null, "SpatialOffsetMeters": null}}, {"type": "Feature", "geometry": {"type": "Point", "coordinates": [-119.720660326513, 36.8333165164252]}, "properties": {"SSAP_NGUID": "urn:emergency:uid:gis:SSAP:17011:fresnocountyca.gov", "DisclID": "fresnocountyca.gov", "CountyLocalID": "17011", "GERS_ID": null, "ConflationStatus": "COUNTY_ONLY", "Source": "FRESNO_COUNTY_GIS", "HNO": "516", "PRD": "W", "STN": "POLSON", "STS": "AVE", "Unit": null, "CommunityName": "FRESNO", "County": "FRESNO", "State": "CA", "PostCode": null, "SpatialOffsetMeters": null}}, {"type": "Feature", "geometry": {"type": "Point", "coordinates": [-119.688380519759, 36.8491719307322]}, "properties": {"SSAP_NGUID": "urn:emergency:uid:gis:SSAP:17027:fresnocountyca.gov", "DisclID": "fresnocountyca.gov", "CountyLocalID": "17027", "GERS_ID": null, "ConflationStatus": "COUNTY_ONLY", "Source": "FRESNO_COUNTY_GIS", "HNO": "1022", "PRD": "N", "STN": "STANFORD", "STS": "AVE", "Unit": null, "CommunityName": "FRESNO", "County": "FRESNO", "State": "CA", "PostCode": null, "SpatialOffsetMeters": null}}, {"type": "Feature", "geometry": {"type": "Point", "coordinates": [-119.688384003014, 36.8495846083038]}, "properties": {"SSAP_NGUID": "urn:emergency:uid:gis:SSAP:17041:fresnocountyca.gov", "DisclID": "fresnocountyca.gov", "CountyLocalID": "17041", "GERS_ID": null, "ConflationStatus": "COUNTY_ONLY", "Source": "FRESNO_COUNTY_GIS", "HNO": "1042", "PRD": "N", "STN": "STANFORD", "STS": "AVE", "Unit": null, "CommunityName": "FRESNO", "County": "FRESNO", "State": "CA", "PostCode": null, "SpatialOffsetMeters": null}}, {"type": "Feature", "geometry": {"type": "Point", "coordinates": [-119.694940781894, 36.8314219723441]}, "properties": {"SSAP_NGUID": "urn:emergency:uid:gis:SSAP:17053:fresnocountyca.gov", "DisclID": "fresnocountyca.gov", "CountyLocalID": "17053", "GERS_ID": null, "ConflationStatus": "COUNTY_ONLY", "Source": "FRESNO_COUNTY_GIS", "HNO": "56", "PRD": "N", "STN": "MANILA", "STS": "AVE", "Unit": null, "CommunityName": "FRESNO", "County": "FRESNO", "State": "CA", "PostCode": null, "SpatialOffsetMeters": null}}, {"type": "Feature", "geometry": {"type": "Point", "coordinates": [-119.678435862895, 36.8317785066225]}, "properties": {"SSAP_NGUID": "urn:emergency:uid:gis:SSAP:17066:fresnocountyca.gov", "DisclID": "fresnocountyca.gov", "CountyLocalID": "17066", "GERS_ID": null, "ConflationStatus": "COUNTY_ONLY", "Source": "FRESNO_COUNTY_GIS", "HNO": "64", "PRD": "N", "STN": "BURGAN", "STS": "AVE", "Unit": null, "CommunityName": "FRESNO", "County": "FRESNO", "State": "CA", "PostCode": null, "SpatialOffsetMeters": null}}, {"type": "Feature", "geometry": {"type": "Point", "coordinates": [-119.700394277061, 36.8438541701884]}, "properties": {"SSAP_NGUID": "urn:emergency:uid:gis:SSAP:17079:fresnocountyca.gov", "DisclID": "fresnocountyca.gov", "CountyLocalID": "17079", "GERS_ID": null, "ConflationStatus": "COUNTY_ONLY", "Source": "FRESNO_COUNTY_GIS", "HNO": "780", "PRD": "N", "STN": "HUGHES", "STS": "AVE", "Unit": null, "CommunityName": "FRESNO", "County": "FRESNO", "State": "CA", "PostCode": null, "SpatialOffsetMeters": null}}, {"type": "Feature", "geometry": {"type": "Point", "coordinates": [-119.700103523332, 36.8434885497922]}, "properties": {"SSAP_NGUID": "urn:emergency:uid:gis:SSAP:17093:fresnocountyca.gov", "DisclID": "fresnocountyca.gov", "CountyLocalID": "17093", "GERS_ID": null, "ConflationStatus": "COUNTY_ONLY", "Source": "FRESNO_COUNTY_GIS", "HNO": "764", "PRD": "N", "STN": "HUGHES", "STS": "AVE", "Unit": null, "CommunityName": "FRESNO", "County": "FRESNO", "State": "CA", "PostCode": null, "SpatialOffsetMeters": null}}, {"type": "Feature", "geometry": {"type": "Point", "coordinates": [-119.697339673636, 36.8445270830219]}, "properties": {"SSAP_NGUID": "urn:emergency:uid:gis:SSAP:17110:fresnocountyca.gov", "DisclID": "fresnocountyca.gov", "CountyLocalID": "17110", "GERS_ID": null, "ConflationStatus": "COUNTY_ONLY", "Source": "FRESNO_COUNTY_GIS", "HNO": "793", "PRD": "N", "STN": "MARION", "STS": "AVE", "Unit": null, "CommunityName": "FRESNO", "County": "FRESNO", "State": "CA", "PostCode": null, "SpatialOffsetMeters": null}}, {"type": "Feature", "geometry": {"type": "Point", "coordinates": [-119.702527560415, 36.8470308650871]}, "properties": {"SSAP_NGUID": "urn:emergency:uid:gis:SSAP:17126:fresnocountyca.gov", "DisclID": "fresnocountyca.gov", "CountyLocalID": "17126", "GERS_ID": null, "ConflationStatus": "COUNTY_ONLY", "Source": "FRESNO_COUNTY_GIS", "HNO": "911", "PRD": "N", "STN": "ROGERS", "STS": "AVE", "Unit": null, "CommunityName": "FRESNO", "County": "FRESNO", "State": "CA", "PostCode": null, "SpatialOffsetMeters": null}}, {"type": "Feature", "geometry": {"type": "Point", "coordinates": [-119.706441432078, 36.849640719748]}, "properties": {"SSAP_NGUID": "urn:emergency:uid:gis:SSAP:17139:fresnocountyca.gov", "DisclID": "fresnocountyca.gov", "CountyLocalID": "17139", "GERS_ID": null, "ConflationStatus": "COUNTY_ONLY", "Source": "FRESNO_COUNTY_GIS", "HNO": "1060", "PRD": "N", "STN": "DE WITT", "STS": "AVE", "Unit": null, "CommunityName": "FRESNO", "County": "FRESNO", "State": "CA", "PostCode": null, "SpatialOffsetMeters": null}}, {"type": "Feature", "geometry": {"type": "Point", "coordinates": [-119.70577418776, 36.8487286319899]}, "properties": {"SSAP_NGUID": "urn:emergency:uid:gis:SSAP:17154:fresnocountyca.gov", "DisclID": "fresnocountyca.gov", "CountyLocalID": "17154", "GERS_ID": null, "ConflationStatus": "COUNTY_ONLY", "Source": "FRESNO_COUNTY_GIS", "HNO": "1019", "PRD": "N", "STN": "DE WITT", "STS": "AVE", "Unit": null, "CommunityName": "FRESNO", "County": "FRESNO", "State": "CA", "PostCode": null, "SpatialOffsetMeters": null}}, {"type": "Feature", "geometry": {"type": "Point", "coordinates": [-119.705894227983, 36.8478590653397]}, "properties": {"SSAP_NGUID": "urn:emergency:uid:gis:SSAP:17170:fresnocountyca.gov", "DisclID": "fresnocountyca.gov", "CountyLocalID": "17170", "GERS_ID": null, "ConflationStatus": "COUNTY_ONLY", "Source": "FRESNO_COUNTY_GIS", "HNO": "977", "PRD": "N", "STN": "DE WITT", "STS": "AVE", "Unit": null, "CommunityName": "FRESNO", "County": "FRESNO", "State": "CA", "PostCode": null, "SpatialOffsetMeters": null}}, {"type": "Feature", "geometry": {"type": "Point", "coordinates": [-119.678409296262, 36.8420157531063]}, "properties": {"SSAP_NGUID": "urn:emergency:uid:gis:SSAP:17185:fresnocountyca.gov", "DisclID": "fresnocountyca.gov", "CountyLocalID": "17185", "GERS_ID": null, "ConflationStatus": "COUNTY_ONLY", "Source": "FRESNO_COUNTY_GIS", "HNO": "652", "PRD": "N", "STN": "BURL", "STS": "AVE", "Unit": null, "CommunityName": "FRESNO", "County": "FRESNO", "State": "CA", "PostCode": null, "SpatialOffsetMeters": null}}, {"type": "Feature", "geometry": {"type": "Point", "coordinates": [-119.702042822275, 36.7352453214411]}, "properties": {"SSAP_NGUID": "urn:emergency:uid:gis:SSAP:2202:fresnocountyca.gov", "DisclID": "fresnocountyca.gov", "CountyLocalID": "2202", "GERS_ID": null, "ConflationStatus": "COUNTY_ONLY", "Source": "FRESNO_COUNTY_GIS", "HNO": "837", "PRD": "S", "STN": "PARK CIRCLE", "STS": "DR", "Unit": null, "CommunityName": "FRESNO", "County": "FRESNO", "State": "CA", "PostCode": "93727", "SpatialOffsetMeters": null}}, {"type": "Feature", "geometry": {"type": "Point", "coordinates": [-119.762353185624, 36.7109428308127]}, "properties": {"SSAP_NGUID": "urn:emergency:uid:gis:SSAP:3939:fresnocountyca.gov", "DisclID": "fresnocountyca.gov", "CountyLocalID": "3939", "GERS_ID": null, "ConflationStatus": "COUNTY_ONLY", "Source": "FRESNO_COUNTY_GIS", "HNO": "3708", "PRD": "E", "STN": "LAURITE", "STS": "AVE", "Unit": "3", "CommunityName": "FRESNO", "County": "FRESNO", "State": "CA", "PostCode": "93725", "SpatialOffsetMeters": null}}, {"type": "Feature", "geometry": {"type": "Point", "coordinates": [-119.816871100502, 36.7962201032173]}, "properties": {"SSAP_NGUID": "urn:emergency:uid:gis:SSAP:4767:fresnocountyca.gov", "DisclID": "fresnocountyca.gov", "CountyLocalID": "4767", "GERS_ID": null, "ConflationStatus": "COUNTY_ONLY", "Source": "FRESNO_COUNTY_GIS", "HNO": "4330", "PRD": "N", "STN": "FRUIT", "STS": "AVE", "Unit": null, "CommunityName": "FRESNO", "County": "FRESNO", "State": "CA", "PostCode": "93705", "SpatialOffsetMeters": null}}, {"type": "Feature", "geometry": {"type": "Point", "coordinates": [-119.755692731028, 36.7708548184554]}, "properties": {"SSAP_NGUID": "urn:emergency:uid:gis:SSAP:6049:fresnocountyca.gov", "DisclID": "fresnocountyca.gov", "CountyLocalID": "6049", "GERS_ID": null, "ConflationStatus": "COUNTY_ONLY", "Source": "FRESNO_COUNTY_GIS", "HNO": "4141", "PRD": null, "STN": "KENMORE", "STS": "DR", "Unit": null, "CommunityName": "FRESNO", "County": "FRESNO", "State": "CA", "PostCode": "93703", "SpatialOffsetMeters": null}}, {"type": "Feature", "geometry": {"type": "Point", "coordinates": [-119.755625791983, 36.7702948723466]}, "properties": {"SSAP_NGUID": "urn:emergency:uid:gis:SSAP:6085:fresnocountyca.gov", "DisclID": "fresnocountyca.gov", "CountyLocalID": "6085", "GERS_ID": null, "ConflationStatus": "COUNTY_ONLY", "Source": "FRESNO_COUNTY_GIS", "HNO": "4152", "PRD": null, "STN": "KENMORE", "STS": "DR", "Unit": null, "CommunityName": "FRESNO", "County": "FRESNO", "State": "CA", "PostCode": "93703", "SpatialOffsetMeters": null}}, {"type": "Feature", "geometry": {"type": "Point", "coordinates": [-119.7073588185, 36.7361456775596]}, "properties": {"SSAP_NGUID": "urn:emergency:uid:gis:SSAP:6163:fresnocountyca.gov", "DisclID": "fresnocountyca.gov", "CountyLocalID": "6163", "GERS_ID": null, "ConflationStatus": "COUNTY_ONLY", "Source": "FRESNO_COUNTY_GIS", "HNO": "5454", "PRD": "E", "STN": "NINE", "STS": "AVE", "Unit": null, "CommunityName": "FRESNO", "County": "FRESNO", "State": "CA", "PostCode": "93727", "SpatialOffsetMeters": null}}, {"type": "Feature", "geometry": {"type": "Point", "coordinates": [-119.815855048779, 36.7962289246807]}, "properties": {"SSAP_NGUID": "urn:emergency:uid:gis:SSAP:6270:fresnocountyca.gov", "DisclID": "fresnocountyca.gov", "CountyLocalID": "6270", "GERS_ID": null, "ConflationStatus": "COUNTY_ONLY", "Source": "FRESNO_COUNTY_GIS", "HNO": "4333", "PRD": "N", "STN": "ARTHUR", "STS": "AVE", "Unit": null, "CommunityName": "FRESNO", "County": "FRESNO", "State": "CA", "PostCode": "93704", "SpatialOffsetMeters": null}}, {"type": "Feature", "geometry": {"type": "Point", "coordinates": [-119.812693029101, 36.7944674800843]}, "properties": {"SSAP_NGUID": "urn:emergency:uid:gis:SSAP:6358:fresnocountyca.gov", "DisclID": "fresnocountyca.gov", "CountyLocalID": "6358", "GERS_ID": null, "ConflationStatus": "COUNTY_ONLY", "Source": "FRESNO_COUNTY_GIS", "HNO": "4234", "PRD": "N", "STN": "THORNE", "STS": "AVE", "Unit": null, "CommunityName": "FRESNO", "County": "FRESNO", "State": "CA", "PostCode": "93704", "SpatialOffsetMeters": null}}, {"type": "Feature", "geometry": {"type": "Point", "coordinates": [-119.708457946594, 36.7881613806213]}, "properties": {"SSAP_NGUID": "urn:emergency:uid:gis:SSAP:6760:fresnocountyca.gov", "DisclID": "fresnocountyca.gov", "CountyLocalID": "6760", "GERS_ID": null, "ConflationStatus": "COUNTY_ONLY", "Source": "FRESNO_COUNTY_GIS", "HNO": "5411", "PRD": "E", "STN": "LANSING", "STS": "WAY", "Unit": null, "CommunityName": "FRESNO", "County": "FRESNO", "State": "CA", "PostCode": "93727", "SpatialOffsetMeters": null}}, {"type": "Feature", "geometry": {"type": "Point", "coordinates": [-119.798729843113, 36.8063307650727]}, "properties": {"SSAP_NGUID": "urn:emergency:uid:gis:SSAP:6778:fresnocountyca.gov", "DisclID": "fresnocountyca.gov", "CountyLocalID": "6778", "GERS_ID": null, "ConflationStatus": "COUNTY_ONLY", "Source": "FRESNO_COUNTY_GIS", "HNO": "922", "PRD": "E", "STN": "FAIRMONT", "STS": "AVE", "Unit": null, "CommunityName": "FRESNO", "County": "FRESNO", "State": "CA", "PostCode": "93704", "SpatialOffsetMeters": null}}, {"type": "Feature", "geometry": {"type": "Point", "coordinates": [-119.817044741853, 36.8221017527583]}, "properties": {"SSAP_NGUID": "urn:emergency:uid:gis:SSAP:7119:fresnocountyca.gov", "DisclID": "fresnocountyca.gov", "CountyLocalID": "7119", "GERS_ID": null, "ConflationStatus": "COUNTY_ONLY", "Source": "FRESNO_COUNTY_GIS", "HNO": "1384", "PRD": "W", "STN": "MORRIS", "STS": "AVE", "Unit": null, "CommunityName": "FRESNO", "County": "FRESNO", "State": "CA", "PostCode": "93711", "SpatialOffsetMeters": null}}, {"type": "Feature", "geometry": {"type": "Point", "coordinates": [-119.761679530692, 36.771675110289]}, "properties": {"SSAP_NGUID": "urn:emergency:uid:gis:SSAP:7271:fresnocountyca.gov", "DisclID": "fresnocountyca.gov", "CountyLocalID": "7271", "GERS_ID": null, "ConflationStatus": "COUNTY_ONLY", "Source": "FRESNO_COUNTY_GIS", "HNO": "3733", "PRD": null, "STN": "KENMORE", "STS": "DR", "Unit": null, "CommunityName": "FRESNO", "County": "FRESNO", "State": "CA", "PostCode": "93703", "SpatialOffsetMeters": null}}, {"type": "Feature", "geometry": {"type": "Point", "coordinates": [-119.767380370097, 36.7680399466233]}, "properties": {"SSAP_NGUID": "urn:emergency:uid:gis:SSAP:8105:fresnocountyca.gov", "DisclID": "fresnocountyca.gov", "CountyLocalID": "8105", "GERS_ID": null, "ConflationStatus": "COUNTY_ONLY", "Source": "FRESNO_COUNTY_GIS", "HNO": "3434", "PRD": null, "STN": "MAYFAIR", "STS": "BLVD", "Unit": null, "CommunityName": "FRESNO", "County": "FRESNO", "State": "CA", "PostCode": "93703", "SpatialOffsetMeters": null}}, {"type": "Feature", "geometry": {"type": "Point", "coordinates": [-119.755500263677, 36.76667066748]}, "properties": {"SSAP_NGUID": "urn:emergency:uid:gis:SSAP:8175:fresnocountyca.gov", "DisclID": "fresnocountyca.gov", "CountyLocalID": "8175", "GERS_ID": null, "ConflationStatus": "COUNTY_ONLY", "Source": "FRESNO_COUNTY_GIS", "HNO": "4160", "PRD": null, "STN": "KENMORE", "STS": "DR", "Unit": null, "CommunityName": "FRESNO", "County": "FRESNO", "State": "CA", "PostCode": "93703", "SpatialOffsetMeters": null}}, {"type": "Feature", "geometry": {"type": "Point", "coordinates": [-119.658003613203, 36.7569070388667]}, "properties": {"SSAP_NGUID": "urn:emergency:uid:gis:SSAP:8245:fresnocountyca.gov", "DisclID": "fresnocountyca.gov", "CountyLocalID": "8245", "GERS_ID": null, "ConflationStatus": "COUNTY_ONLY", "Source": "FRESNO_COUNTY_GIS", "HNO": "7319", "PRD": "E", "STN": "OLIVE", "STS": "AVE", "Unit": null, "CommunityName": "FRESNO", "County": "FRESNO", "State": "CA", "PostCode": "93737", "SpatialOffsetMeters": null}}, {"type": "Feature", "geometry": {"type": "Point", "coordinates": [-119.699374624636, 36.7298450187415]}, "properties": {"SSAP_NGUID": "urn:emergency:uid:gis:SSAP:8301:fresnocountyca.gov", "DisclID": "fresnocountyca.gov", "CountyLocalID": "8301", "GERS_ID": null, "ConflationStatus": "COUNTY_ONLY", "Source": "FRESNO_COUNTY_GIS", "HNO": "1245", "PRD": "S", "STN": "CLOVIS", "STS": "AVE", "Unit": null, "CommunityName": "FRESNO", "County": "FRESNO", "State": "CA", "PostCode": "93727", "SpatialOffsetMeters": null}}, {"type": "Feature", "geometry": {"type": "Point", "coordinates": [-119.870799794006, 36.7158930582714]}, "properties": {"SSAP_NGUID": "urn:emergency:uid:gis:SSAP:8426:fresnocountyca.gov", "DisclID": "fresnocountyca.gov", "CountyLocalID": "8426", "GERS_ID": null, "ConflationStatus": "COUNTY_ONLY", "Source": "FRESNO_COUNTY_GIS", "HNO": "1356", "PRD": "S", "STN": "BLYTHE", "STS": "AVE", "Unit": null, "CommunityName": "FRESNO", "County": "FRESNO", "State": "CA", "PostCode": "93706", "SpatialOffsetMeters": null}}, {"type": "Feature", "geometry": {"type": "Point", "coordinates": [-119.752578074419, 36.7658158005732]}, "properties": {"SSAP_NGUID": "urn:emergency:uid:gis:SSAP:8895:fresnocountyca.gov", "DisclID": "fresnocountyca.gov", "CountyLocalID": "8895", "GERS_ID": null, "ConflationStatus": "COUNTY_ONLY", "Source": "FRESNO_COUNTY_GIS", "HNO": "4339", "PRD": "E", "STN": "FAIRFAX", "STS": "AVE", "Unit": null, "CommunityName": "FRESNO", "County": "FRESNO", "State": "CA", "PostCode": "93703", "SpatialOffsetMeters": null}}, {"type": "Feature", "geometry": {"type": "Point", "coordinates": [-119.855363882125, 36.8465445426042]}, "properties": {"SSAP_NGUID": "urn:emergency:uid:gis:SSAP:8989:fresnocountyca.gov", "DisclID": "fresnocountyca.gov", "CountyLocalID": "8989", "GERS_ID": null, "ConflationStatus": "COUNTY_ONLY", "Source": "FRESNO_COUNTY_GIS", "HNO": "7530", "PRD": "N", "STN": "CHARLES", "STS": "AVE", "Unit": null, "CommunityName": "FRESNO", "County": "FRESNO", "State": "CA", "PostCode": "93711", "SpatialOffsetMeters": null}}, {"type": "Feature", "geometry": {"type": "Point", "coordinates": [-119.846841165538, 36.7615313762041]}, "properties": {"SSAP_NGUID": "urn:emergency:uid:gis:SSAP:9019:fresnocountyca.gov", "DisclID": "fresnocountyca.gov", "CountyLocalID": "9019", "GERS_ID": null, "ConflationStatus": "COUNTY_ONLY", "Source": "FRESNO_COUNTY_GIS", "HNO": "3095", "PRD": "W", "STN": "FLORADORA", "STS": "AVE", "Unit": null, "CommunityName": "FRESNO", "County": "FRESNO", "State": "CA", "PostCode": "93722", "SpatialOffsetMeters": null}}, {"type": "Feature", "geometry": {"type": "Point", "coordinates": [-119.862206528383, 36.8445088456453]}, "properties": {"SSAP_NGUID": "urn:emergency:uid:gis:SSAP:9057:fresnocountyca.gov", "DisclID": "fresnocountyca.gov", "CountyLocalID": "9057", "GERS_ID": null, "ConflationStatus": "COUNTY_ONLY", "Source": "FRESNO_COUNTY_GIS", "HNO": "3790", "PRD": "W", "STN": "BUENA VISTA", "STS": "AVE", "Unit": null, "CommunityName": "FRESNO", "County": "FRESNO", "State": "CA", "PostCode": "93711", "SpatialOffsetMeters": null}}, {"type": "Feature", "geometry": {"type": "Point", "coordinates": [-119.831377329787, 36.834816246998]}, "properties": {"SSAP_NGUID": "urn:emergency:uid:gis:SSAP:9109:fresnocountyca.gov", "DisclID": "fresnocountyca.gov", "CountyLocalID": "9109", "GERS_ID": null, "ConflationStatus": "COUNTY_ONLY", "Source": "FRESNO_COUNTY_GIS", "HNO": "6661", "PRD": "N", "STN": "FORKNER", "STS": "AVE", "Unit": null, "CommunityName": "FRESNO", "County": "FRESNO", "State": "CA", "PostCode": "93711", "SpatialOffsetMeters": null}}, {"type": "Feature", "geometry": {"type": "Point", "coordinates": [-119.660312848004, 36.7432121439494]}, "properties": {"SSAP_NGUID": "urn:emergency:uid:gis:SSAP:9219:fresnocountyca.gov", "DisclID": "fresnocountyca.gov", "CountyLocalID": "9219", "GERS_ID": null, "ConflationStatus": "COUNTY_ONLY", "Source": "FRESNO_COUNTY_GIS", "HNO": "7205", "PRD": "E", "STN": "TULARE", "STS": "AVE", "Unit": null, "CommunityName": "FRESNO", "County": "FRESNO", "State": "CA", "PostCode": "93737", "SpatialOffsetMeters": null}}, {"type": "Feature", "geometry": {"type": "Point", "coordinates": [-119.808912199568, 36.8026334322851]}, "properties": {"SSAP_NGUID": "urn:emergency:uid:gis:SSAP:9335:fresnocountyca.gov", "DisclID": "fresnocountyca.gov", "CountyLocalID": "9335", "GERS_ID": null, "ConflationStatus": "COUNTY_ONLY", "Source": "FRESNO_COUNTY_GIS", "HNO": "228", "PRD": "E", "STN": "RIALTO", "STS": "AVE", "Unit": null, "CommunityName": "FRESNO", "County": "FRESNO", "State": "CA", "PostCode": "93704", "SpatialOffsetMeters": null}}, {"type": "Feature", "geometry": {"type": "Point", "coordinates": [-119.870590167603, 36.7094894765908]}, "properties": {"SSAP_NGUID": "urn:emergency:uid:gis:SSAP:9451:fresnocountyca.gov", "DisclID": "fresnocountyca.gov", "CountyLocalID": "9451", "GERS_ID": null, "ConflationStatus": "COUNTY_ONLY", "Source": "FRESNO_COUNTY_GIS", "HNO": "1636", "PRD": "S", "STN": "BLYTHE", "STS": "AVE", "Unit": null, "CommunityName": "FRESNO", "County": "FRESNO", "State": "CA", "PostCode": "93706", "SpatialOffsetMeters": null}}, {"type": "Feature", "geometry": {"type": "Point", "coordinates": [-119.815552898766, 36.7977193909243]}, "properties": {"SSAP_NGUID": "urn:emergency:uid:gis:SSAP:9611:fresnocountyca.gov", "DisclID": "fresnocountyca.gov", "CountyLocalID": "9611", "GERS_ID": null, "ConflationStatus": "COUNTY_ONLY", "Source": "FRESNO_COUNTY_GIS", "HNO": "290", "PRD": "W", "STN": "HOLLAND", "STS": "AVE", "Unit": null, "CommunityName": "FRESNO", "County": "FRESNO", "State": "CA", "PostCode": "93705", "SpatialOffsetMeters": null}}, {"type": "Feature", "geometry": {"type": "Point", "coordinates": [-119.718266584031, 36.8482990388093]}, "properties": {"SSAP_NGUID": "urn:emergency:uid:gis:SSAP:10008:fresnocountyca.gov", "DisclID": "fresnocountyca.gov", "CountyLocalID": "10008", "GERS_ID": null, "ConflationStatus": "COUNTY_ONLY", "Source": "FRESNO_COUNTY_GIS", "HNO": "319", "PRD": "W", "STN": "FALLBROOK", "STS": "AVE", "Unit": null, "CommunityName": "FRESNO", "County": "FRESNO", "State": "CA", "PostCode": null, "SpatialOffsetMeters": null}}, {"type": "Feature", "geometry": {"type": "Point", "coordinates": [-119.713733096025, 36.8500163135099]}, "properties": {"SSAP_NGUID": "urn:emergency:uid:gis:SSAP:10020:fresnocountyca.gov", "DisclID": "fresnocountyca.gov", "CountyLocalID": "10020", "GERS_ID": null, "ConflationStatus": "COUNTY_ONLY", "Source": "FRESNO_COUNTY_GIS", "HNO": "125", "PRD": "W", "STN": "WYNDOVER", "STS": "AVE", "Unit": null, "CommunityName": "FRESNO", "County": "FRESNO", "State": "CA", "PostCode": null, "SpatialOffsetMeters": null}}, {"type": "Feature", "geometry": {"type": "Point", "coordinates": [-119.715218433489, 36.8336962521896]}, "properties": {"SSAP_NGUID": "urn:emergency:uid:gis:SSAP:10036:fresnocountyca.gov", "DisclID": "fresnocountyca.gov", "CountyLocalID": "10036", "GERS_ID": null, "ConflationStatus": "COUNTY_ONLY", "Source": "FRESNO_COUNTY_GIS", "HNO": "276", "PRD": "W", "STN": "PALO ALTO", "STS": "AVE", "Unit": null, "CommunityName": "FRESNO", "County": "FRESNO", "State": "CA", "PostCode": null, "SpatialOffsetMeters": null}}, {"type": "Feature", "geometry": {"type": "Point", "coordinates": [-119.725662188845, 36.8497379940048]}, "properties": {"SSAP_NGUID": "urn:emergency:uid:gis:SSAP:10050:fresnocountyca.gov", "DisclID": "fresnocountyca.gov", "CountyLocalID": "10050", "GERS_ID": null, "ConflationStatus": "COUNTY_ONLY", "Source": "FRESNO_COUNTY_GIS", "HNO": "1075", "PRD": "N", "STN": "CHAPEL HILL", "STS": "AVE", "Unit": null, "CommunityName": "FRESNO", "County": "FRESNO", "State": "CA", "PostCode": null, "SpatialOffsetMeters": null}}, {"type": "Feature", "geometry": {"type": "Point", "coordinates": [-119.724916191052, 36.8517156684012]}, "properties": {"SSAP_NGUID": "urn:emergency:uid:gis:SSAP:10064:fresnocountyca.gov", "DisclID": "fresnocountyca.gov", "CountyLocalID": "10064", "GERS_ID": null, "ConflationStatus": "COUNTY_ONLY", "Source": "FRESNO_COUNTY_GIS", "HNO": "581", "PRD": "W", "STN": "JORDAN", "STS": "AVE", "Unit": null, "CommunityName": "FRESNO", "County": "FRESNO", "State": "CA", "PostCode": null, "SpatialOffsetMeters": null}}, {"type": "Feature", "geometry": {"type": "Point", "coordinates": [-119.726609592215, 36.8493488869843]}, "properties": {"SSAP_NGUID": "urn:emergency:uid:gis:SSAP:10081:fresnocountyca.gov", "DisclID": "fresnocountyca.gov", "CountyLocalID": "10081", "GERS_ID": null, "ConflationStatus": "COUNTY_ONLY", "Source": "FRESNO_COUNTY_GIS", "HNO": "1043", "PRD": "N", "STN": "ADLER", "STS": "AVE", "Unit": null, "CommunityName": "FRESNO", "County": "FRESNO", "State": "CA", "PostCode": null, "SpatialOffsetMeters": null}}, {"type": "Feature", "geometry": {"type": "Point", "coordinates": [-119.721556723653, 36.8515702492066]}, "properties": {"SSAP_NGUID": "urn:emergency:uid:gis:SSAP:10094:fresnocountyca.gov", "DisclID": "fresnocountyca.gov", "CountyLocalID": "10094", "GERS_ID": null, "ConflationStatus": "COUNTY_ONLY", "Source": "FRESNO_COUNTY_GIS", "HNO": "1191", "PRD": "N", "STN": "TERRY", "STS": "AVE", "Unit": null, "CommunityName": "FRESNO", "County": "FRESNO", "State": "CA", "PostCode": null, "SpatialOffsetMeters": null}}, {"type": "Feature", "geometry": {"type": "Point", "coordinates": [-119.722525517737, 36.8510100312645]}, "properties": {"SSAP_NGUID": "urn:emergency:uid:gis:SSAP:10108:fresnocountyca.gov", "DisclID": "fresnocountyca.gov", "CountyLocalID": "10108", "GERS_ID": null, "ConflationStatus": "COUNTY_ONLY", "Source": "FRESNO_COUNTY_GIS", "HNO": "523", "PRD": "W", "STN": "FALLBROOK", "STS": "AVE", "Unit": null, "CommunityName": "FRESNO", "County": "FRESNO", "State": "CA", "PostCode": null, "SpatialOffsetMeters": null}}, {"type": "Feature", "geometry": {"type": "Point", "coordinates": [-119.726635542581, 36.8463183872946]}, "properties": {"SSAP_NGUID": "urn:emergency:uid:gis:SSAP:10122:fresnocountyca.gov", "DisclID": "fresnocountyca.gov", "CountyLocalID": "10122", "GERS_ID": null, "ConflationStatus": "COUNTY_ONLY", "Source": "FRESNO_COUNTY_GIS", "HNO": "680", "PRD": "W", "STN": "BEDFORD", "STS": "AVE", "Unit": null, "CommunityName": "FRESNO", "County": "FRESNO", "State": "CA", "PostCode": null, "SpatialOffsetMeters": null}}, {"type": "Feature", "geometry": {"type": "Point", "coordinates": [-119.723446440034, 36.848683221358]}, "properties": {"SSAP_NGUID": "urn:emergency:uid:gis:SSAP:10138:fresnocountyca.gov", "DisclID": "fresnocountyca.gov", "CountyLocalID": "10138", "GERS_ID": null, "ConflationStatus": "COUNTY_ONLY", "Source": "FRESNO_COUNTY_GIS", "HNO": "532", "PRD": "W", "STN": "EL PASO", "STS": "AVE", "Unit": null, "CommunityName": "FRESNO", "County": "FRESNO", "State": "CA", "PostCode": null, "SpatialOffsetMeters": null}}, {"type": "Feature", "geometry": {"type": "Point", "coordinates": [-119.716112294214, 36.8263191682731]}, "properties": {"SSAP_NGUID": "urn:emergency:uid:gis:SSAP:10155:fresnocountyca.gov", "DisclID": "fresnocountyca.gov", "CountyLocalID": "10155", "GERS_ID": null, "ConflationStatus": "COUNTY_ONLY", "Source": "FRESNO_COUNTY_GIS", "HNO": "331", "PRD": "W", "STN": "GIBSON", "STS": "AVE", "Unit": null, "CommunityName": "FRESNO", "County": "FRESNO", "State": "CA", "PostCode": null, "SpatialOffsetMeters": null}}, {"type": "Feature", "geometry": {"type": "Point", "coordinates": [-119.717719399223, 36.8274514608719]}, "properties": {"SSAP_NGUID": "urn:emergency:uid:gis:SSAP:10170:fresnocountyca.gov", "DisclID": "fresnocountyca.gov", "CountyLocalID": "10170", "GERS_ID": null, "ConflationStatus": "COUNTY_ONLY", "Source": "FRESNO_COUNTY_GIS", "HNO": "393", "PRD": "W", "STN": "ESCALON", "STS": "AVE", "Unit": null, "CommunityName": "FRESNO", "County": "FRESNO", "State": "CA", "PostCode": null, "SpatialOffsetMeters": null}}, {"type": "Feature", "geometry": {"type": "Point", "coordinates": [-119.716481948819, 36.8360550156363]}, "properties": {"SSAP_NGUID": "urn:emergency:uid:gis:SSAP:10186:fresnocountyca.gov", "DisclID": "fresnocountyca.gov", "CountyLocalID": "10186", "GERS_ID": null, "ConflationStatus": "COUNTY_ONLY", "Source": "FRESNO_COUNTY_GIS", "HNO": "329", "PRD": "W", "STN": "MAGILL", "STS": "AVE", "Unit": null, "CommunityName": "FRESNO", "County": "FRESNO", "State": "CA", "PostCode": null, "SpatialOffsetMeters": null}}, {"type": "Feature", "geometry": {"type": "Point", "coordinates": [-119.715802536899, 36.8356198520089]}, "properties": {"SSAP_NGUID": "urn:emergency:uid:gis:SSAP:10200:fresnocountyca.gov", "DisclID": "fresnocountyca.gov", "CountyLocalID": "10200", "GERS_ID": null, "ConflationStatus": "COUNTY_ONLY", "Source": "FRESNO_COUNTY_GIS", "HNO": "293", "PRD": "W", "STN": "MAGILL", "STS": "AVE", "Unit": null, "CommunityName": "FRESNO", "County": "FRESNO", "State": "CA", "PostCode": null, "SpatialOffsetMeters": null}}, {"type": "Feature", "geometry": {"type": "Point", "coordinates": [-119.715127095698, 36.8352105714784]}, "properties": {"SSAP_NGUID": "urn:emergency:uid:gis:SSAP:10217:fresnocountyca.gov", "DisclID": "fresnocountyca.gov", "CountyLocalID": "10217", "GERS_ID": null, "ConflationStatus": "COUNTY_ONLY", "Source": "FRESNO_COUNTY_GIS", "HNO": "258", "PRD": "W", "STN": "MAGILL", "STS": "AVE", "Unit": null, "CommunityName": "FRESNO", "County": "FRESNO", "State": "CA", "PostCode": null, "SpatialOffsetMeters": null}}, {"type": "Feature", "geometry": {"type": "Point", "coordinates": [-119.716834868864, 36.8344467985857]}, "properties": {"SSAP_NGUID": "urn:emergency:uid:gis:SSAP:10232:fresnocountyca.gov", "DisclID": "fresnocountyca.gov", "CountyLocalID": "10232", "GERS_ID": null, "ConflationStatus": "COUNTY_ONLY", "Source": "FRESNO_COUNTY_GIS", "HNO": "346", "PRD": "W", "STN": "FREMONT", "STS": "AVE", "Unit": null, "CommunityName": "FRESNO", "County": "FRESNO", "State": "CA", "PostCode": null, "SpatialOffsetMeters": null}}, {"type": "Feature", "geometry": {"type": "Point", "coordinates": [-119.715551769011, 36.8341221870945]}, "properties": {"SSAP_NGUID": "urn:emergency:uid:gis:SSAP:10245:fresnocountyca.gov", "DisclID": "fresnocountyca.gov", "CountyLocalID": "10245", "GERS_ID": null, "ConflationStatus": "COUNTY_ONLY", "Source": "FRESNO_COUNTY_GIS", "HNO": "283", "PRD": "W", "STN": "PALO ALTO", "STS": "AVE", "Unit": null, "CommunityName": "FRESNO", "County": "FRESNO", "State": "CA", "PostCode": null, "SpatialOffsetMeters": null}}, {"type": "Feature", "geometry": {"type": "Point", "coordinates": [-119.722812198687, 36.8478231237551]}, "properties": {"SSAP_NGUID": "urn:emergency:uid:gis:SSAP:10257:fresnocountyca.gov", "DisclID": "fresnocountyca.gov", "CountyLocalID": "10257", "GERS_ID": null, "ConflationStatus": "COUNTY_ONLY", "Source": "FRESNO_COUNTY_GIS", "HNO": "526", "PRD": "W", "STN": "DECATUR", "STS": "AVE", "Unit": null, "CommunityName": "FRESNO", "County": "FRESNO", "State": "CA", "PostCode": null, "SpatialOffsetMeters": null}}, {"type": "Feature", "geometry": {"type": "Point", "coordinates": [-119.722213046064, 36.8476062354051]}, "properties": {"SSAP_NGUID": "urn:emergency:uid:gis:SSAP:10272:fresnocountyca.gov", "DisclID": "fresnocountyca.gov", "CountyLocalID": "10272", "GERS_ID": null, "ConflationStatus": "COUNTY_ONLY", "Source": "FRESNO_COUNTY_GIS", "HNO": "497", "PRD": "W", "STN": "CROMWELL", "STS": "AVE", "Unit": null, "CommunityName": "FRESNO", "County": "FRESNO", "State": "CA", "PostCode": null, "SpatialOffsetMeters": null}}, {"type": "Feature", "geometry": {"type": "Point", "coordinates": [-119.722600061687, 36.846341882523]}, "properties": {"SSAP_NGUID": "urn:emergency:uid:gis:SSAP:10287:fresnocountyca.gov", "DisclID": "fresnocountyca.gov", "CountyLocalID": "10287", "GERS_ID": null, "ConflationStatus": "COUNTY_ONLY", "Source": "FRESNO_COUNTY_GIS", "HNO": "518", "PRD": "W", "STN": "BEDFORD", "STS": "AVE", "Unit": null, "CommunityName": "FRESNO", "County": "FRESNO", "State": "CA", "PostCode": null, "SpatialOffsetMeters": null}}, {"type": "Feature", "geometry": {"type": "Point", "coordinates": [-119.7237076109, 36.8460065517511]}, "properties": {"SSAP_NGUID": "urn:emergency:uid:gis:SSAP:10302:fresnocountyca.gov", "DisclID": "fresnocountyca.gov", "CountyLocalID": "10302", "GERS_ID": null, "ConflationStatus": "COUNTY_ONLY", "Source": "FRESNO_COUNTY_GIS", "HNO": "555", "PRD": "W", "STN": "ATHENS", "STS": "AVE", "Unit": null, "CommunityName": "FRESNO", "County": "FRESNO", "State": "CA", "PostCode": null, "SpatialOffsetMeters": null}}, {"type": "Feature", "geometry": {"type": "Point", "coordinates": [-119.72419515923, 36.8452141594074]}, "properties": {"SSAP_NGUID": "urn:emergency:uid:gis:SSAP:10317:fresnocountyca.gov", "DisclID": "fresnocountyca.gov", "CountyLocalID": "10317", "GERS_ID": null, "ConflationStatus": "COUNTY_ONLY", "Source": "FRESNO_COUNTY_GIS", "HNO": "575", "PRD": "W", "STN": "ALLUVIAL", "STS": "AVE", "Unit": null, "CommunityName": "FRESNO", "County": "FRESNO", "State": "CA", "PostCode": null, "SpatialOffsetMeters": null}}, {"type": "Feature", "geometry": {"type": "Point", "coordinates": [-119.719169665203, 36.8490111679133]}, "properties": {"SSAP_NGUID": "urn:emergency:uid:gis:SSAP:10334:fresnocountyca.gov", "DisclID": "fresnocountyca.gov", "CountyLocalID": "10334", "GERS_ID": null, "ConflationStatus": "COUNTY_ONLY", "Source": "FRESNO_COUNTY_GIS", "HNO": "365", "PRD": "W", "STN": "GOSHEN", "STS": "AVE", "Unit": null, "CommunityName": "FRESNO", "County": "FRESNO", "State": "CA", "PostCode": null, "SpatialOffsetMeters": null}}, {"type": "Feature", "geometry": {"type": "Point", "coordinates": [-119.7180889136, 36.8492807830083]}, "properties": {"SSAP_NGUID": "urn:emergency:uid:gis:SSAP:10348:fresnocountyca.gov", "DisclID": "fresnocountyca.gov", "CountyLocalID": "10348", "GERS_ID": null, "ConflationStatus": "COUNTY_ONLY", "Source": "FRESNO_COUNTY_GIS", "HNO": "1045", "PRD": "N", "STN": "CAESAR", "STS": "AVE", "Unit": null, "CommunityName": "FRESNO", "County": "FRESNO", "State": "CA", "PostCode": null, "SpatialOffsetMeters": null}}, {"type": "Feature", "geometry": {"type": "Point", "coordinates": [-119.716043642902, 36.8516532692704]}, "properties": {"SSAP_NGUID": "urn:emergency:uid:gis:SSAP:10361:fresnocountyca.gov", "DisclID": "fresnocountyca.gov", "CountyLocalID": "10361", "GERS_ID": null, "ConflationStatus": "COUNTY_ONLY", "Source": "FRESNO_COUNTY_GIS", "HNO": "203", "PRD": "W", "STN": "JORDAN", "STS": "AVE", "Unit": null, "CommunityName": "FRESNO", "County": "FRESNO", "State": "CA", "PostCode": null, "SpatialOffsetMeters": null}}, {"type": "Feature", "geometry": {"type": "Point", "coordinates": [-119.679514197883, 36.8658893156787]}, "properties": {"SSAP_NGUID": "urn:emergency:uid:gis:SSAP:10378:fresnocountyca.gov", "DisclID": "fresnocountyca.gov", "CountyLocalID": "10378", "GERS_ID": null, "ConflationStatus": "COUNTY_ONLY", "Source": "FRESNO_COUNTY_GIS", "HNO": "1990", "PRD": "N", "STN": "BURL", "STS": "AVE", "Unit": null, "CommunityName": "FRESNO", "County": "FRESNO", "State": "CA", "PostCode": null, "SpatialOffsetMeters": null}}, {"type": "Feature", "geometry": {"type": "Point", "coordinates": [-119.71434168336, 36.8495916391941]}, "properties": {"SSAP_NGUID": "urn:emergency:uid:gis:SSAP:10391:fresnocountyca.gov", "DisclID": "fresnocountyca.gov", "CountyLocalID": "10391", "GERS_ID": null, "ConflationStatus": "COUNTY_ONLY", "Source": "FRESNO_COUNTY_GIS", "HNO": "140", "PRD": "W", "STN": "WYNDOVER", "STS": "AVE", "Unit": null, "CommunityName": "FRESNO", "County": "FRESNO", "State": "CA", "PostCode": null, "SpatialOffsetMeters": null}}, {"type": "Feature", "geometry": {"type": "Point", "coordinates": [-119.715044645503, 36.8487177325348]}, "properties": {"SSAP_NGUID": "urn:emergency:uid:gis:SSAP:10408:fresnocountyca.gov", "DisclID": "fresnocountyca.gov", "CountyLocalID": "10408", "GERS_ID": null, "ConflationStatus": "COUNTY_ONLY", "Source": "FRESNO_COUNTY_GIS", "HNO": "172", "PRD": "W", "STN": "GOSHEN", "STS": "AVE", "Unit": null, "CommunityName": "FRESNO", "County": "FRESNO", "State": "CA", "PostCode": null, "SpatialOffsetMeters": null}}, {"type": "Feature", "geometry": {"type": "Point", "coordinates": [-119.719122109692, 36.8137608211787]}, "properties": {"SSAP_NGUID": "urn:emergency:uid:gis:SSAP:10423:fresnocountyca.gov", "DisclID": "fresnocountyca.gov", "CountyLocalID": "10423", "GERS_ID": null, "ConflationStatus": "COUNTY_ONLY", "Source": "FRESNO_COUNTY_GIS", "HNO": "438", "PRD": "W", "STN": "MITCHELL", "STS": "AVE", "Unit": null, "CommunityName": "FRESNO", "County": "FRESNO", "State": "CA", "PostCode": null, "SpatialOffsetMeters": null}}, {"type": "Feature", "geometry": {"type": "Point", "coordinates": [-119.722291963843, 36.8137654291836]}, "properties": {"SSAP_NGUID": "urn:emergency:uid:gis:SSAP:10444:fresnocountyca.gov", "DisclID": "fresnocountyca.gov", "CountyLocalID": "10444", "GERS_ID": null, "ConflationStatus": "COUNTY_ONLY", "Source": "FRESNO_COUNTY_GIS", "HNO": "588", "PRD": "W", "STN": "MITCHELL", "STS": "AVE", "Unit": null, "CommunityName": "FRESNO", "County": "FRESNO", "State": "CA", "PostCode": null, "SpatialOffsetMeters": null}}, {"type": "Feature", "geometry": {"type": "Point", "coordinates": [-119.722093293946, 36.8134757144147]}, "properties": {"SSAP_NGUID": "urn:emergency:uid:gis:SSAP:10463:fresnocountyca.gov", "DisclID": "fresnocountyca.gov", "CountyLocalID": "10463", "GERS_ID": null, "ConflationStatus": "COUNTY_ONLY", "Source": "FRESNO_COUNTY_GIS", "HNO": "577", "PRD": "W", "STN": "DENNIS", "STS": "AVE", "Unit": null, "CommunityName": "FRESNO", "County": "FRESNO", "State": "CA", "PostCode": null, "SpatialOffsetMeters": null}}, {"type": "Feature", "geometry": {"type": "Point", "coordinates": [-119.723814471208, 36.8130272422926]}, "properties": {"SSAP_NGUID": "urn:emergency:uid:gis:SSAP:10475:fresnocountyca.gov", "DisclID": "fresnocountyca.gov", "CountyLocalID": "10475", "GERS_ID": null, "ConflationStatus": "COUNTY_ONLY", "Source": "FRESNO_COUNTY_GIS", "HNO": "658", "PRD": "W", "STN": "DENNIS", "STS": "AVE", "Unit": null, "CommunityName": "FRESNO", "County": "FRESNO", "State": "CA", "PostCode": null, "SpatialOffsetMeters": null}}, {"type": "Feature", "geometry": {"type": "Point", "coordinates": [-119.723208719011, 36.812740510999]}, "properties": {"SSAP_NGUID": "urn:emergency:uid:gis:SSAP:10489:fresnocountyca.gov", "DisclID": "fresnocountyca.gov", "CountyLocalID": "10489", "GERS_ID": null, "ConflationStatus": "COUNTY_ONLY", "Source": "FRESNO_COUNTY_GIS", "HNO": "627", "PRD": "W", "STN": "BEVERLY", "STS": "AVE", "Unit": null, "CommunityName": "FRESNO", "County": "FRESNO", "State": "CA", "PostCode": null, "SpatialOffsetMeters": null}}, {"type": "Feature", "geometry": {"type": "Point", "coordinates": [-119.721846444757, 36.8431834869173]}, "properties": {"SSAP_NGUID": "urn:emergency:uid:gis:SSAP:10505:fresnocountyca.gov", "DisclID": "fresnocountyca.gov", "CountyLocalID": "10505", "GERS_ID": null, "ConflationStatus": "COUNTY_ONLY", "Source": "FRESNO_COUNTY_GIS", "HNO": "480", "PRD": "W", "STN": "CHENNAULT", "STS": "AVE", "Unit": null, "CommunityName": "FRESNO", "County": "FRESNO", "State": "CA", "PostCode": null, "SpatialOffsetMeters": null}}, {"type": "Feature", "geometry": {"type": "Point", "coordinates": [-119.721729373887, 36.8423283662252]}, "properties": {"SSAP_NGUID": "urn:emergency:uid:gis:SSAP:10518:fresnocountyca.gov", "DisclID": "fresnocountyca.gov", "CountyLocalID": "10518", "GERS_ID": null, "ConflationStatus": "COUNTY_ONLY", "Source": "FRESNO_COUNTY_GIS", "HNO": "466", "PRD": "W", "STN": "KELLY", "STS": "AVE", "Unit": null, "CommunityName": "FRESNO", "County": "FRESNO", "State": "CA", "PostCode": null, "SpatialOffsetMeters": null}}, {"type": "Feature", "geometry": {"type": "Point", "coordinates": [-119.721002270458, 36.8419164373277]}, "properties": {"SSAP_NGUID": "urn:emergency:uid:gis:SSAP:10533:fresnocountyca.gov", "DisclID": "fresnocountyca.gov", "CountyLocalID": "10533", "GERS_ID": null, "ConflationStatus": "COUNTY_ONLY", "Source": "FRESNO_COUNTY_GIS", "HNO": "447", "PRD": "W", "STN": "BIRCH", "STS": "AVE", "Unit": null, "CommunityName": "FRESNO", "County": "FRESNO", "State": "CA", "PostCode": null, "SpatialOffsetMeters": null}}, {"type": "Feature", "geometry": {"type": "Point", "coordinates": [-119.720996771312, 36.8414285280597]}, "properties": {"SSAP_NGUID": "urn:emergency:uid:gis:SSAP:10546:fresnocountyca.gov", "DisclID": "fresnocountyca.gov", "CountyLocalID": "10546", "GERS_ID": null, "ConflationStatus": "COUNTY_ONLY", "Source": "FRESNO_COUNTY_GIS", "HNO": "448", "PRD": "W", "STN": "BIRCH", "STS": "AVE", "Unit": null, "CommunityName": "FRESNO", "County": "FRESNO", "State": "CA", "PostCode": null, "SpatialOffsetMeters": null}}, {"type": "Feature", "geometry": {"type": "Point", "coordinates": [-119.717660461604, 36.8431753118413]}, "properties": {"SSAP_NGUID": "urn:emergency:uid:gis:SSAP:10569:fresnocountyca.gov", "DisclID": "fresnocountyca.gov", "CountyLocalID": "10569", "GERS_ID": null, "ConflationStatus": "COUNTY_ONLY", "Source": "FRESNO_COUNTY_GIS", "HNO": "291", "PRD": "W", "STN": "CHENNAULT", "STS": "AVE", "Unit": null, "CommunityName": "FRESNO", "County": "FRESNO", "State": "CA", "PostCode": null, "SpatialOffsetMeters": null}}, {"type": "Feature", "geometry": {"type": "Point", "coordinates": [-119.717643185498, 36.8427089485062]}, "properties": {"SSAP_NGUID": "urn:emergency:uid:gis:SSAP:10581:fresnocountyca.gov", "DisclID": "fresnocountyca.gov", "CountyLocalID": "10581", "GERS_ID": null, "ConflationStatus": "COUNTY_ONLY", "Source": "FRESNO_COUNTY_GIS", "HNO": "294", "PRD": "W", "STN": "CHENNAULT", "STS": "AVE", "Unit": null, "CommunityName": "FRESNO", "County": "FRESNO", "State": "CA", "PostCode": null, "SpatialOffsetMeters": null}}, {"type": "Feature", "geometry": {"type": "Point", "coordinates": [-119.717654503738, 36.8424303028111]}, "properties": {"SSAP_NGUID": "urn:emergency:uid:gis:SSAP:10596:fresnocountyca.gov", "DisclID": "fresnocountyca.gov", "CountyLocalID": "10596", "GERS_ID": null, "ConflationStatus": "COUNTY_ONLY", "Source": "FRESNO_COUNTY_GIS", "HNO": "293", "PRD": "W", "STN": "KELLY", "STS": "AVE", "Unit": null, "CommunityName": "FRESNO", "County": "FRESNO", "State": "CA", "PostCode": null, "SpatialOffsetMeters": null}}, {"type": "Feature", "geometry": {"type": "Point", "coordinates": [-119.69204092187, 36.8441178474794]}, "properties": {"SSAP_NGUID": "urn:emergency:uid:gis:SSAP:10611:fresnocountyca.gov", "DisclID": "fresnocountyca.gov", "CountyLocalID": "10611", "GERS_ID": null, "ConflationStatus": "COUNTY_ONLY", "Source": "FRESNO_COUNTY_GIS", "HNO": "783", "PRD": "N", "STN": "CLAREMONT", "STS": "AVE", "Unit": null, "CommunityName": "FRESNO", "County": "FRESNO", "State": "CA", "PostCode": null, "SpatialOffsetMeters": null}}, {"type": "Feature", "geometry": {"type": "Point", "coordinates": [-119.724074437922, 36.8443177190958]}, "properties": {"SSAP_NGUID": "urn:emergency:uid:gis:SSAP:10624:fresnocountyca.gov", "DisclID": "fresnocountyca.gov", "CountyLocalID": "10624", "GERS_ID": null, "ConflationStatus": "COUNTY_ONLY", "Source": "FRESNO_COUNTY_GIS", "HNO": "571", "PRD": "W", "STN": "MINARETS", "STS": "AVE", "Unit": null, "CommunityName": "FRESNO", "County": "FRESNO", "State": "CA", "PostCode": null, "SpatialOffsetMeters": null}}, {"type": "Feature", "geometry": {"type": "Point", "coordinates": [-119.721874805831, 36.8435646709648]}, "properties": {"SSAP_NGUID": "urn:emergency:uid:gis:SSAP:10636:fresnocountyca.gov", "DisclID": "fresnocountyca.gov", "CountyLocalID": "10636", "GERS_ID": null, "ConflationStatus": "COUNTY_ONLY", "Source": "FRESNO_COUNTY_GIS", "HNO": "735", "PRD": "N", "STN": "TERRY", "STS": "AVE", "Unit": null, "CommunityName": "FRESNO", "County": "FRESNO", "State": "CA", "PostCode": null, "SpatialOffsetMeters": null}}, {"type": "Feature", "geometry": {"type": "Point", "coordinates": [-119.689273747225, 36.8450979929097]}, "properties": {"SSAP_NGUID": "urn:emergency:uid:gis:SSAP:10652:fresnocountyca.gov", "DisclID": "fresnocountyca.gov", "CountyLocalID": "10652", "GERS_ID": null, "ConflationStatus": "COUNTY_ONLY", "Source": "FRESNO_COUNTY_GIS", "HNO": "804", "PRD": "N", "STN": "FORDHAM", "STS": "AVE", "Unit": null, "CommunityName": "FRESNO", "County": "FRESNO", "State": "CA", "PostCode": null, "SpatialOffsetMeters": null}}, {"type": "Feature", "geometry": {"type": "Point", "coordinates": [-119.695716483457, 36.8329913464819]}, "properties": {"SSAP_NGUID": "urn:emergency:uid:gis:SSAP:10666:fresnocountyca.gov", "DisclID": "fresnocountyca.gov", "CountyLocalID": "10666", "GERS_ID": null, "ConflationStatus": "COUNTY_ONLY", "Source": "FRESNO_COUNTY_GIS", "HNO": "177", "PRD": "N", "STN": "PHILLIP", "STS": "AVE", "Unit": null, "CommunityName": "FRESNO", "County": "FRESNO", "State": "CA", "PostCode": null, "SpatialOffsetMeters": null}}, {"type": "Feature", "geometry": {"type": "Point", "coordinates": [-119.719714338189, 36.8130180204103]}, "properties": {"SSAP_NGUID": "urn:emergency:uid:gis:SSAP:10678:fresnocountyca.gov", "DisclID": "fresnocountyca.gov", "CountyLocalID": "10678", "GERS_ID": null, "ConflationStatus": "COUNTY_ONLY", "Source": "FRESNO_COUNTY_GIS", "HNO": "468", "PRD": "W", "STN": "DENNIS", "STS": "AVE", "Unit": null, "CommunityName": "FRESNO", "County": "FRESNO", "State": "CA", "PostCode": null, "SpatialOffsetMeters": null}}, {"type": "Feature", "geometry": {"type": "Point", "coordinates": [-119.723584561406, 36.8123132123566]}, "properties": {"SSAP_NGUID": "urn:emergency:uid:gis:SSAP:10693:fresnocountyca.gov", "DisclID": "fresnocountyca.gov", "CountyLocalID": "10693", "GERS_ID": null, "ConflationStatus": "COUNTY_ONLY", "Source": "FRESNO_COUNTY_GIS", "HNO": "648", "PRD": "W", "STN": "BEVERLY", "STS": "AVE", "Unit": null, "CommunityName": "FRESNO", "County": "FRESNO", "State": "CA", "PostCode": null, "SpatialOffsetMeters": null}}, {"type": "Feature", "geometry": {"type": "Point", "coordinates": [-119.722931071839, 36.8119749470801]}, "properties": {"SSAP_NGUID": "urn:emergency:uid:gis:SSAP:10709:fresnocountyca.gov", "DisclID": "fresnocountyca.gov", "CountyLocalID": "10709", "GERS_ID": null, "ConflationStatus": "COUNTY_ONLY", "Source": "FRESNO_COUNTY_GIS", "HNO": "617", "PRD": "W", "STN": "SAN JOSE", "STS": "AVE", "Unit": null, "CommunityName": "FRESNO", "County": "FRESNO", "State": "CA", "PostCode": null, "SpatialOffsetMeters": null}}, {"type": "Feature", "geometry": {"type": "Point", "coordinates": [-119.719286578773, 36.8122607216942]}, "properties": {"SSAP_NGUID": "urn:emergency:uid:gis:SSAP:10726:fresnocountyca.gov", "DisclID": "fresnocountyca.gov", "CountyLocalID": "10726", "GERS_ID": null, "ConflationStatus": "COUNTY_ONLY", "Source": "FRESNO_COUNTY_GIS", "HNO": "448", "PRD": "W", "STN": "BEVERLY", "STS": "AVE", "Unit": null, "CommunityName": "FRESNO", "County": "FRESNO", "State": "CA", "PostCode": null, "SpatialOffsetMeters": null}}, {"type": "Feature", "geometry": {"type": "Point", "coordinates": [-119.722559381553, 36.8115621526311]}, "properties": {"SSAP_NGUID": "urn:emergency:uid:gis:SSAP:10742:fresnocountyca.gov", "DisclID": "fresnocountyca.gov", "CountyLocalID": "10742", "GERS_ID": null, "ConflationStatus": "COUNTY_ONLY", "Source": "FRESNO_COUNTY_GIS", "HNO": "598", "PRD": "W", "STN": "SAN JOSE", "STS": "AVE", "Unit": null, "CommunityName": "FRESNO", "County": "FRESNO", "State": "CA", "PostCode": null, "SpatialOffsetMeters": null}}, {"type": "Feature", "geometry": {"type": "Point", "coordinates": [-119.721724395518, 36.8113155134795]}, "properties": {"SSAP_NGUID": "urn:emergency:uid:gis:SSAP:10759:fresnocountyca.gov", "DisclID": "fresnocountyca.gov", "CountyLocalID": "10759", "GERS_ID": null, "ConflationStatus": "COUNTY_ONLY", "Source": "FRESNO_COUNTY_GIS", "HNO": "557", "PRD": "W", "STN": "SCOTT", "STS": "AVE", "Unit": null, "CommunityName": "FRESNO", "County": "FRESNO", "State": "CA", "PostCode": null, "SpatialOffsetMeters": null}}, {"type": "Feature", "geometry": {"type": "Point", "coordinates": [-119.720417739422, 36.8113168277668]}, "properties": {"SSAP_NGUID": "urn:emergency:uid:gis:SSAP:10774:fresnocountyca.gov", "DisclID": "fresnocountyca.gov", "CountyLocalID": "10774", "GERS_ID": null, "ConflationStatus": "COUNTY_ONLY", "Source": "FRESNO_COUNTY_GIS", "HNO": "497", "PRD": "W", "STN": "SCOTT", "STS": "AVE", "Unit": null, "CommunityName": "FRESNO", "County": "FRESNO", "State": "CA", "PostCode": null, "SpatialOffsetMeters": null}}, {"type": "Feature", "geometry": {"type": "Point", "coordinates": [-119.721936111164, 36.8108614802605]}, "properties": {"SSAP_NGUID": "urn:emergency:uid:gis:SSAP:10788:fresnocountyca.gov", "DisclID": "fresnocountyca.gov", "CountyLocalID": "10788", "GERS_ID": null, "ConflationStatus": "COUNTY_ONLY", "Source": "FRESNO_COUNTY_GIS", "HNO": "568", "PRD": "W", "STN": "SCOTT", "STS": "AVE", "Unit": null, "CommunityName": "FRESNO", "County": "FRESNO", "State": "CA", "PostCode": null, "SpatialOffsetMeters": null}}, {"type": "Feature", "geometry": {"type": "Point", "coordinates": [-119.718681231495, 36.8418794152603]}, "properties": {"SSAP_NGUID": "urn:emergency:uid:gis:SSAP:10804:fresnocountyca.gov", "DisclID": "fresnocountyca.gov", "CountyLocalID": "10804", "GERS_ID": null, "ConflationStatus": "COUNTY_ONLY", "Source": "FRESNO_COUNTY_GIS", "HNO": "345", "PRD": "W", "STN": "BIRCH", "STS": "AVE", "Unit": null, "CommunityName": "FRESNO", "County": "FRESNO", "State": "CA", "PostCode": null, "SpatialOffsetMeters": null}}, {"type": "Feature", "geometry": {"type": "Point", "coordinates": [-119.7188891043, 36.8413960007751]}, "properties": {"SSAP_NGUID": "urn:emergency:uid:gis:SSAP:10820:fresnocountyca.gov", "DisclID": "fresnocountyca.gov", "CountyLocalID": "10820", "GERS_ID": null, "ConflationStatus": "COUNTY_ONLY", "Source": "FRESNO_COUNTY_GIS", "HNO": "350", "PRD": "W", "STN": "BIRCH", "STS": "AVE", "Unit": null, "CommunityName": "FRESNO", "County": "FRESNO", "State": "CA", "PostCode": null, "SpatialOffsetMeters": null}}, {"type": "Feature", "geometry": {"type": "Point", "coordinates": [-119.713273636233, 36.8464542834312]}, "properties": {"SSAP_NGUID": "urn:emergency:uid:gis:SSAP:10834:fresnocountyca.gov", "DisclID": "fresnocountyca.gov", "CountyLocalID": "10834", "GERS_ID": null, "ConflationStatus": "COUNTY_ONLY", "Source": "FRESNO_COUNTY_GIS", "HNO": "83", "PRD": "W", "STN": "BEDFORD", "STS": "AVE", "Unit": null, "CommunityName": "FRESNO", "County": "FRESNO", "State": "CA", "PostCode": null, "SpatialOffsetMeters": null}}, {"type": "Feature", "geometry": {"type": "Point", "coordinates": [-119.718281770224, 36.8477317870062]}, "properties": {"SSAP_NGUID": "urn:emergency:uid:gis:SSAP:10854:fresnocountyca.gov", "DisclID": "fresnocountyca.gov", "CountyLocalID": "10854", "GERS_ID": null, "ConflationStatus": "COUNTY_ONLY", "Source": "FRESNO_COUNTY_GIS", "HNO": "317", "PRD": "W", "STN": "EL PASO", "STS": "AVE", "Unit": null, "CommunityName": "FRESNO", "County": "FRESNO", "State": "CA", "PostCode": null, "SpatialOffsetMeters": null}}, {"type": "Feature", "geometry": {"type": "Point", "coordinates": [-119.685438640946, 36.8396829698492]}, "properties": {"SSAP_NGUID": "urn:emergency:uid:gis:SSAP:10871:fresnocountyca.gov", "DisclID": "fresnocountyca.gov", "CountyLocalID": "10871", "GERS_ID": null, "ConflationStatus": "COUNTY_ONLY", "Source": "FRESNO_COUNTY_GIS", "HNO": "689", "PRD": "N", "STN": "RENN", "STS": "AVE", "Unit": null, "CommunityName": "FRESNO", "County": "FRESNO", "State": "CA", "PostCode": null, "SpatialOffsetMeters": null}}, {"type": "Feature", "geometry": {"type": "Point", "coordinates": [-119.685048990726, 36.8393408575691]}, "properties": {"SSAP_NGUID": "urn:emergency:uid:gis:SSAP:10890:fresnocountyca.gov", "DisclID": "fresnocountyca.gov", "CountyLocalID": "10890", "GERS_ID": null, "ConflationStatus": "COUNTY_ONLY", "Source": "FRESNO_COUNTY_GIS", "HNO": "682", "PRD": "N", "STN": "SHIRLEY", "STS": "AVE", "Unit": null, "CommunityName": "FRESNO", "County": "FRESNO", "State": "CA", "PostCode": null, "SpatialOffsetMeters": null}}, {"type": "Feature", "geometry": {"type": "Point", "coordinates": [-119.718039302983, 36.8473710943014]}, "properties": {"SSAP_NGUID": "urn:emergency:uid:gis:SSAP:10913:fresnocountyca.gov", "DisclID": "fresnocountyca.gov", "CountyLocalID": "10913", "GERS_ID": null, "ConflationStatus": "COUNTY_ONLY", "Source": "FRESNO_COUNTY_GIS", "HNO": "306", "PRD": "W", "STN": "EL PASO", "STS": "AVE", "Unit": null, "CommunityName": "FRESNO", "County": "FRESNO", "State": "CA", "PostCode": null, "SpatialOffsetMeters": null}}, {"type": "Feature", "geometry": {"type": "Point", "coordinates": [-119.716252481517, 36.8485580541636]}, "properties": {"SSAP_NGUID": "urn:emergency:uid:gis:SSAP:11259:fresnocountyca.gov", "DisclID": "fresnocountyca.gov", "CountyLocalID": "11259", "GERS_ID": null, "ConflationStatus": "COUNTY_ONLY", "Source": "FRESNO_COUNTY_GIS", "HNO": "212", "PRD": "W", "STN": "GOSHEN", "STS": "AVE", "Unit": null, "CommunityName": "FRESNO", "County": "FRESNO", "State": "CA", "PostCode": null, "SpatialOffsetMeters": null}}, {"type": "Feature", "geometry": {"type": "Point", "coordinates": [-119.713750355346, 36.8513257334986]}, "properties": {"SSAP_NGUID": "urn:emergency:uid:gis:SSAP:11275:fresnocountyca.gov", "DisclID": "fresnocountyca.gov", "CountyLocalID": "11275", "GERS_ID": null, "ConflationStatus": "COUNTY_ONLY", "Source": "FRESNO_COUNTY_GIS", "HNO": "126", "PRD": "W", "STN": "JORDAN", "STS": "AVE", "Unit": null, "CommunityName": "FRESNO", "County": "FRESNO", "State": "CA", "PostCode": null, "SpatialOffsetMeters": null}}, {"type": "Feature", "geometry": {"type": "Point", "coordinates": [-119.714578733291, 36.8503917591755]}, "properties": {"SSAP_NGUID": "urn:emergency:uid:gis:SSAP:11288:fresnocountyca.gov", "DisclID": "fresnocountyca.gov", "CountyLocalID": "11288", "GERS_ID": null, "ConflationStatus": "COUNTY_ONLY", "Source": "FRESNO_COUNTY_GIS", "HNO": "154", "PRD": "W", "STN": "HOUSTON", "STS": "AVE", "Unit": null, "CommunityName": "FRESNO", "County": "FRESNO", "State": "CA", "PostCode": null, "SpatialOffsetMeters": null}}, {"type": "Feature", "geometry": {"type": "Point", "coordinates": [-119.717813514735, 36.8471540891906]}, "properties": {"SSAP_NGUID": "urn:emergency:uid:gis:SSAP:11302:fresnocountyca.gov", "DisclID": "fresnocountyca.gov", "CountyLocalID": "11302", "GERS_ID": null, "ConflationStatus": "COUNTY_ONLY", "Source": "FRESNO_COUNTY_GIS", "HNO": "295", "PRD": "W", "STN": "DECATUR", "STS": "AVE", "Unit": null, "CommunityName": "FRESNO", "County": "FRESNO", "State": "CA", "PostCode": null, "SpatialOffsetMeters": null}}, {"type": "Feature", "geometry": {"type": "Point", "coordinates": [-119.717028352348, 36.8469065643871]}, "properties": {"SSAP_NGUID": "urn:emergency:uid:gis:SSAP:11328:fresnocountyca.gov", "DisclID": "fresnocountyca.gov", "CountyLocalID": "11328", "GERS_ID": null, "ConflationStatus": "COUNTY_ONLY", "Source": "FRESNO_COUNTY_GIS", "HNO": "254", "PRD": "W", "STN": "DECATUR", "STS": "AVE", "Unit": null, "CommunityName": "FRESNO", "County": "FRESNO", "State": "CA", "PostCode": null, "SpatialOffsetMeters": null}}, {"type": "Feature", "geometry": {"type": "Point", "coordinates": [-119.718859699438, 36.8101372544606]}, "properties": {"SSAP_NGUID": "urn:emergency:uid:gis:SSAP:11343:fresnocountyca.gov", "DisclID": "fresnocountyca.gov", "CountyLocalID": "11343", "GERS_ID": null, "ConflationStatus": "COUNTY_ONLY", "Source": "FRESNO_COUNTY_GIS", "HNO": "426", "PRD": "W", "STN": "KEATS", "STS": "AVE", "Unit": null, "CommunityName": "FRESNO", "County": "FRESNO", "State": "CA", "PostCode": null, "SpatialOffsetMeters": null}}, {"type": "Feature", "geometry": {"type": "Point", "coordinates": [-119.719893360516, 36.8097758336649]}, "properties": {"SSAP_NGUID": "urn:emergency:uid:gis:SSAP:11353:fresnocountyca.gov", "DisclID": "fresnocountyca.gov", "CountyLocalID": "11353", "GERS_ID": null, "ConflationStatus": "COUNTY_ONLY", "Source": "FRESNO_COUNTY_GIS", "HNO": "477", "PRD": "W", "STN": "TWAIN", "STS": "AVE", "Unit": null, "CommunityName": "FRESNO", "County": "FRESNO", "State": "CA", "PostCode": null, "SpatialOffsetMeters": null}}, {"type": "Feature", "geometry": {"type": "Point", "coordinates": [-119.714897276156, 36.8318443723249]}, "properties": {"SSAP_NGUID": "urn:emergency:uid:gis:SSAP:11366:fresnocountyca.gov", "DisclID": "fresnocountyca.gov", "CountyLocalID": "11366", "GERS_ID": null, "ConflationStatus": "COUNTY_ONLY", "Source": "FRESNO_COUNTY_GIS", "HNO": "259", "PRD": "W", "STN": "PAUL", "STS": "AVE", "Unit": null, "CommunityName": "FRESNO", "County": "FRESNO", "State": "CA", "PostCode": null, "SpatialOffsetMeters": null}}, {"type": "Feature", "geometry": {"type": "Point", "coordinates": [-119.717202719743, 36.831399937221]}, "properties": {"SSAP_NGUID": "urn:emergency:uid:gis:SSAP:11382:fresnocountyca.gov", "DisclID": "fresnocountyca.gov", "CountyLocalID": "11382", "GERS_ID": null, "ConflationStatus": "COUNTY_ONLY", "Source": "FRESNO_COUNTY_GIS", "HNO": "360", "PRD": "W", "STN": "PAUL", "STS": "AVE", "Unit": null, "CommunityName": "FRESNO", "County": "FRESNO", "State": "CA", "PostCode": null, "SpatialOffsetMeters": null}}, {"type": "Feature", "geometry": {"type": "Point", "coordinates": [-119.715560409102, 36.8309217964535]}, "properties": {"SSAP_NGUID": "urn:emergency:uid:gis:SSAP:11396:fresnocountyca.gov", "DisclID": "fresnocountyca.gov", "CountyLocalID": "11396", "GERS_ID": null, "ConflationStatus": "COUNTY_ONLY", "Source": "FRESNO_COUNTY_GIS", "HNO": "43", "PRD": "N", "STN": "BUSH", "STS": "AVE", "Unit": null, "CommunityName": "FRESNO", "County": "FRESNO", "State": "CA", "PostCode": null, "SpatialOffsetMeters": null}}, {"type": "Feature", "geometry": {"type": "Point", "coordinates": [-119.711673404368, 36.8332252004333]}, "properties": {"SSAP_NGUID": "urn:emergency:uid:gis:SSAP:11411:fresnocountyca.gov", "DisclID": "fresnocountyca.gov", "CountyLocalID": "11411", "GERS_ID": null, "ConflationStatus": "COUNTY_ONLY", "Source": "FRESNO_COUNTY_GIS", "HNO": "117", "PRD": "W", "STN": "POLSON", "STS": "AVE", "Unit": null, "CommunityName": "FRESNO", "County": "FRESNO", "State": "CA", "PostCode": null, "SpatialOffsetMeters": null}}, {"type": "Feature", "geometry": {"type": "Point", "coordinates": [-119.712596898115, 36.8328376279198]}, "properties": {"SSAP_NGUID": "urn:emergency:uid:gis:SSAP:11425:fresnocountyca.gov", "DisclID": "fresnocountyca.gov", "CountyLocalID": "11425", "GERS_ID": null, "ConflationStatus": "COUNTY_ONLY", "Source": "FRESNO_COUNTY_GIS", "HNO": "158", "PRD": "W", "STN": "POLSON", "STS": "AVE", "Unit": null, "CommunityName": "FRESNO", "County": "FRESNO", "State": "CA", "PostCode": null, "SpatialOffsetMeters": null}}, {"type": "Feature", "geometry": {"type": "Point", "coordinates": [-119.710189396249, 36.83060099319]}, "properties": {"SSAP_NGUID": "urn:emergency:uid:gis:SSAP:11439:fresnocountyca.gov", "DisclID": "fresnocountyca.gov", "CountyLocalID": "11439", "GERS_ID": null, "ConflationStatus": "COUNTY_ONLY", "Source": "FRESNO_COUNTY_GIS", "HNO": "55", "PRD": "W", "STN": "SIERRA", "STS": "AVE", "Unit": null, "CommunityName": "FRESNO", "County": "FRESNO", "State": "CA", "PostCode": null, "SpatialOffsetMeters": null}}, {"type": "Feature", "geometry": {"type": "Point", "coordinates": [-119.710716974151, 36.850366129818]}, "properties": {"SSAP_NGUID": "urn:emergency:uid:gis:SSAP:11451:fresnocountyca.gov", "DisclID": "fresnocountyca.gov", "CountyLocalID": "11451", "GERS_ID": null, "ConflationStatus": "COUNTY_ONLY", "Source": "FRESNO_COUNTY_GIS", "HNO": "1096", "PRD": "N", "STN": "CHERRY", "STS": "LN", "Unit": null, "CommunityName": "FRESNO", "County": "FRESNO", "State": "CA", "PostCode": null, "SpatialOffsetMeters": null}}, {"type": "Feature", "geometry": {"type": "Point", "coordinates": [-119.711648633713, 36.8314896153121]}, "properties": {"SSAP_NGUID": "urn:emergency:uid:gis:SSAP:11468:fresnocountyca.gov", "DisclID": "fresnocountyca.gov", "CountyLocalID": "11468", "GERS_ID": null, "ConflationStatus": "COUNTY_ONLY", "Source": "FRESNO_COUNTY_GIS", "HNO": "121", "PRD": "W", "STN": "MENLO", "STS": "AVE", "Unit": null, "CommunityName": "FRESNO", "County": "FRESNO", "State": "CA", "PostCode": null, "SpatialOffsetMeters": null}}, {"type": "Feature", "geometry": {"type": "Point", "coordinates": [-119.712554222959, 36.8318999718126]}, "properties": {"SSAP_NGUID": "urn:emergency:uid:gis:SSAP:11481:fresnocountyca.gov", "DisclID": "fresnocountyca.gov", "CountyLocalID": "11481", "GERS_ID": null, "ConflationStatus": "COUNTY_ONLY", "Source": "FRESNO_COUNTY_GIS", "HNO": "160", "PRD": "W", "STN": "PAUL", "STS": "AVE", "Unit": null, "CommunityName": "FRESNO", "County": "FRESNO", "State": "CA", "PostCode": null, "SpatialOffsetMeters": null}}, {"type": "Feature", "geometry": {"type": "Point", "coordinates": [-119.709505452701, 36.865102983219]}, "properties": {"SSAP_NGUID": "urn:emergency:uid:gis:SSAP:11494:fresnocountyca.gov", "DisclID": "fresnocountyca.gov", "CountyLocalID": "11494", "GERS_ID": null, "ConflationStatus": "COUNTY_ONLY", "Source": "FRESNO_COUNTY_GIS", "HNO": "1936", "PRD": "N", "STN": "OXFORD", "STS": "AVE", "Unit": null, "CommunityName": "FRESNO", "County": "FRESNO", "State": "CA", "PostCode": null, "SpatialOffsetMeters": null}}, {"type": "Feature", "geometry": {"type": "Point", "coordinates": [-119.70419810267, 36.8316589649267]}, "properties": {"SSAP_NGUID": "urn:emergency:uid:gis:SSAP:11511:fresnocountyca.gov", "DisclID": "fresnocountyca.gov", "CountyLocalID": "11511", "GERS_ID": null, "ConflationStatus": "COUNTY_ONLY", "Source": "FRESNO_COUNTY_GIS", "HNO": "53", "PRD": "N", "STN": "DE WITT", "STS": "AVE", "Unit": null, "CommunityName": "FRESNO", "County": "FRESNO", "State": "CA", "PostCode": null, "SpatialOffsetMeters": null}}, {"type": "Feature", "geometry": {"type": "Point", "coordinates": [-119.707208280413, 36.8647092292541]}, "properties": {"SSAP_NGUID": "urn:emergency:uid:gis:SSAP:11524:fresnocountyca.gov", "DisclID": "fresnocountyca.gov", "CountyLocalID": "11524", "GERS_ID": null, "ConflationStatus": "COUNTY_ONLY", "Source": "FRESNO_COUNTY_GIS", "HNO": "1910", "PRD": "N", "STN": "DARTMOUTH", "STS": "AVE", "Unit": null, "CommunityName": "FRESNO", "County": "FRESNO", "State": "CA", "PostCode": null, "SpatialOffsetMeters": null}}, {"type": "Feature", "geometry": {"type": "Point", "coordinates": [-119.704186157234, 36.83094078769]}, "properties": {"SSAP_NGUID": "urn:emergency:uid:gis:SSAP:11538:fresnocountyca.gov", "DisclID": "fresnocountyca.gov", "CountyLocalID": "11538", "GERS_ID": null, "ConflationStatus": "COUNTY_ONLY", "Source": "FRESNO_COUNTY_GIS", "HNO": "21", "PRD": "N", "STN": "DE WITT", "STS": "AVE", "Unit": null, "CommunityName": "FRESNO", "County": "FRESNO", "State": "CA", "PostCode": null, "SpatialOffsetMeters": null}}, {"type": "Feature", "geometry": {"type": "Point", "coordinates": [-119.722354707356, 36.8106138900047]}, "properties": {"SSAP_NGUID": "urn:emergency:uid:gis:SSAP:11551:fresnocountyca.gov", "DisclID": "fresnocountyca.gov", "CountyLocalID": "11551", "GERS_ID": null, "ConflationStatus": "COUNTY_ONLY", "Source": "FRESNO_COUNTY_GIS", "HNO": "587", "PRD": "W", "STN": "KEATS", "STS": "AVE", "Unit": null, "CommunityName": "FRESNO", "County": "FRESNO", "State": "CA", "PostCode": null, "SpatialOffsetMeters": null}}, {"type": "Feature", "geometry": {"type": "Point", "coordinates": [-119.72296764745, 36.8101724233188]}, "properties": {"SSAP_NGUID": "urn:emergency:uid:gis:SSAP:11561:fresnocountyca.gov", "DisclID": "fresnocountyca.gov", "CountyLocalID": "11561", "GERS_ID": null, "ConflationStatus": "COUNTY_ONLY", "Source": "FRESNO_COUNTY_GIS", "HNO": "618", "PRD": "W", "STN": "KEATS", "STS": "AVE", "Unit": null, "CommunityName": "FRESNO", "County": "FRESNO", "State": "CA", "PostCode": null, "SpatialOffsetMeters": null}}, {"type": "Feature", "geometry": {"type": "Point", "coordinates": [-119.725968618637, 36.8088556763887]}, "properties": {"SSAP_NGUID": "urn:emergency:uid:gis:SSAP:11576:fresnocountyca.gov", "DisclID": "fresnocountyca.gov", "CountyLocalID": "11576", "GERS_ID": null, "ConflationStatus": "COUNTY_ONLY", "Source": "FRESNO_COUNTY_GIS", "HNO": "751", "PRD": "W", "STN": "SHAW", "STS": "AVE", "Unit": null, "CommunityName": "FRESNO", "County": "FRESNO", "State": "CA", "PostCode": null, "SpatialOffsetMeters": null}}, {"type": "Feature", "geometry": {"type": "Point", "coordinates": [-119.72426104316, 36.8155567223568]}, "properties": {"SSAP_NGUID": "urn:emergency:uid:gis:SSAP:11588:fresnocountyca.gov", "DisclID": "fresnocountyca.gov", "CountyLocalID": "11588", "GERS_ID": null, "ConflationStatus": "COUNTY_ONLY", "Source": "FRESNO_COUNTY_GIS", "HNO": "666", "PRD": "W", "STN": "BARSTOW", "STS": "AVE", "Unit": null, "CommunityName": "FRESNO", "County": "FRESNO", "State": "CA", "PostCode": null, "SpatialOffsetMeters": null}}, {"type": "Feature", "geometry": {"type": "Point", "coordinates": [-119.713501443245, 36.8457121338797]}, "properties": {"SSAP_NGUID": "urn:emergency:uid:gis:SSAP:11602:fresnocountyca.gov", "DisclID": "fresnocountyca.gov", "CountyLocalID": "11602", "GERS_ID": null, "ConflationStatus": "COUNTY_ONLY", "Source": "FRESNO_COUNTY_GIS", "HNO": "95", "PRD": "W", "STN": "ATHENS", "STS": "AVE", "Unit": null, "CommunityName": "FRESNO", "County": "FRESNO", "State": "CA", "PostCode": null, "SpatialOffsetMeters": null}}, {"type": "Feature", "geometry": {"type": "Point", "coordinates": [-119.714470268619, 36.845182063306]}, "properties": {"SSAP_NGUID": "urn:emergency:uid:gis:SSAP:11614:fresnocountyca.gov", "DisclID": "fresnocountyca.gov", "CountyLocalID": "11614", "GERS_ID": null, "ConflationStatus": "COUNTY_ONLY", "Source": "FRESNO_COUNTY_GIS", "HNO": "148", "PRD": "W", "STN": "ATHENS", "STS": "AVE", "Unit": null, "CommunityName": "FRESNO", "County": "FRESNO", "State": "CA", "PostCode": null, "SpatialOffsetMeters": null}}, {"type": "Feature", "geometry": {"type": "Point", "coordinates": [-119.720071484243, 36.8108907410253]}, "properties": {"SSAP_NGUID": "urn:emergency:uid:gis:SSAP:11627:fresnocountyca.gov", "DisclID": "fresnocountyca.gov", "CountyLocalID": "11627", "GERS_ID": null, "ConflationStatus": "COUNTY_ONLY", "Source": "FRESNO_COUNTY_GIS", "HNO": "486", "PRD": "W", "STN": "SCOTT", "STS": "AVE", "Unit": null, "CommunityName": "FRESNO", "County": "FRESNO", "State": "CA", "PostCode": null, "SpatialOffsetMeters": null}}, {"type": "Feature", "geometry": {"type": "Point", "coordinates": [-119.728697047702, 36.8426785903724]}, "properties": {"SSAP_NGUID": "urn:emergency:uid:gis:SSAP:11642:fresnocountyca.gov", "DisclID": "fresnocountyca.gov", "CountyLocalID": "11642", "GERS_ID": null, "ConflationStatus": "COUNTY_ONLY", "Source": "FRESNO_COUNTY_GIS", "HNO": "767", "PRD": "W", "STN": "CHENNAULT", "STS": "AVE", "Unit": null, "CommunityName": "FRESNO", "County": "FRESNO", "State": "CA", "PostCode": null, "SpatialOffsetMeters": null}}, {"type": "Feature", "geometry": {"type": "Point", "coordinates": [-119.719236756853, 36.8105325604001]}, "properties": {"SSAP_NGUID": "urn:emergency:uid:gis:SSAP:11653:fresnocountyca.gov", "DisclID": "fresnocountyca.gov", "CountyLocalID": "11653", "GERS_ID": null, "ConflationStatus": "COUNTY_ONLY", "Source": "FRESNO_COUNTY_GIS", "HNO": "447", "PRD": "W", "STN": "KEATS", "STS": "AVE", "Unit": null, "CommunityName": "FRESNO", "County": "FRESNO", "State": "CA", "PostCode": null, "SpatialOffsetMeters": null}}, {"type": "Feature", "geometry": {"type": "Point", "coordinates": [-119.728684772231, 36.8421551395062]}, "properties": {"SSAP_NGUID": "urn:emergency:uid:gis:SSAP:11668:fresnocountyca.gov", "DisclID": "fresnocountyca.gov", "CountyLocalID": "11668", "GERS_ID": null, "ConflationStatus": "COUNTY_ONLY", "Source": "FRESNO_COUNTY_GIS", "HNO": "764", "PRD": "W", "STN": "CHENNAULT", "STS": "AVE", "Unit": null, "CommunityName": "FRESNO", "County": "FRESNO", "State": "CA", "PostCode": null, "SpatialOffsetMeters": null}}, {"type": "Feature", "geometry": {"type": "Point", "coordinates": [-119.725317924633, 36.8233348186801]}, "properties": {"SSAP_NGUID": "urn:emergency:uid:gis:SSAP:11679:fresnocountyca.gov", "DisclID": "fresnocountyca.gov", "CountyLocalID": "11679", "GERS_ID": null, "ConflationStatus": "COUNTY_ONLY", "Source": "FRESNO_COUNTY_GIS", "HNO": "735", "PRD": "W", "STN": "BULLARD", "STS": "AVE", "Unit": null, "CommunityName": "FRESNO", "County": "FRESNO", "State": "CA", "PostCode": null, "SpatialOffsetMeters": null}}, {"type": "Feature", "geometry": {"type": "Point", "coordinates": [-119.727888455885, 36.8417914828191]}, "properties": {"SSAP_NGUID": "urn:emergency:uid:gis:SSAP:11696:fresnocountyca.gov", "DisclID": "fresnocountyca.gov", "CountyLocalID": "11696", "GERS_ID": null, "ConflationStatus": "COUNTY_ONLY", "Source": "FRESNO_COUNTY_GIS", "HNO": "731", "PRD": "W", "STN": "BIRCH", "STS": "AVE", "Unit": null, "CommunityName": "FRESNO", "County": "FRESNO", "State": "CA", "PostCode": null, "SpatialOffsetMeters": null}}, {"type": "Feature", "geometry": {"type": "Point", "coordinates": [-119.725722939846, 36.841945082132]}, "properties": {"SSAP_NGUID": "urn:emergency:uid:gis:SSAP:11710:fresnocountyca.gov", "DisclID": "fresnocountyca.gov", "CountyLocalID": "11710", "GERS_ID": null, "ConflationStatus": "COUNTY_ONLY", "Source": "FRESNO_COUNTY_GIS", "HNO": "651", "PRD": "W", "STN": "BIRCH", "STS": "AVE", "Unit": null, "CommunityName": "FRESNO", "County": "FRESNO", "State": "CA", "PostCode": null, "SpatialOffsetMeters": null}}, {"type": "Feature", "geometry": {"type": "Point", "coordinates": [-119.72115372969, 36.8236577103782]}, "properties": {"SSAP_NGUID": "urn:emergency:uid:gis:SSAP:11721:fresnocountyca.gov", "DisclID": "fresnocountyca.gov", "CountyLocalID": "11721", "GERS_ID": null, "ConflationStatus": "COUNTY_ONLY", "Source": "FRESNO_COUNTY_GIS", "HNO": "538", "PRD": "W", "STN": "MESA", "STS": "AVE", "Unit": null, "CommunityName": "FRESNO", "County": "FRESNO", "State": "CA", "PostCode": null, "SpatialOffsetMeters": null}}, {"type": "Feature", "geometry": {"type": "Point", "coordinates": [-119.684644417079, 36.8033556927522]}, "properties": {"SSAP_NGUID": "urn:emergency:uid:gis:SSAP:11734:fresnocountyca.gov", "DisclID": "fresnocountyca.gov", "CountyLocalID": "11734", "GERS_ID": null, "ConflationStatus": "COUNTY_ONLY", "Source": "FRESNO_COUNTY_GIS", "HNO": "2531", "PRD": null, "STN": "BUNDY", "STS": "AVE", "Unit": null, "CommunityName": "FRESNO", "County": "FRESNO", "State": "CA", "PostCode": null, "SpatialOffsetMeters": null}}, {"type": "Feature", "geometry": {"type": "Point", "coordinates": [-119.723110175586, 36.8444944352416]}, "properties": {"SSAP_NGUID": "urn:emergency:uid:gis:SSAP:11747:fresnocountyca.gov", "DisclID": "fresnocountyca.gov", "CountyLocalID": "11747", "GERS_ID": null, "ConflationStatus": "COUNTY_ONLY", "Source": "FRESNO_COUNTY_GIS", "HNO": "530", "PRD": "W", "STN": "ALLUVIAL", "STS": "AVE", "Unit": null, "CommunityName": "FRESNO", "County": "FRESNO", "State": "CA", "PostCode": null, "SpatialOffsetMeters": null}}, {"type": "Feature", "geometry": {"type": "Point", "coordinates": [-119.722081412718, 36.8137153626322]}, "properties": {"SSAP_NGUID": "urn:emergency:uid:gis:SSAP:11758:fresnocountyca.gov", "DisclID": "fresnocountyca.gov", "CountyLocalID": "11758", "GERS_ID": null, "ConflationStatus": "COUNTY_ONLY", "Source": "FRESNO_COUNTY_GIS", "HNO": "578", "PRD": "W", "STN": "MITCHELL", "STS": "AVE", "Unit": null, "CommunityName": "FRESNO", "County": "FRESNO", "State": "CA", "PostCode": null, "SpatialOffsetMeters": null}}, {"type": "Feature", "geometry": {"type": "Point", "coordinates": [-119.716645724309, 36.8463597307428]}, "properties": {"SSAP_NGUID": "urn:emergency:uid:gis:SSAP:11771:fresnocountyca.gov", "DisclID": "fresnocountyca.gov", "CountyLocalID": "11771", "GERS_ID": null, "ConflationStatus": "COUNTY_ONLY", "Source": "FRESNO_COUNTY_GIS", "HNO": "230", "PRD": "W", "STN": "CROMWELL", "STS": "AVE", "Unit": null, "CommunityName": "FRESNO", "County": "FRESNO", "State": "CA", "PostCode": null, "SpatialOffsetMeters": null}}, {"type": "Feature", "geometry": {"type": "Point", "coordinates": [-119.723001668252, 36.8127026728838]}, "properties": {"SSAP_NGUID": "urn:emergency:uid:gis:SSAP:11786:fresnocountyca.gov", "DisclID": "fresnocountyca.gov", "CountyLocalID": "11786", "GERS_ID": null, "ConflationStatus": "COUNTY_ONLY", "Source": "FRESNO_COUNTY_GIS", "HNO": "617", "PRD": "W", "STN": "BEVERLY", "STS": "AVE", "Unit": null, "CommunityName": "FRESNO", "County": "FRESNO", "State": "CA", "PostCode": null, "SpatialOffsetMeters": null}}, {"type": "Feature", "geometry": {"type": "Point", "coordinates": [-119.717046428793, 36.845510436993]}, "properties": {"SSAP_NGUID": "urn:emergency:uid:gis:SSAP:11798:fresnocountyca.gov", "DisclID": "fresnocountyca.gov", "CountyLocalID": "11798", "GERS_ID": null, "ConflationStatus": "COUNTY_ONLY", "Source": "FRESNO_COUNTY_GIS", "HNO": "259", "PRD": "W", "STN": "ATHENS", "STS": "AVE", "Unit": null, "CommunityName": "FRESNO", "County": "FRESNO", "State": "CA", "PostCode": null, "SpatialOffsetMeters": null}}, {"type": "Feature", "geometry": {"type": "Point", "coordinates": [-119.687765404292, 36.8397484334874]}, "properties": {"SSAP_NGUID": "urn:emergency:uid:gis:SSAP:11811:fresnocountyca.gov", "DisclID": "fresnocountyca.gov", "CountyLocalID": "11811", "GERS_ID": null, "ConflationStatus": "COUNTY_ONLY", "Source": "FRESNO_COUNTY_GIS", "HNO": "692", "PRD": "N", "STN": "EZIE", "STS": "AVE", "Unit": null, "CommunityName": "FRESNO", "County": "FRESNO", "State": "CA", "PostCode": null, "SpatialOffsetMeters": null}}, {"type": "Feature", "geometry": {"type": "Point", "coordinates": [-119.699214755125, 36.850966394954]}, "properties": {"SSAP_NGUID": "urn:emergency:uid:gis:SSAP:11824:fresnocountyca.gov", "DisclID": "fresnocountyca.gov", "CountyLocalID": "11824", "GERS_ID": null, "ConflationStatus": "COUNTY_ONLY", "Source": "FRESNO_COUNTY_GIS", "HNO": "1130", "PRD": "N", "STN": "MARION", "STS": "AVE", "Unit": null, "CommunityName": "FRESNO", "County": "FRESNO", "State": "CA", "PostCode": null, "SpatialOffsetMeters": null}}, {"type": "Feature", "geometry": {"type": "Point", "coordinates": [-119.714894288829, 36.8475273182649]}, "properties": {"SSAP_NGUID": "urn:emergency:uid:gis:SSAP:11838:fresnocountyca.gov", "DisclID": "fresnocountyca.gov", "CountyLocalID": "11838", "GERS_ID": null, "ConflationStatus": "COUNTY_ONLY", "Source": "FRESNO_COUNTY_GIS", "HNO": "166", "PRD": "W", "STN": "EL PASO", "STS": "AVE", "Unit": null, "CommunityName": "FRESNO", "County": "FRESNO", "State": "CA", "PostCode": null, "SpatialOffsetMeters": null}}, {"type": "Feature", "geometry": {"type": "Point", "coordinates": [-119.713380596505, 36.8475506084115]}, "properties": {"SSAP_NGUID": "urn:emergency:uid:gis:SSAP:11853:fresnocountyca.gov", "DisclID": "fresnocountyca.gov", "CountyLocalID": "11853", "GERS_ID": null, "ConflationStatus": "COUNTY_ONLY", "Source": "FRESNO_COUNTY_GIS", "HNO": "86", "PRD": "W", "STN": "EL PASO", "STS": "AVE", "Unit": null, "CommunityName": "FRESNO", "County": "FRESNO", "State": "CA", "PostCode": null, "SpatialOffsetMeters": null}}, {"type": "Feature", "geometry": {"type": "Point", "coordinates": [-119.728097133988, 36.7959918547181]}, "properties": {"SSAP_NGUID": "urn:emergency:uid:gis:SSAP:11868:fresnocountyca.gov", "DisclID": "fresnocountyca.gov", "CountyLocalID": "11868", "GERS_ID": null, "ConflationStatus": "COUNTY_ONLY", "Source": "FRESNO_COUNTY_GIS", "HNO": "844", "PRD": "W", "STN": "EUCLID", "STS": "AVE", "Unit": null, "CommunityName": "FRESNO", "County": "FRESNO", "State": "CA", "PostCode": null, "SpatialOffsetMeters": null}}, {"type": "Feature", "geometry": {"type": "Point", "coordinates": [-119.71265550903, 36.8472157471235]}, "properties": {"SSAP_NGUID": "urn:emergency:uid:gis:SSAP:11881:fresnocountyca.gov", "DisclID": "fresnocountyca.gov", "CountyLocalID": "11881", "GERS_ID": null, "ConflationStatus": "COUNTY_ONLY", "Source": "FRESNO_COUNTY_GIS", "HNO": "59", "PRD": "W", "STN": "DECATUR", "STS": "AVE", "Unit": null, "CommunityName": "FRESNO", "County": "FRESNO", "State": "CA", "PostCode": null, "SpatialOffsetMeters": null}}, {"type": "Feature", "geometry": {"type": "Point", "coordinates": [-119.714914642423, 36.8467456044516]}, "properties": {"SSAP_NGUID": "urn:emergency:uid:gis:SSAP:11895:fresnocountyca.gov", "DisclID": "fresnocountyca.gov", "CountyLocalID": "11895", "GERS_ID": null, "ConflationStatus": "COUNTY_ONLY", "Source": "FRESNO_COUNTY_GIS", "HNO": "164", "PRD": "W", "STN": "DECATUR", "STS": "AVE", "Unit": null, "CommunityName": "FRESNO", "County": "FRESNO", "State": "CA", "PostCode": null, "SpatialOffsetMeters": null}}, {"type": "Feature", "geometry": {"type": "Point", "coordinates": [-119.712556157668, 36.8467414570346]}, "properties": {"SSAP_NGUID": "urn:emergency:uid:gis:SSAP:11907:fresnocountyca.gov", "DisclID": "fresnocountyca.gov", "CountyLocalID": "11907", "GERS_ID": null, "ConflationStatus": "COUNTY_ONLY", "Source": "FRESNO_COUNTY_GIS", "HNO": "54", "PRD": "W", "STN": "DECATUR", "STS": "AVE", "Unit": null, "CommunityName": "FRESNO", "County": "FRESNO", "State": "CA", "PostCode": null, "SpatialOffsetMeters": null}}, {"type": "Feature", "geometry": {"type": "Point", "coordinates": [-119.722467388406, 36.7973812031054]}, "properties": {"SSAP_NGUID": "urn:emergency:uid:gis:SSAP:11921:fresnocountyca.gov", "DisclID": "fresnocountyca.gov", "CountyLocalID": "11921", "GERS_ID": null, "ConflationStatus": "COUNTY_ONLY", "Source": "FRESNO_COUNTY_GIS", "HNO": "596", "PRD": "W", "STN": "HOLLAND", "STS": "AVE", "Unit": null, "CommunityName": "FRESNO", "County": "FRESNO", "State": "CA", "PostCode": null, "SpatialOffsetMeters": null}}, {"type": "Feature", "geometry": {"type": "Point", "coordinates": [-119.715452478199, 36.8457213016913]}, "properties": {"SSAP_NGUID": "urn:emergency:uid:gis:SSAP:11936:fresnocountyca.gov", "DisclID": "fresnocountyca.gov", "CountyLocalID": "11936", "GERS_ID": null, "ConflationStatus": "COUNTY_ONLY", "Source": "FRESNO_COUNTY_GIS", "HNO": "840", "PRD": "N", "STN": "ORANGEWOOD", "STS": "AVE", "Unit": null, "CommunityName": "FRESNO", "County": "FRESNO", "State": "CA", "PostCode": null, "SpatialOffsetMeters": null}}, {"type": "Feature", "geometry": {"type": "Point", "coordinates": [-119.69181570537, 36.8364842825092]}, "properties": {"SSAP_NGUID": "urn:emergency:uid:gis:SSAP:11952:fresnocountyca.gov", "DisclID": "fresnocountyca.gov", "CountyLocalID": "11952", "GERS_ID": null, "ConflationStatus": "COUNTY_ONLY", "Source": "FRESNO_COUNTY_GIS", "HNO": "343", "PRD": "N", "STN": "DUKE", "STS": "AVE", "Unit": null, "CommunityName": "FRESNO", "County": "FRESNO", "State": "CA", "PostCode": null, "SpatialOffsetMeters": null}}, {"type": "Feature", "geometry": {"type": "Point", "coordinates": [-119.720381478508, 36.8137596307902]}, "properties": {"SSAP_NGUID": "urn:emergency:uid:gis:SSAP:11966:fresnocountyca.gov", "DisclID": "fresnocountyca.gov", "CountyLocalID": "11966", "GERS_ID": null, "ConflationStatus": "COUNTY_ONLY", "Source": "FRESNO_COUNTY_GIS", "HNO": "498", "PRD": "W", "STN": "MITCHELL", "STS": "AVE", "Unit": null, "CommunityName": "FRESNO", "County": "FRESNO", "State": "CA", "PostCode": null, "SpatialOffsetMeters": null}}, {"type": "Feature", "geometry": {"type": "Point", "coordinates": [-119.689572127329, 36.8396998832346]}, "properties": {"SSAP_NGUID": "urn:emergency:uid:gis:SSAP:11982:fresnocountyca.gov", "DisclID": "fresnocountyca.gov", "CountyLocalID": "11982", "GERS_ID": null, "ConflationStatus": "COUNTY_ONLY", "Source": "FRESNO_COUNTY_GIS", "HNO": "686", "PRD": "N", "STN": "FORDHAM", "STS": "AVE", "Unit": null, "CommunityName": "FRESNO", "County": "FRESNO", "State": "CA", "PostCode": null, "SpatialOffsetMeters": null}}, {"type": "Feature", "geometry": {"type": "Point", "coordinates": [-119.720425273722, 36.7973898778388]}, "properties": {"SSAP_NGUID": "urn:emergency:uid:gis:SSAP:11995:fresnocountyca.gov", "DisclID": "fresnocountyca.gov", "CountyLocalID": "11995", "GERS_ID": null, "ConflationStatus": "COUNTY_ONLY", "Source": "FRESNO_COUNTY_GIS", "HNO": "498", "PRD": "W", "STN": "HOLLAND", "STS": "AVE", "Unit": null, "CommunityName": "FRESNO", "County": "FRESNO", "State": "CA", "PostCode": null, "SpatialOffsetMeters": null}}, {"type": "Feature", "geometry": {"type": "Point", "coordinates": [-119.71636201497, 36.7986147286963]}, "properties": {"SSAP_NGUID": "urn:emergency:uid:gis:SSAP:12009:fresnocountyca.gov", "DisclID": "fresnocountyca.gov", "CountyLocalID": "12009", "GERS_ID": null, "ConflationStatus": "COUNTY_ONLY", "Source": "FRESNO_COUNTY_GIS", "HNO": "319", "PRD": "W", "STN": "ASHCROFT", "STS": "AVE", "Unit": null, "CommunityName": "FRESNO", "County": "FRESNO", "State": "CA", "PostCode": null, "SpatialOffsetMeters": null}}, {"type": "Feature", "geometry": {"type": "Point", "coordinates": [-119.685977559358, 36.8388181075611]}, "properties": {"SSAP_NGUID": "urn:emergency:uid:gis:SSAP:12021:fresnocountyca.gov", "DisclID": "fresnocountyca.gov", "CountyLocalID": "12021", "GERS_ID": null, "ConflationStatus": "COUNTY_ONLY", "Source": "FRESNO_COUNTY_GIS", "HNO": "640", "PRD": "N", "STN": "RENN", "STS": "AVE", "Unit": null, "CommunityName": "FRESNO", "County": "FRESNO", "State": "CA", "PostCode": null, "SpatialOffsetMeters": null}}, {"type": "Feature", "geometry": {"type": "Point", "coordinates": [-119.728104595473, 36.7964327050192]}, "properties": {"SSAP_NGUID": "urn:emergency:uid:gis:SSAP:12037:fresnocountyca.gov", "DisclID": "fresnocountyca.gov", "CountyLocalID": "12037", "GERS_ID": null, "ConflationStatus": "COUNTY_ONLY", "Source": "FRESNO_COUNTY_GIS", "HNO": "843", "PRD": "W", "STN": "EUCLID", "STS": "AVE", "Unit": null, "CommunityName": "FRESNO", "County": "FRESNO", "State": "CA", "PostCode": null, "SpatialOffsetMeters": null}}, {"type": "Feature", "geometry": {"type": "Point", "coordinates": [-119.7222554203, 36.7992736786711]}, "properties": {"SSAP_NGUID": "urn:emergency:uid:gis:SSAP:12054:fresnocountyca.gov", "DisclID": "fresnocountyca.gov", "CountyLocalID": "12054", "GERS_ID": null, "ConflationStatus": "COUNTY_ONLY", "Source": "FRESNO_COUNTY_GIS", "HNO": "589", "PRD": "W", "STN": "INDIANAPOLIS", "STS": "AVE", "Unit": null, "CommunityName": "FRESNO", "County": "FRESNO", "State": "CA", "PostCode": null, "SpatialOffsetMeters": null}}, {"type": "Feature", "geometry": {"type": "Point", "coordinates": [-119.722149178313, 36.8105537927603]}, "properties": {"SSAP_NGUID": "urn:emergency:uid:gis:SSAP:12067:fresnocountyca.gov", "DisclID": "fresnocountyca.gov", "CountyLocalID": "12067", "GERS_ID": null, "ConflationStatus": "COUNTY_ONLY", "Source": "FRESNO_COUNTY_GIS", "HNO": "577", "PRD": "W", "STN": "KEATS", "STS": "AVE", "Unit": null, "CommunityName": "FRESNO", "County": "FRESNO", "State": "CA", "PostCode": null, "SpatialOffsetMeters": null}}, {"type": "Feature", "geometry": {"type": "Point", "coordinates": [-119.686340666066, 36.8392609749472]}, "properties": {"SSAP_NGUID": "urn:emergency:uid:gis:SSAP:12083:fresnocountyca.gov", "DisclID": "fresnocountyca.gov", "CountyLocalID": "12083", "GERS_ID": null, "ConflationStatus": "COUNTY_ONLY", "Source": "FRESNO_COUNTY_GIS", "HNO": "669", "PRD": "N", "STN": "BUNDY", "STS": "AVE", "Unit": null, "CommunityName": "FRESNO", "County": "FRESNO", "State": "CA", "PostCode": null, "SpatialOffsetMeters": null}}, {"type": "Feature", "geometry": {"type": "Point", "coordinates": [-119.720885179851, 36.8105487037248]}, "properties": {"SSAP_NGUID": "urn:emergency:uid:gis:SSAP:12095:fresnocountyca.gov", "DisclID": "fresnocountyca.gov", "CountyLocalID": "12095", "GERS_ID": null, "ConflationStatus": "COUNTY_ONLY", "Source": "FRESNO_COUNTY_GIS", "HNO": "517", "PRD": "W", "STN": "KEATS", "STS": "AVE", "Unit": null, "CommunityName": "FRESNO", "County": "FRESNO", "State": "CA", "PostCode": null, "SpatialOffsetMeters": null}}, {"type": "Feature", "geometry": {"type": "Point", "coordinates": [-119.686848499092, 36.839666852322]}, "properties": {"SSAP_NGUID": "urn:emergency:uid:gis:SSAP:12110:fresnocountyca.gov", "DisclID": "fresnocountyca.gov", "CountyLocalID": "12110", "GERS_ID": null, "ConflationStatus": "COUNTY_ONLY", "Source": "FRESNO_COUNTY_GIS", "HNO": "694", "PRD": "N", "STN": "BUNDY", "STS": "AVE", "Unit": null, "CommunityName": "FRESNO", "County": "FRESNO", "State": "CA", "PostCode": null, "SpatialOffsetMeters": null}}, {"type": "Feature", "geometry": {"type": "Point", "coordinates": [-119.722174452676, 36.8093738068522]}, "properties": {"SSAP_NGUID": "urn:emergency:uid:gis:SSAP:12123:fresnocountyca.gov", "DisclID": "fresnocountyca.gov", "CountyLocalID": "12123", "GERS_ID": null, "ConflationStatus": "COUNTY_ONLY", "Source": "FRESNO_COUNTY_GIS", "HNO": "578", "PRD": "W", "STN": "TWAIN", "STS": "AVE", "Unit": null, "CommunityName": "FRESNO", "County": "FRESNO", "State": "CA", "PostCode": null, "SpatialOffsetMeters": null}}, {"type": "Feature", "geometry": {"type": "Point", "coordinates": [-119.719056036889, 36.8098134058824]}, "properties": {"SSAP_NGUID": "urn:emergency:uid:gis:SSAP:12136:fresnocountyca.gov", "DisclID": "fresnocountyca.gov", "CountyLocalID": "12136", "GERS_ID": null, "ConflationStatus": "COUNTY_ONLY", "Source": "FRESNO_COUNTY_GIS", "HNO": "437", "PRD": "W", "STN": "TWAIN", "STS": "AVE", "Unit": null, "CommunityName": "FRESNO", "County": "FRESNO", "State": "CA", "PostCode": null, "SpatialOffsetMeters": null}}, {"type": "Feature", "geometry": {"type": "Point", "coordinates": [-119.719545008139, 36.8089012153535]}, "properties": {"SSAP_NGUID": "urn:emergency:uid:gis:SSAP:12150:fresnocountyca.gov", "DisclID": "fresnocountyca.gov", "CountyLocalID": "12150", "GERS_ID": null, "ConflationStatus": "COUNTY_ONLY", "Source": "FRESNO_COUNTY_GIS", "HNO": "465", "PRD": "W", "STN": "SHAW", "STS": "AVE", "Unit": null, "CommunityName": "FRESNO", "County": "FRESNO", "State": "CA", "PostCode": null, "SpatialOffsetMeters": null}}, {"type": "Feature", "geometry": {"type": "Point", "coordinates": [-119.730022364128, 36.8061431874328]}, "properties": {"SSAP_NGUID": "urn:emergency:uid:gis:SSAP:12164:fresnocountyca.gov", "DisclID": "fresnocountyca.gov", "CountyLocalID": "12164", "GERS_ID": null, "ConflationStatus": "COUNTY_ONLY", "Source": "FRESNO_COUNTY_GIS", "HNO": "914", "PRD": "W", "STN": "FAIRMONT", "STS": "AVE", "Unit": null, "CommunityName": "FRESNO", "County": "FRESNO", "State": "CA", "PostCode": null, "SpatialOffsetMeters": null}}, {"type": "Feature", "geometry": {"type": "Point", "coordinates": [-119.663550125284, 36.8355651033265]}, "properties": {"SSAP_NGUID": "urn:emergency:uid:gis:SSAP:12180:fresnocountyca.gov", "DisclID": "fresnocountyca.gov", "CountyLocalID": "12180", "GERS_ID": null, "ConflationStatus": "COUNTY_ONLY", "Source": "FRESNO_COUNTY_GIS", "HNO": "322", "PRD": "N", "STN": "HANSON", "STS": "AVE", "Unit": null, "CommunityName": "FRESNO", "County": "FRESNO", "State": "CA", "PostCode": null, "SpatialOffsetMeters": null}}, {"type": "Feature", "geometry": {"type": "Point", "coordinates": [-119.728142378805, 36.8054199849304]}, "properties": {"SSAP_NGUID": "urn:emergency:uid:gis:SSAP:12197:fresnocountyca.gov", "DisclID": "fresnocountyca.gov", "CountyLocalID": "12197", "GERS_ID": null, "ConflationStatus": "COUNTY_ONLY", "Source": "FRESNO_COUNTY_GIS", "HNO": "832", "PRD": "W", "STN": "ALAMOS", "STS": "AVE", "Unit": null, "CommunityName": "FRESNO", "County": "FRESNO", "State": "CA", "PostCode": null, "SpatialOffsetMeters": null}}, {"type": "Feature", "geometry": {"type": "Point", "coordinates": [-119.71196692597, 36.7987473598841]}, "properties": {"SSAP_NGUID": "urn:emergency:uid:gis:SSAP:12212:fresnocountyca.gov", "DisclID": "fresnocountyca.gov", "CountyLocalID": "12212", "GERS_ID": null, "ConflationStatus": "COUNTY_ONLY", "Source": "FRESNO_COUNTY_GIS", "HNO": "130", "PRD": "W", "STN": "ASHCROFT", "STS": "AVE", "Unit": null, "CommunityName": "FRESNO", "County": "FRESNO", "State": "CA", "PostCode": null, "SpatialOffsetMeters": null}}, {"type": "Feature", "geometry": {"type": "Point", "coordinates": [-119.710469966569, 36.7983699326839]}, "properties": {"SSAP_NGUID": "urn:emergency:uid:gis:SSAP:12224:fresnocountyca.gov", "DisclID": "fresnocountyca.gov", "CountyLocalID": "12224", "GERS_ID": null, "ConflationStatus": "COUNTY_ONLY", "Source": "FRESNO_COUNTY_GIS", "HNO": "59", "PRD": "W", "STN": "HOLLAND", "STS": "AVE", "Unit": null, "CommunityName": "FRESNO", "County": "FRESNO", "State": "CA", "PostCode": null, "SpatialOffsetMeters": null}}, {"type": "Feature", "geometry": {"type": "Point", "coordinates": [-119.72940336792, 36.8047427506204]}, "properties": {"SSAP_NGUID": "urn:emergency:uid:gis:SSAP:12240:fresnocountyca.gov", "DisclID": "fresnocountyca.gov", "CountyLocalID": "12240", "GERS_ID": null, "ConflationStatus": "COUNTY_ONLY", "Source": "FRESNO_COUNTY_GIS", "HNO": "892", "PRD": "W", "STN": "SANTA ANA", "STS": "AVE", "Unit": null, "CommunityName": "FRESNO", "County": "FRESNO", "State": "CA", "PostCode": null, "SpatialOffsetMeters": null}}, {"type": "Feature", "geometry": {"type": "Point", "coordinates": [-119.731311448121, 36.8044098519215]}, "properties": {"SSAP_NGUID": "urn:emergency:uid:gis:SSAP:12255:fresnocountyca.gov", "DisclID": "fresnocountyca.gov", "CountyLocalID": "12255", "GERS_ID": null, "ConflationStatus": "COUNTY_ONLY", "Source": "FRESNO_COUNTY_GIS", "HNO": "975", "PRD": "W", "STN": "SAN GABRIEL", "STS": "AVE", "Unit": null, "CommunityName": "FRESNO", "County": "FRESNO", "State": "CA", "PostCode": null, "SpatialOffsetMeters": null}}, {"type": "Feature", "geometry": {"type": "Point", "coordinates": [-119.73067315778, 36.8036972210281]}, "properties": {"SSAP_NGUID": "urn:emergency:uid:gis:SSAP:12273:fresnocountyca.gov", "DisclID": "fresnocountyca.gov", "CountyLocalID": "12273", "GERS_ID": null, "ConflationStatus": "COUNTY_ONLY", "Source": "FRESNO_COUNTY_GIS", "HNO": "945", "PRD": "W", "STN": "RIALTO", "STS": "AVE", "Unit": null, "CommunityName": "FRESNO", "County": "FRESNO", "State": "CA", "PostCode": null, "SpatialOffsetMeters": null}}, {"type": "Feature", "geometry": {"type": "Point", "coordinates": [-119.728252831249, 36.8029760037396]}, "properties": {"SSAP_NGUID": "urn:emergency:uid:gis:SSAP:12291:fresnocountyca.gov", "DisclID": "fresnocountyca.gov", "CountyLocalID": "12291", "GERS_ID": null, "ConflationStatus": "COUNTY_ONLY", "Source": "FRESNO_COUNTY_GIS", "HNO": "847", "PRD": "W", "STN": "PICO", "STS": "AVE", "Unit": null, "CommunityName": "FRESNO", "County": "FRESNO", "State": "CA", "PostCode": null, "SpatialOffsetMeters": null}}, {"type": "Feature", "geometry": {"type": "Point", "coordinates": [-119.709608715673, 36.7982529489388]}, "properties": {"SSAP_NGUID": "urn:emergency:uid:gis:SSAP:12306:fresnocountyca.gov", "DisclID": "fresnocountyca.gov", "CountyLocalID": "12306", "GERS_ID": null, "ConflationStatus": "COUNTY_ONLY", "Source": "FRESNO_COUNTY_GIS", "HNO": "19", "PRD": "W", "STN": "HOLLAND", "STS": "AVE", "Unit": null, "CommunityName": "FRESNO", "County": "FRESNO", "State": "CA", "PostCode": null, "SpatialOffsetMeters": null}}, {"type": "Feature", "geometry": {"type": "Point", "coordinates": [-119.722118533459, 36.8119819891124]}, "properties": {"SSAP_NGUID": "urn:emergency:uid:gis:SSAP:12322:fresnocountyca.gov", "DisclID": "fresnocountyca.gov", "CountyLocalID": "12322", "GERS_ID": null, "ConflationStatus": "COUNTY_ONLY", "Source": "FRESNO_COUNTY_GIS", "HNO": "577", "PRD": "W", "STN": "SAN JOSE", "STS": "AVE", "Unit": null, "CommunityName": "FRESNO", "County": "FRESNO", "State": "CA", "PostCode": null, "SpatialOffsetMeters": null}}, {"type": "Feature", "geometry": {"type": "Point", "coordinates": [-119.724339815541, 36.8122250901957]}, "properties": {"SSAP_NGUID": "urn:emergency:uid:gis:SSAP:12336:fresnocountyca.gov", "DisclID": "fresnocountyca.gov", "CountyLocalID": "12336", "GERS_ID": null, "ConflationStatus": "COUNTY_ONLY", "Source": "FRESNO_COUNTY_GIS", "HNO": "678", "PRD": "W", "STN": "BEVERLY", "STS": "AVE", "Unit": null, "CommunityName": "FRESNO", "County": "FRESNO", "State": "CA", "PostCode": null, "SpatialOffsetMeters": null}}, {"type": "Feature", "geometry": {"type": "Point", "coordinates": [-119.709398489723, 36.8006515819902]}, "properties": {"SSAP_NGUID": "urn:emergency:uid:gis:SSAP:12350:fresnocountyca.gov", "DisclID": "fresnocountyca.gov", "CountyLocalID": "12350", "GERS_ID": null, "ConflationStatus": "COUNTY_ONLY", "Source": "FRESNO_COUNTY_GIS", "HNO": "9", "PRD": "W", "STN": "NORWICH", "STS": "AVE", "Unit": null, "CommunityName": "FRESNO", "County": "FRESNO", "State": "CA", "PostCode": null, "SpatialOffsetMeters": null}}, {"type": "Feature", "geometry": {"type": "Point", "coordinates": [-119.711342310411, 36.8002085105026]}, "properties": {"SSAP_NGUID": "urn:emergency:uid:gis:SSAP:12365:fresnocountyca.gov", "DisclID": "fresnocountyca.gov", "CountyLocalID": "12365", "GERS_ID": null, "ConflationStatus": "COUNTY_ONLY", "Source": "FRESNO_COUNTY_GIS", "HNO": "98", "PRD": "W", "STN": "NORWICH", "STS": "AVE", "Unit": null, "CommunityName": "FRESNO", "County": "FRESNO", "State": "CA", "PostCode": null, "SpatialOffsetMeters": null}}, {"type": "Feature", "geometry": {"type": "Point", "coordinates": [-119.709392700209, 36.7998653508477]}, "properties": {"SSAP_NGUID": "urn:emergency:uid:gis:SSAP:12382:fresnocountyca.gov", "DisclID": "fresnocountyca.gov", "CountyLocalID": "12382", "GERS_ID": null, "ConflationStatus": "COUNTY_ONLY", "Source": "FRESNO_COUNTY_GIS", "HNO": "9", "PRD": "W", "STN": "INDIANAPOLIS", "STS": "AVE", "Unit": null, "CommunityName": "FRESNO", "County": "FRESNO", "State": "CA", "PostCode": null, "SpatialOffsetMeters": null}}, {"type": "Feature", "geometry": {"type": "Point", "coordinates": [-119.714348749262, 36.7922166495026]}, "properties": {"SSAP_NGUID": "urn:emergency:uid:gis:SSAP:12397:fresnocountyca.gov", "DisclID": "fresnocountyca.gov", "CountyLocalID": "12397", "GERS_ID": null, "ConflationStatus": "COUNTY_ONLY", "Source": "FRESNO_COUNTY_GIS", "HNO": "380", "PRD": "W", "STN": "ASHLAN", "STS": "AVE", "Unit": null, "CommunityName": "FRESNO", "County": "FRESNO", "State": "CA", "PostCode": null, "SpatialOffsetMeters": null}}, {"type": "Feature", "geometry": {"type": "Point", "coordinates": [-119.714172458269, 36.8009602252124]}, "properties": {"SSAP_NGUID": "urn:emergency:uid:gis:SSAP:12411:fresnocountyca.gov", "DisclID": "fresnocountyca.gov", "CountyLocalID": "12411", "GERS_ID": null, "ConflationStatus": "COUNTY_ONLY", "Source": "FRESNO_COUNTY_GIS", "HNO": "224", "PRD": "W", "STN": "GETTYSBURG", "STS": "AVE", "Unit": null, "CommunityName": "FRESNO", "County": "FRESNO", "State": "CA", "PostCode": null, "SpatialOffsetMeters": null}}, {"type": "Feature", "geometry": {"type": "Point", "coordinates": [-119.726383392074, 36.8476328126406]}, "properties": {"SSAP_NGUID": "urn:emergency:uid:gis:SSAP:12424:fresnocountyca.gov", "DisclID": "fresnocountyca.gov", "CountyLocalID": "12424", "GERS_ID": null, "ConflationStatus": "COUNTY_ONLY", "Source": "FRESNO_COUNTY_GIS", "HNO": "937", "PRD": "N", "STN": "ADLER", "STS": "AVE", "Unit": null, "CommunityName": "FRESNO", "County": "FRESNO", "State": "CA", "PostCode": null, "SpatialOffsetMeters": null}}, {"type": "Feature", "geometry": {"type": "Point", "coordinates": [-119.716485396055, 36.8006390725757]}, "properties": {"SSAP_NGUID": "urn:emergency:uid:gis:SSAP:12442:fresnocountyca.gov", "DisclID": "fresnocountyca.gov", "CountyLocalID": "12442", "GERS_ID": null, "ConflationStatus": "COUNTY_ONLY", "Source": "FRESNO_COUNTY_GIS", "HNO": "319", "PRD": "W", "STN": "NORWICH", "STS": "AVE", "Unit": null, "CommunityName": "FRESNO", "County": "FRESNO", "State": "CA", "PostCode": null, "SpatialOffsetMeters": null}}, {"type": "Feature", "geometry": {"type": "Point", "coordinates": [-119.726242261258, 36.8486861706083]}, "properties": {"SSAP_NGUID": "urn:emergency:uid:gis:SSAP:12456:fresnocountyca.gov", "DisclID": "fresnocountyca.gov", "CountyLocalID": "12456", "GERS_ID": null, "ConflationStatus": "COUNTY_ONLY", "Source": "FRESNO_COUNTY_GIS", "HNO": "1002", "PRD": "N", "STN": "CHAPEL HILL", "STS": "AVE", "Unit": null, "CommunityName": "FRESNO", "County": "FRESNO", "State": "CA", "PostCode": null, "SpatialOffsetMeters": null}}, {"type": "Feature", "geometry": {"type": "Point", "coordinates": [-119.714134375682, 36.8001759471976]}, "properties": {"SSAP_NGUID": "urn:emergency:uid:gis:SSAP:12470:fresnocountyca.gov", "DisclID": "fresnocountyca.gov", "CountyLocalID": "12470", "GERS_ID": null, "ConflationStatus": "COUNTY_ONLY", "Source": "FRESNO_COUNTY_GIS", "HNO": "220", "PRD": "W", "STN": "NORWICH", "STS": "AVE", "Unit": null, "CommunityName": "FRESNO", "County": "FRESNO", "State": "CA", "PostCode": null, "SpatialOffsetMeters": null}}, {"type": "Feature", "geometry": {"type": "Point", "coordinates": [-119.6664683078, 36.8308074629095]}, "properties": {"SSAP_NGUID": "urn:emergency:uid:gis:SSAP:12482:fresnocountyca.gov", "DisclID": "fresnocountyca.gov", "CountyLocalID": "12482", "GERS_ID": null, "ConflationStatus": "COUNTY_ONLY", "Source": "FRESNO_COUNTY_GIS", "HNO": "31", "PRD": "N", "STN": "TAMMI", "STS": "CT", "Unit": null, "CommunityName": "FRESNO", "County": "FRESNO", "State": "CA", "PostCode": null, "SpatialOffsetMeters": null}}, {"type": "Feature", "geometry": {"type": "Point", "coordinates": [-119.670561019587, 36.8330904325901]}, "properties": {"SSAP_NGUID": "urn:emergency:uid:gis:SSAP:12495:fresnocountyca.gov", "DisclID": "fresnocountyca.gov", "CountyLocalID": "12495", "GERS_ID": null, "ConflationStatus": "COUNTY_ONLY", "Source": "FRESNO_COUNTY_GIS", "HNO": "155", "PRD": "N", "STN": "HOLLY", "STS": "AVE", "Unit": null, "CommunityName": "FRESNO", "County": "FRESNO", "State": "CA", "PostCode": null, "SpatialOffsetMeters": null}}, {"type": "Feature", "geometry": {"type": "Point", "coordinates": [-119.670228624195, 36.832671237927]}, "properties": {"SSAP_NGUID": "urn:emergency:uid:gis:SSAP:12510:fresnocountyca.gov", "DisclID": "fresnocountyca.gov", "CountyLocalID": "12510", "GERS_ID": null, "ConflationStatus": "COUNTY_ONLY", "Source": "FRESNO_COUNTY_GIS", "HNO": "136", "PRD": "N", "STN": "JOSHUA", "STS": "AVE", "Unit": null, "CommunityName": "FRESNO", "County": "FRESNO", "State": "CA", "PostCode": null, "SpatialOffsetMeters": null}}, {"type": "Feature", "geometry": {"type": "Point", "coordinates": [-119.67095958734, 36.8314302337234]}, "properties": {"SSAP_NGUID": "urn:emergency:uid:gis:SSAP:12524:fresnocountyca.gov", "DisclID": "fresnocountyca.gov", "CountyLocalID": "12524", "GERS_ID": null, "ConflationStatus": "COUNTY_ONLY", "Source": "FRESNO_COUNTY_GIS", "HNO": "67", "PRD": "N", "STN": "JASMINE", "STS": "AVE", "Unit": null, "CommunityName": "FRESNO", "County": "FRESNO", "State": "CA", "PostCode": null, "SpatialOffsetMeters": null}}, {"type": "Feature", "geometry": {"type": "Point", "coordinates": [-119.710687566508, 36.7979615536368]}, "properties": {"SSAP_NGUID": "urn:emergency:uid:gis:SSAP:12538:fresnocountyca.gov", "DisclID": "fresnocountyca.gov", "CountyLocalID": "12538", "GERS_ID": null, "ConflationStatus": "COUNTY_ONLY", "Source": "FRESNO_COUNTY_GIS", "HNO": "70", "PRD": "W", "STN": "HOLLAND", "STS": "AVE", "Unit": null, "CommunityName": "FRESNO", "County": "FRESNO", "State": "CA", "PostCode": null, "SpatialOffsetMeters": null}}, {"type": "Feature", "geometry": {"type": "Point", "coordinates": [-119.670954498402, 36.8304593928065]}, "properties": {"SSAP_NGUID": "urn:emergency:uid:gis:SSAP:12552:fresnocountyca.gov", "DisclID": "fresnocountyca.gov", "CountyLocalID": "12552", "GERS_ID": null, "ConflationStatus": "COUNTY_ONLY", "Source": "FRESNO_COUNTY_GIS", "HNO": "17", "PRD": "N", "STN": "JASMINE", "STS": "AVE", "Unit": null, "CommunityName": "FRESNO", "County": "FRESNO", "State": "CA", "PostCode": null, "SpatialOffsetMeters": null}}, {"type": "Feature", "geometry": {"type": "Point", "coordinates": [-119.712004890887, 36.7961780681575]}, "properties": {"SSAP_NGUID": "urn:emergency:uid:gis:SSAP:12568:fresnocountyca.gov", "DisclID": "fresnocountyca.gov", "CountyLocalID": "12568", "GERS_ID": null, "ConflationStatus": "COUNTY_ONLY", "Source": "FRESNO_COUNTY_GIS", "HNO": "133", "PRD": "W", "STN": "SWIFT", "STS": "AVE", "Unit": null, "CommunityName": "FRESNO", "County": "FRESNO", "State": "CA", "PostCode": null, "SpatialOffsetMeters": null}}, {"type": "Feature", "geometry": {"type": "Point", "coordinates": [-119.710043166823, 36.7971028623532]}, "properties": {"SSAP_NGUID": "urn:emergency:uid:gis:SSAP:12583:fresnocountyca.gov", "DisclID": "fresnocountyca.gov", "CountyLocalID": "12583", "GERS_ID": null, "ConflationStatus": "COUNTY_ONLY", "Source": "FRESNO_COUNTY_GIS", "HNO": "42", "PRD": "W", "STN": "NATIONAL", "STS": "AVE", "Unit": null, "CommunityName": "FRESNO", "County": "FRESNO", "State": "CA", "PostCode": null, "SpatialOffsetMeters": null}}, {"type": "Feature", "geometry": {"type": "Point", "coordinates": [-119.711702848366, 36.8043649402781]}, "properties": {"SSAP_NGUID": "urn:emergency:uid:gis:SSAP:12597:fresnocountyca.gov", "DisclID": "fresnocountyca.gov", "CountyLocalID": "12597", "GERS_ID": null, "ConflationStatus": "COUNTY_ONLY", "Source": "FRESNO_COUNTY_GIS", "HNO": "121", "PRD": "W", "STN": "RALL", "STS": "AVE", "Unit": null, "CommunityName": "FRESNO", "County": "FRESNO", "State": "CA", "PostCode": null, "SpatialOffsetMeters": null}}, {"type": "Feature", "geometry": {"type": "Point", "coordinates": [-119.711706024528, 36.8032068980962]}, "properties": {"SSAP_NGUID": "urn:emergency:uid:gis:SSAP:12613:fresnocountyca.gov", "DisclID": "fresnocountyca.gov", "CountyLocalID": "12613", "GERS_ID": null, "ConflationStatus": "COUNTY_ONLY", "Source": "FRESNO_COUNTY_GIS", "HNO": "122", "PRD": "W", "STN": "SAN GABRIEL", "STS": "AVE", "Unit": null, "CommunityName": "FRESNO", "County": "FRESNO", "State": "CA", "PostCode": null, "SpatialOffsetMeters": null}}, {"type": "Feature", "geometry": {"type": "Point", "coordinates": [-119.668220196363, 36.8341120378969]}, "properties": {"SSAP_NGUID": "urn:emergency:uid:gis:SSAP:12628:fresnocountyca.gov", "DisclID": "fresnocountyca.gov", "CountyLocalID": "12628", "GERS_ID": null, "ConflationStatus": "COUNTY_ONLY", "Source": "FRESNO_COUNTY_GIS", "HNO": "219", "PRD": "N", "STN": "MC KELVY", "STS": "AVE", "Unit": null, "CommunityName": "FRESNO", "County": "FRESNO", "State": "CA", "PostCode": null, "SpatialOffsetMeters": null}}, {"type": "Feature", "geometry": {"type": "Point", "coordinates": [-119.66570953351, 36.8344198560231]}, "properties": {"SSAP_NGUID": "urn:emergency:uid:gis:SSAP:12641:fresnocountyca.gov", "DisclID": "fresnocountyca.gov", "CountyLocalID": "12641", "GERS_ID": null, "ConflationStatus": "COUNTY_ONLY", "Source": "FRESNO_COUNTY_GIS", "HNO": "240", "PRD": "N", "STN": "PECAN", "STS": "AVE", "Unit": null, "CommunityName": "FRESNO", "County": "FRESNO", "State": "CA", "PostCode": null, "SpatialOffsetMeters": null}}, {"type": "Feature", "geometry": {"type": "Point", "coordinates": [-119.716359818851, 36.7981780020683]}, "properties": {"SSAP_NGUID": "urn:emergency:uid:gis:SSAP:12655:fresnocountyca.gov", "DisclID": "fresnocountyca.gov", "CountyLocalID": "12655", "GERS_ID": null, "ConflationStatus": "COUNTY_ONLY", "Source": "FRESNO_COUNTY_GIS", "HNO": "320", "PRD": "W", "STN": "ASHCROFT", "STS": "AVE", "Unit": null, "CommunityName": "FRESNO", "County": "FRESNO", "State": "CA", "PostCode": null, "SpatialOffsetMeters": null}}, {"type": "Feature", "geometry": {"type": "Point", "coordinates": [-119.716162758651, 36.7973654602506]}, "properties": {"SSAP_NGUID": "urn:emergency:uid:gis:SSAP:12672:fresnocountyca.gov", "DisclID": "fresnocountyca.gov", "CountyLocalID": "12672", "GERS_ID": null, "ConflationStatus": "COUNTY_ONLY", "Source": "FRESNO_COUNTY_GIS", "HNO": "310", "PRD": "W", "STN": "HOLLAND", "STS": "AVE", "Unit": null, "CommunityName": "FRESNO", "County": "FRESNO", "State": "CA", "PostCode": null, "SpatialOffsetMeters": null}}, {"type": "Feature", "geometry": {"type": "Point", "coordinates": [-119.71575402504, 36.7965698567487]}, "properties": {"SSAP_NGUID": "urn:emergency:uid:gis:SSAP:12689:fresnocountyca.gov", "DisclID": "fresnocountyca.gov", "CountyLocalID": "12689", "GERS_ID": null, "ConflationStatus": "COUNTY_ONLY", "Source": "FRESNO_COUNTY_GIS", "HNO": "296", "PRD": "W", "STN": "RICHERT", "STS": "AVE", "Unit": null, "CommunityName": "FRESNO", "County": "FRESNO", "State": "CA", "PostCode": null, "SpatialOffsetMeters": null}}, {"type": "Feature", "geometry": {"type": "Point", "coordinates": [-119.66783841741, 36.8333455640692]}, "properties": {"SSAP_NGUID": "urn:emergency:uid:gis:SSAP:12703:fresnocountyca.gov", "DisclID": "fresnocountyca.gov", "CountyLocalID": "12703", "GERS_ID": null, "ConflationStatus": "COUNTY_ONLY", "Source": "FRESNO_COUNTY_GIS", "HNO": "178", "PRD": "N", "STN": "MAGNOLIA", "STS": "AVE", "Unit": null, "CommunityName": "FRESNO", "County": "FRESNO", "State": "CA", "PostCode": null, "SpatialOffsetMeters": null}}, {"type": "Feature", "geometry": {"type": "Point", "coordinates": [-119.714503469501, 36.7965398653324]}, "properties": {"SSAP_NGUID": "urn:emergency:uid:gis:SSAP:12719:fresnocountyca.gov", "DisclID": "fresnocountyca.gov", "CountyLocalID": "12719", "GERS_ID": null, "ConflationStatus": "COUNTY_ONLY", "Source": "FRESNO_COUNTY_GIS", "HNO": "235", "PRD": "W", "STN": "SWIFT", "STS": "AVE", "Unit": null, "CommunityName": "FRESNO", "County": "FRESNO", "State": "CA", "PostCode": null, "SpatialOffsetMeters": null}}, {"type": "Feature", "geometry": {"type": "Point", "coordinates": [-119.717036198689, 36.7958293151362]}, "properties": {"SSAP_NGUID": "urn:emergency:uid:gis:SSAP:12736:fresnocountyca.gov", "DisclID": "fresnocountyca.gov", "CountyLocalID": "12736", "GERS_ID": null, "ConflationStatus": "COUNTY_ONLY", "Source": "FRESNO_COUNTY_GIS", "HNO": "352", "PRD": "W", "STN": "SWIFT", "STS": "AVE", "Unit": null, "CommunityName": "FRESNO", "County": "FRESNO", "State": "CA", "PostCode": null, "SpatialOffsetMeters": null}}, {"type": "Feature", "geometry": {"type": "Point", "coordinates": [-119.713372501635, 36.796308744875]}, "properties": {"SSAP_NGUID": "urn:emergency:uid:gis:SSAP:12753:fresnocountyca.gov", "DisclID": "fresnocountyca.gov", "CountyLocalID": "12753", "GERS_ID": null, "ConflationStatus": "COUNTY_ONLY", "Source": "FRESNO_COUNTY_GIS", "HNO": "190", "PRD": "W", "STN": "SWIFT", "STS": "AVE", "Unit": null, "CommunityName": "FRESNO", "County": "FRESNO", "State": "CA", "PostCode": null, "SpatialOffsetMeters": null}}, {"type": "Feature", "geometry": {"type": "Point", "coordinates": [-119.665888760629, 36.8333058632642]}, "properties": {"SSAP_NGUID": "urn:emergency:uid:gis:SSAP:12770:fresnocountyca.gov", "DisclID": "fresnocountyca.gov", "CountyLocalID": "12770", "GERS_ID": null, "ConflationStatus": "COUNTY_ONLY", "Source": "FRESNO_COUNTY_GIS", "HNO": "176", "PRD": "N", "STN": "PECAN", "STS": "AVE", "Unit": null, "CommunityName": "FRESNO", "County": "FRESNO", "State": "CA", "PostCode": null, "SpatialOffsetMeters": null}}, {"type": "Feature", "geometry": {"type": "Point", "coordinates": [-119.710869505813, 36.7951768080022]}, "properties": {"SSAP_NGUID": "urn:emergency:uid:gis:SSAP:12785:fresnocountyca.gov", "DisclID": "fresnocountyca.gov", "CountyLocalID": "12785", "GERS_ID": null, "ConflationStatus": "COUNTY_ONLY", "Source": "FRESNO_COUNTY_GIS", "HNO": "82", "PRD": "W", "STN": "SWIFT", "STS": "AVE", "Unit": null, "CommunityName": "FRESNO", "County": "FRESNO", "State": "CA", "PostCode": null, "SpatialOffsetMeters": null}}, {"type": "Feature", "geometry": {"type": "Point", "coordinates": [-119.721987783059, 36.806073668344]}, "properties": {"SSAP_NGUID": "urn:emergency:uid:gis:SSAP:12799:fresnocountyca.gov", "DisclID": "fresnocountyca.gov", "CountyLocalID": "12799", "GERS_ID": null, "ConflationStatus": "COUNTY_ONLY", "Source": "FRESNO_COUNTY_GIS", "HNO": "562", "PRD": "W", "STN": "ALAMOS", "STS": "AVE", "Unit": null, "CommunityName": "FRESNO", "County": "FRESNO", "State": "CA", "PostCode": null, "SpatialOffsetMeters": null}}, {"type": "Feature", "geometry": {"type": "Point", "coordinates": [-119.715627682242, 36.8035313779614]}, "properties": {"SSAP_NGUID": "urn:emergency:uid:gis:SSAP:12812:fresnocountyca.gov", "DisclID": "fresnocountyca.gov", "CountyLocalID": "12812", "GERS_ID": null, "ConflationStatus": "COUNTY_ONLY", "Source": "FRESNO_COUNTY_GIS", "HNO": "289", "PRD": "W", "STN": "RIALTO", "STS": "AVE", "Unit": null, "CommunityName": "FRESNO", "County": "FRESNO", "State": "CA", "PostCode": null, "SpatialOffsetMeters": null}}, {"type": "Feature", "geometry": {"type": "Point", "coordinates": [-119.717868699556, 36.8028580056412]}, "properties": {"SSAP_NGUID": "urn:emergency:uid:gis:SSAP:12830:fresnocountyca.gov", "DisclID": "fresnocountyca.gov", "CountyLocalID": "12830", "GERS_ID": null, "ConflationStatus": "COUNTY_ONLY", "Source": "FRESNO_COUNTY_GIS", "HNO": "388", "PRD": "W", "STN": "RIALTO", "STS": "AVE", "Unit": null, "CommunityName": "FRESNO", "County": "FRESNO", "State": "CA", "PostCode": null, "SpatialOffsetMeters": null}}, {"type": "Feature", "geometry": {"type": "Point", "coordinates": [-119.71704192811, 36.7993382443873]}, "properties": {"SSAP_NGUID": "urn:emergency:uid:gis:SSAP:12843:fresnocountyca.gov", "DisclID": "fresnocountyca.gov", "CountyLocalID": "12843", "GERS_ID": null, "ConflationStatus": "COUNTY_ONLY", "Source": "FRESNO_COUNTY_GIS", "HNO": "349", "PRD": "W", "STN": "INDIANAPOLIS", "STS": "AVE", "Unit": null, "CommunityName": "FRESNO", "County": "FRESNO", "State": "CA", "PostCode": null, "SpatialOffsetMeters": null}}, {"type": "Feature", "geometry": {"type": "Point", "coordinates": [-119.66432037135, 36.833520993583]}, "properties": {"SSAP_NGUID": "urn:emergency:uid:gis:SSAP:12858:fresnocountyca.gov", "DisclID": "fresnocountyca.gov", "CountyLocalID": "12858", "GERS_ID": null, "ConflationStatus": "COUNTY_ONLY", "Source": "FRESNO_COUNTY_GIS", "HNO": "189", "PRD": "N", "STN": "CAROLINA", "STS": "AVE", "Unit": null, "CommunityName": "FRESNO", "County": "FRESNO", "State": "CA", "PostCode": null, "SpatialOffsetMeters": null}}, {"type": "Feature", "geometry": {"type": "Point", "coordinates": [-119.666470775832, 36.8311755531186]}, "properties": {"SSAP_NGUID": "urn:emergency:uid:gis:SSAP:12870:fresnocountyca.gov", "DisclID": "fresnocountyca.gov", "CountyLocalID": "12870", "GERS_ID": null, "ConflationStatus": "COUNTY_ONLY", "Source": "FRESNO_COUNTY_GIS", "HNO": "51", "PRD": "N", "STN": "TAMMI", "STS": "CT", "Unit": null, "CommunityName": "FRESNO", "County": "FRESNO", "State": "CA", "PostCode": null, "SpatialOffsetMeters": null}}, {"type": "Feature", "geometry": {"type": "Point", "coordinates": [-119.717236411718, 36.8424718927666]}, "properties": {"SSAP_NGUID": "urn:emergency:uid:gis:SSAP:12885:fresnocountyca.gov", "DisclID": "fresnocountyca.gov", "CountyLocalID": "12885", "GERS_ID": null, "ConflationStatus": "COUNTY_ONLY", "Source": "FRESNO_COUNTY_GIS", "HNO": "273", "PRD": "W", "STN": "KELLY", "STS": "AVE", "Unit": null, "CommunityName": "FRESNO", "County": "FRESNO", "State": "CA", "PostCode": null, "SpatialOffsetMeters": null}}, {"type": "Feature", "geometry": {"type": "Point", "coordinates": [-119.723582423807, 36.8283853388579]}, "properties": {"SSAP_NGUID": "urn:emergency:uid:gis:SSAP:12899:fresnocountyca.gov", "DisclID": "fresnocountyca.gov", "CountyLocalID": "12899", "GERS_ID": null, "ConflationStatus": "COUNTY_ONLY", "Source": "FRESNO_COUNTY_GIS", "HNO": "655", "PRD": "W", "STN": "VARTIKIAN", "STS": "AVE", "Unit": null, "CommunityName": "FRESNO", "County": "FRESNO", "State": "CA", "PostCode": null, "SpatialOffsetMeters": null}}, {"type": "Feature", "geometry": {"type": "Point", "coordinates": [-119.723200473693, 36.8267885428085]}, "properties": {"SSAP_NGUID": "urn:emergency:uid:gis:SSAP:12914:fresnocountyca.gov", "DisclID": "fresnocountyca.gov", "CountyLocalID": "12914", "GERS_ID": null, "ConflationStatus": "COUNTY_ONLY", "Source": "FRESNO_COUNTY_GIS", "HNO": "622", "PRD": "W", "STN": "ESCALON", "STS": "AVE", "Unit": null, "CommunityName": "FRESNO", "County": "FRESNO", "State": "CA", "PostCode": null, "SpatialOffsetMeters": null}}, {"type": "Feature", "geometry": {"type": "Point", "coordinates": [-119.702527698614, 36.8466076005538]}, "properties": {"SSAP_NGUID": "urn:emergency:uid:gis:SSAP:12929:fresnocountyca.gov", "DisclID": "fresnocountyca.gov", "CountyLocalID": "12929", "GERS_ID": null, "ConflationStatus": "COUNTY_ONLY", "Source": "FRESNO_COUNTY_GIS", "HNO": "895", "PRD": "N", "STN": "ROGERS", "STS": "AVE", "Unit": null, "CommunityName": "FRESNO", "County": "FRESNO", "State": "CA", "PostCode": null, "SpatialOffsetMeters": null}}, {"type": "Feature", "geometry": {"type": "Point", "coordinates": [-119.728959423919, 36.8327053319049]}, "properties": {"SSAP_NGUID": "urn:emergency:uid:gis:SSAP:12944:fresnocountyca.gov", "DisclID": "fresnocountyca.gov", "CountyLocalID": "12944", "GERS_ID": null, "ConflationStatus": "COUNTY_ONLY", "Source": "FRESNO_COUNTY_GIS", "HNO": "143", "PRD": "N", "STN": "WILLOW", "STS": "AVE", "Unit": null, "CommunityName": "FRESNO", "County": "FRESNO", "State": "CA", "PostCode": null, "SpatialOffsetMeters": null}}, {"type": "Feature", "geometry": {"type": "Point", "coordinates": [-119.727694232131, 36.8324740396926]}, "properties": {"SSAP_NGUID": "urn:emergency:uid:gis:SSAP:12961:fresnocountyca.gov", "DisclID": "fresnocountyca.gov", "CountyLocalID": "12961", "GERS_ID": null, "ConflationStatus": "COUNTY_ONLY", "Source": "FRESNO_COUNTY_GIS", "HNO": "762", "PRD": "W", "STN": "LOS ALTOS", "STS": "AVE", "Unit": null, "CommunityName": "FRESNO", "County": "FRESNO", "State": "CA", "PostCode": null, "SpatialOffsetMeters": null}}, {"type": "Feature", "geometry": {"type": "Point", "coordinates": [-119.728374747317, 36.8309587762362]}, "properties": {"SSAP_NGUID": "urn:emergency:uid:gis:SSAP:12975:fresnocountyca.gov", "DisclID": "fresnocountyca.gov", "CountyLocalID": "12975", "GERS_ID": null, "ConflationStatus": "COUNTY_ONLY", "Source": "FRESNO_COUNTY_GIS", "HNO": "782", "PRD": "W", "STN": "MENLO", "STS": "AVE", "Unit": null, "CommunityName": "FRESNO", "County": "FRESNO", "State": "CA", "PostCode": null, "SpatialOffsetMeters": null}}, {"type": "Feature", "geometry": {"type": "Point", "coordinates": [-119.726159354956, 36.8308856911449]}, "properties": {"SSAP_NGUID": "urn:emergency:uid:gis:SSAP:12992:fresnocountyca.gov", "DisclID": "fresnocountyca.gov", "CountyLocalID": "12992", "GERS_ID": null, "ConflationStatus": "COUNTY_ONLY", "Source": "FRESNO_COUNTY_GIS", "HNO": "32", "PRD": "N", "STN": "ADLER", "STS": "AVE", "Unit": null, "CommunityName": "FRESNO", "County": "FRESNO", "State": "CA", "PostCode": null, "SpatialOffsetMeters": null}}, {"type": "Feature", "geometry": {"type": "Point", "coordinates": [-119.726777791363, 36.8315043703975]}, "properties": {"SSAP_NGUID": "urn:emergency:uid:gis:SSAP:13008:fresnocountyca.gov", "DisclID": "fresnocountyca.gov", "CountyLocalID": "13008", "GERS_ID": null, "ConflationStatus": "COUNTY_ONLY", "Source": "FRESNO_COUNTY_GIS", "HNO": "75", "PRD": "N", "STN": "PIERCE", "STS": "AVE", "Unit": null, "CommunityName": "FRESNO", "County": "FRESNO", "State": "CA", "PostCode": null, "SpatialOffsetMeters": null}}, {"type": "Feature", "geometry": {"type": "Point", "coordinates": [-119.726113358393, 36.8332888067333]}, "properties": {"SSAP_NGUID": "urn:emergency:uid:gis:SSAP:13024:fresnocountyca.gov", "DisclID": "fresnocountyca.gov", "CountyLocalID": "13024", "GERS_ID": null, "ConflationStatus": "COUNTY_ONLY", "Source": "FRESNO_COUNTY_GIS", "HNO": "646", "PRD": "W", "STN": "POLSON", "STS": "AVE", "Unit": null, "CommunityName": "FRESNO", "County": "FRESNO", "State": "CA", "PostCode": null, "SpatialOffsetMeters": null}}, {"type": "Feature", "geometry": {"type": "Point", "coordinates": [-119.714607603994, 36.8643684412002]}, "properties": {"SSAP_NGUID": "urn:emergency:uid:gis:SSAP:13038:fresnocountyca.gov", "DisclID": "fresnocountyca.gov", "CountyLocalID": "13038", "GERS_ID": null, "ConflationStatus": "COUNTY_ONLY", "Source": "FRESNO_COUNTY_GIS", "HNO": "1829", "PRD": "N", "STN": "VILLA", "STS": "AVE", "Unit": null, "CommunityName": "FRESNO", "County": "FRESNO", "State": "CA", "PostCode": null, "SpatialOffsetMeters": null}}, {"type": "Feature", "geometry": {"type": "Point", "coordinates": [-119.726649029566, 36.8413599495373]}, "properties": {"SSAP_NGUID": "urn:emergency:uid:gis:SSAP:13055:fresnocountyca.gov", "DisclID": "fresnocountyca.gov", "CountyLocalID": "13055", "GERS_ID": null, "ConflationStatus": "COUNTY_ONLY", "Source": "FRESNO_COUNTY_GIS", "HNO": "682", "PRD": "W", "STN": "BIRCH", "STS": "AVE", "Unit": null, "CommunityName": "FRESNO", "County": "FRESNO", "State": "CA", "PostCode": null, "SpatialOffsetMeters": null}}, {"type": "Feature", "geometry": {"type": "Point", "coordinates": [-119.727684299015, 36.8427154321044]}, "properties": {"SSAP_NGUID": "urn:emergency:uid:gis:SSAP:13069:fresnocountyca.gov", "DisclID": "fresnocountyca.gov", "CountyLocalID": "13069", "GERS_ID": null, "ConflationStatus": "COUNTY_ONLY", "Source": "FRESNO_COUNTY_GIS", "HNO": "727", "PRD": "W", "STN": "CHENNAULT", "STS": "AVE", "Unit": null, "CommunityName": "FRESNO", "County": "FRESNO", "State": "CA", "PostCode": null, "SpatialOffsetMeters": null}}, {"type": "Feature", "geometry": {"type": "Point", "coordinates": [-119.723795765811, 36.8451647245819]}, "properties": {"SSAP_NGUID": "urn:emergency:uid:gis:SSAP:13085:fresnocountyca.gov", "DisclID": "fresnocountyca.gov", "CountyLocalID": "13085", "GERS_ID": null, "ConflationStatus": "COUNTY_ONLY", "Source": "FRESNO_COUNTY_GIS", "HNO": "565", "PRD": "W", "STN": "ALLUVIAL", "STS": "AVE", "Unit": null, "CommunityName": "FRESNO", "County": "FRESNO", "State": "CA", "PostCode": null, "SpatialOffsetMeters": null}}, {"type": "Feature", "geometry": {"type": "Point", "coordinates": [-119.720505504848, 36.8458208958567]}, "properties": {"SSAP_NGUID": "urn:emergency:uid:gis:SSAP:13098:fresnocountyca.gov", "DisclID": "fresnocountyca.gov", "CountyLocalID": "13098", "GERS_ID": null, "ConflationStatus": "COUNTY_ONLY", "Source": "FRESNO_COUNTY_GIS", "HNO": "416", "PRD": "W", "STN": "ATHENS", "STS": "AVE", "Unit": null, "CommunityName": "FRESNO", "County": "FRESNO", "State": "CA", "PostCode": null, "SpatialOffsetMeters": null}}, {"type": "Feature", "geometry": {"type": "Point", "coordinates": [-119.719675491146, 36.8398611242977]}, "properties": {"SSAP_NGUID": "urn:emergency:uid:gis:SSAP:13112:fresnocountyca.gov", "DisclID": "fresnocountyca.gov", "CountyLocalID": "13112", "GERS_ID": null, "ConflationStatus": "COUNTY_ONLY", "Source": "FRESNO_COUNTY_GIS", "HNO": "530", "PRD": "N", "STN": "BUSH", "STS": "AVE", "Unit": null, "CommunityName": "FRESNO", "County": "FRESNO", "State": "CA", "PostCode": null, "SpatialOffsetMeters": null}}, {"type": "Feature", "geometry": {"type": "Point", "coordinates": [-119.668821858115, 36.8106736064524]}, "properties": {"SSAP_NGUID": "urn:emergency:uid:gis:SSAP:13127:fresnocountyca.gov", "DisclID": "fresnocountyca.gov", "CountyLocalID": "13127", "GERS_ID": null, "ConflationStatus": "COUNTY_ONLY", "Source": "FRESNO_COUNTY_GIS", "HNO": "1733", "PRD": null, "STN": "STONEBROOK", "STS": "LN", "Unit": null, "CommunityName": "FRESNO", "County": "FRESNO", "State": "CA", "PostCode": null, "SpatialOffsetMeters": null}}, {"type": "Feature", "geometry": {"type": "Point", "coordinates": [-119.727173985458, 36.8489972793385]}, "properties": {"SSAP_NGUID": "urn:emergency:uid:gis:SSAP:13141:fresnocountyca.gov", "DisclID": "fresnocountyca.gov", "CountyLocalID": "13141", "GERS_ID": null, "ConflationStatus": "COUNTY_ONLY", "Source": "FRESNO_COUNTY_GIS", "HNO": "1012", "PRD": "N", "STN": "ADLER", "STS": "AVE", "Unit": null, "CommunityName": "FRESNO", "County": "FRESNO", "State": "CA", "PostCode": null, "SpatialOffsetMeters": null}}, {"type": "Feature", "geometry": {"type": "Point", "coordinates": [-119.697878738275, 36.8512313117304]}, "properties": {"SSAP_NGUID": "urn:emergency:uid:gis:SSAP:13154:fresnocountyca.gov", "DisclID": "fresnocountyca.gov", "CountyLocalID": "13154", "GERS_ID": null, "ConflationStatus": "COUNTY_ONLY", "Source": "FRESNO_COUNTY_GIS", "HNO": "1160", "PRD": "N", "STN": "MARION", "STS": "AVE", "Unit": null, "CommunityName": "FRESNO", "County": "FRESNO", "State": "CA", "PostCode": null, "SpatialOffsetMeters": null}}, {"type": "Feature", "geometry": {"type": "Point", "coordinates": [-119.729294299208, 36.8585020062795]}, "properties": {"SSAP_NGUID": "urn:emergency:uid:gis:SSAP:13167:fresnocountyca.gov", "DisclID": "fresnocountyca.gov", "CountyLocalID": "13167", "GERS_ID": null, "ConflationStatus": "COUNTY_ONLY", "Source": "FRESNO_COUNTY_GIS", "HNO": "1572", "PRD": "N", "STN": "GATEWAY", "STS": "AVE", "Unit": null, "CommunityName": "FRESNO", "County": "FRESNO", "State": "CA", "PostCode": null, "SpatialOffsetMeters": null}}, {"type": "Feature", "geometry": {"type": "Point", "coordinates": [-119.72573585904, 36.8582097825859]}, "properties": {"SSAP_NGUID": "urn:emergency:uid:gis:SSAP:13178:fresnocountyca.gov", "DisclID": "fresnocountyca.gov", "CountyLocalID": "13178", "GERS_ID": null, "ConflationStatus": "COUNTY_ONLY", "Source": "FRESNO_COUNTY_GIS", "HNO": "633", "PRD": "W", "STN": "RICHMOND", "STS": "AVE", "Unit": null, "CommunityName": "FRESNO", "County": "FRESNO", "State": "CA", "PostCode": null, "SpatialOffsetMeters": null}}, {"type": "Feature", "geometry": {"type": "Point", "coordinates": [-119.71978610899, 36.841691300586]}, "properties": {"SSAP_NGUID": "urn:emergency:uid:gis:SSAP:13192:fresnocountyca.gov", "DisclID": "fresnocountyca.gov", "CountyLocalID": "13192", "GERS_ID": null, "ConflationStatus": "COUNTY_ONLY", "Source": "FRESNO_COUNTY_GIS", "HNO": "602", "PRD": "N", "STN": "BUSH", "STS": "AVE", "Unit": null, "CommunityName": "FRESNO", "County": "FRESNO", "State": "CA", "PostCode": null, "SpatialOffsetMeters": null}}, {"type": "Feature", "geometry": {"type": "Point", "coordinates": [-119.719087574479, 36.8432482589424]}, "properties": {"SSAP_NGUID": "urn:emergency:uid:gis:SSAP:13205:fresnocountyca.gov", "DisclID": "fresnocountyca.gov", "CountyLocalID": "13205", "GERS_ID": null, "ConflationStatus": "COUNTY_ONLY", "Source": "FRESNO_COUNTY_GIS", "HNO": "361", "PRD": "W", "STN": "CHENNAULT", "STS": "AVE", "Unit": null, "CommunityName": "FRESNO", "County": "FRESNO", "State": "CA", "PostCode": null, "SpatialOffsetMeters": null}}, {"type": "Feature", "geometry": {"type": "Point", "coordinates": [-119.715871805782, 36.8422709251759]}, "properties": {"SSAP_NGUID": "urn:emergency:uid:gis:SSAP:13221:fresnocountyca.gov", "DisclID": "fresnocountyca.gov", "CountyLocalID": "13221", "GERS_ID": null, "ConflationStatus": "COUNTY_ONLY", "Source": "FRESNO_COUNTY_GIS", "HNO": "643", "PRD": "N", "STN": "HOMSY", "STS": "AVE", "Unit": null, "CommunityName": "FRESNO", "County": "FRESNO", "State": "CA", "PostCode": null, "SpatialOffsetMeters": null}}, {"type": "Feature", "geometry": {"type": "Point", "coordinates": [-119.719307613521, 36.841320124332]}, "properties": {"SSAP_NGUID": "urn:emergency:uid:gis:SSAP:13232:fresnocountyca.gov", "DisclID": "fresnocountyca.gov", "CountyLocalID": "13232", "GERS_ID": null, "ConflationStatus": "COUNTY_ONLY", "Source": "FRESNO_COUNTY_GIS", "HNO": "370", "PRD": "W", "STN": "BIRCH", "STS": "AVE", "Unit": null, "CommunityName": "FRESNO", "County": "FRESNO", "State": "CA", "PostCode": null, "SpatialOffsetMeters": null}}, {"type": "Feature", "geometry": {"type": "Point", "coordinates": [-119.697924069977, 36.8517162803179]}, "properties": {"SSAP_NGUID": "urn:emergency:uid:gis:SSAP:13243:fresnocountyca.gov", "DisclID": "fresnocountyca.gov", "CountyLocalID": "13243", "GERS_ID": null, "ConflationStatus": "COUNTY_ONLY", "Source": "FRESNO_COUNTY_GIS", "HNO": "1170", "PRD": "N", "STN": "MARION", "STS": "AVE", "Unit": null, "CommunityName": "FRESNO", "County": "FRESNO", "State": "CA", "PostCode": null, "SpatialOffsetMeters": null}}, {"type": "Feature", "geometry": {"type": "Point", "coordinates": [-119.71155786663, 36.850672917493]}, "properties": {"SSAP_NGUID": "urn:emergency:uid:gis:SSAP:13253:fresnocountyca.gov", "DisclID": "fresnocountyca.gov", "CountyLocalID": "13253", "GERS_ID": null, "ConflationStatus": "COUNTY_ONLY", "Source": "FRESNO_COUNTY_GIS", "HNO": "1165", "PRD": "N", "STN": "FAIRFAX", "STS": "AVE", "Unit": null, "CommunityName": "FRESNO", "County": "FRESNO", "State": "CA", "PostCode": null, "SpatialOffsetMeters": null}}, {"type": "Feature", "geometry": {"type": "Point", "coordinates": [-119.666063197983, 36.8314064070455]}, "properties": {"SSAP_NGUID": "urn:emergency:uid:gis:SSAP:13266:fresnocountyca.gov", "DisclID": "fresnocountyca.gov", "CountyLocalID": "13266", "GERS_ID": null, "ConflationStatus": "COUNTY_ONLY", "Source": "FRESNO_COUNTY_GIS", "HNO": "84", "PRD": "N", "STN": "PISTACHIO", "STS": "AVE", "Unit": null, "CommunityName": "FRESNO", "County": "FRESNO", "State": "CA", "PostCode": null, "SpatialOffsetMeters": null}}, {"type": "Feature", "geometry": {"type": "Point", "coordinates": [-119.722029773273, 36.7980632266694]}, "properties": {"SSAP_NGUID": "urn:emergency:uid:gis:SSAP:13281:fresnocountyca.gov", "DisclID": "fresnocountyca.gov", "CountyLocalID": "13281", "GERS_ID": null, "ConflationStatus": "COUNTY_ONLY", "Source": "FRESNO_COUNTY_GIS", "HNO": "578", "PRD": "W", "STN": "ASHCROFT", "STS": "AVE", "Unit": null, "CommunityName": "FRESNO", "County": "FRESNO", "State": "CA", "PostCode": null, "SpatialOffsetMeters": null}}, {"type": "Feature", "geometry": {"type": "Point", "coordinates": [-119.718475603806, 36.841830480544]}, "properties": {"SSAP_NGUID": "urn:emergency:uid:gis:SSAP:13296:fresnocountyca.gov", "DisclID": "fresnocountyca.gov", "CountyLocalID": "13296", "GERS_ID": null, "ConflationStatus": "COUNTY_ONLY", "Source": "FRESNO_COUNTY_GIS", "HNO": "335", "PRD": "W", "STN": "BIRCH", "STS": "AVE", "Unit": null, "CommunityName": "FRESNO", "County": "FRESNO", "State": "CA", "PostCode": null, "SpatialOffsetMeters": null}}, {"type": "Feature", "geometry": {"type": "Point", "coordinates": [-119.72334943519, 36.7985587260786]}, "properties": {"SSAP_NGUID": "urn:emergency:uid:gis:SSAP:13309:fresnocountyca.gov", "DisclID": "fresnocountyca.gov", "CountyLocalID": "13309", "GERS_ID": null, "ConflationStatus": "COUNTY_ONLY", "Source": "FRESNO_COUNTY_GIS", "HNO": "629", "PRD": "W", "STN": "ASHCROFT", "STS": "AVE", "Unit": null, "CommunityName": "FRESNO", "County": "FRESNO", "State": "CA", "PostCode": null, "SpatialOffsetMeters": null}}, {"type": "Feature", "geometry": {"type": "Point", "coordinates": [-119.724786251387, 36.8414566726003]}, "properties": {"SSAP_NGUID": "urn:emergency:uid:gis:SSAP:13322:fresnocountyca.gov", "DisclID": "fresnocountyca.gov", "CountyLocalID": "13322", "GERS_ID": null, "ConflationStatus": "COUNTY_ONLY", "Source": "FRESNO_COUNTY_GIS", "HNO": "602", "PRD": "N", "STN": "HELM", "STS": "AVE", "Unit": null, "CommunityName": "FRESNO", "County": "FRESNO", "State": "CA", "PostCode": null, "SpatialOffsetMeters": null}}, {"type": "Feature", "geometry": {"type": "Point", "coordinates": [-119.71575181731, 36.8027796491974]}, "properties": {"SSAP_NGUID": "urn:emergency:uid:gis:SSAP:13335:fresnocountyca.gov", "DisclID": "fresnocountyca.gov", "CountyLocalID": "13335", "GERS_ID": null, "ConflationStatus": "COUNTY_ONLY", "Source": "FRESNO_COUNTY_GIS", "HNO": "294", "PRD": "W", "STN": "RIALTO", "STS": "AVE", "Unit": null, "CommunityName": "FRESNO", "County": "FRESNO", "State": "CA", "PostCode": null, "SpatialOffsetMeters": null}}, {"type": "Feature", "geometry": {"type": "Point", "coordinates": [-119.714886364001, 36.8511837639152]}, "properties": {"SSAP_NGUID": "urn:emergency:uid:gis:SSAP:13352:fresnocountyca.gov", "DisclID": "fresnocountyca.gov", "CountyLocalID": "13352", "GERS_ID": null, "ConflationStatus": "COUNTY_ONLY", "Source": "FRESNO_COUNTY_GIS", "HNO": "166", "PRD": "W", "STN": "JORDAN", "STS": "AVE", "Unit": null, "CommunityName": "FRESNO", "County": "FRESNO", "State": "CA", "PostCode": null, "SpatialOffsetMeters": null}}, {"type": "Feature", "geometry": {"type": "Point", "coordinates": [-119.723146742476, 36.7992721606449]}, "properties": {"SSAP_NGUID": "urn:emergency:uid:gis:SSAP:13367:fresnocountyca.gov", "DisclID": "fresnocountyca.gov", "CountyLocalID": "13367", "GERS_ID": null, "ConflationStatus": "COUNTY_ONLY", "Source": "FRESNO_COUNTY_GIS", "HNO": "619", "PRD": "W", "STN": "INDIANAPOLIS", "STS": "AVE", "Unit": null, "CommunityName": "FRESNO", "County": "FRESNO", "State": "CA", "PostCode": null, "SpatialOffsetMeters": null}}, {"type": "Feature", "geometry": {"type": "Point", "coordinates": [-119.714080523656, 36.8517411138649]}, "properties": {"SSAP_NGUID": "urn:emergency:uid:gis:SSAP:13381:fresnocountyca.gov", "DisclID": "fresnocountyca.gov", "CountyLocalID": "13381", "GERS_ID": null, "ConflationStatus": "COUNTY_ONLY", "Source": "FRESNO_COUNTY_GIS", "HNO": "131", "PRD": "W", "STN": "JORDAN", "STS": "AVE", "Unit": null, "CommunityName": "FRESNO", "County": "FRESNO", "State": "CA", "PostCode": null, "SpatialOffsetMeters": null}}, {"type": "Feature", "geometry": {"type": "Point", "coordinates": [-119.715453620613, 36.8508623222857]}, "properties": {"SSAP_NGUID": "urn:emergency:uid:gis:SSAP:13393:fresnocountyca.gov", "DisclID": "fresnocountyca.gov", "CountyLocalID": "13393", "GERS_ID": null, "ConflationStatus": "COUNTY_ONLY", "Source": "FRESNO_COUNTY_GIS", "HNO": "1164", "PRD": "N", "STN": "ORANGEWOOD", "STS": "AVE", "Unit": null, "CommunityName": "FRESNO", "County": "FRESNO", "State": "CA", "PostCode": null, "SpatialOffsetMeters": null}}, {"type": "Feature", "geometry": {"type": "Point", "coordinates": [-119.72381886728, 36.800991198354]}, "properties": {"SSAP_NGUID": "urn:emergency:uid:gis:SSAP:13407:fresnocountyca.gov", "DisclID": "fresnocountyca.gov", "CountyLocalID": "13407", "GERS_ID": null, "ConflationStatus": "COUNTY_ONLY", "Source": "FRESNO_COUNTY_GIS", "HNO": "652", "PRD": "W", "STN": "GETTYSBURG", "STS": "AVE", "Unit": null, "CommunityName": "FRESNO", "County": "FRESNO", "State": "CA", "PostCode": null, "SpatialOffsetMeters": null}}, {"type": "Feature", "geometry": {"type": "Point", "coordinates": [-119.72466020664, 36.8496192350984]}, "properties": {"SSAP_NGUID": "urn:emergency:uid:gis:SSAP:13422:fresnocountyca.gov", "DisclID": "fresnocountyca.gov", "CountyLocalID": "13422", "GERS_ID": null, "ConflationStatus": "COUNTY_ONLY", "Source": "FRESNO_COUNTY_GIS", "HNO": "1067", "PRD": "N", "STN": "CINDY", "STS": "AVE", "Unit": null, "CommunityName": "FRESNO", "County": "FRESNO", "State": "CA", "PostCode": null, "SpatialOffsetMeters": null}}, {"type": "Feature", "geometry": {"type": "Point", "coordinates": [-119.725445918522, 36.8046552986846]}, "properties": {"SSAP_NGUID": "urn:emergency:uid:gis:SSAP:13437:fresnocountyca.gov", "DisclID": "fresnocountyca.gov", "CountyLocalID": "13437", "GERS_ID": null, "ConflationStatus": "COUNTY_ONLY", "Source": "FRESNO_COUNTY_GIS", "HNO": "724", "PRD": "W", "STN": "SANTA ANA", "STS": "AVE", "Unit": null, "CommunityName": "FRESNO", "County": "FRESNO", "State": "CA", "PostCode": null, "SpatialOffsetMeters": null}}, {"type": "Feature", "geometry": {"type": "Point", "coordinates": [-119.724609985066, 36.850015494498]}, "properties": {"SSAP_NGUID": "urn:emergency:uid:gis:SSAP:13450:fresnocountyca.gov", "DisclID": "fresnocountyca.gov", "CountyLocalID": "13450", "GERS_ID": null, "ConflationStatus": "COUNTY_ONLY", "Source": "FRESNO_COUNTY_GIS", "HNO": "1078", "PRD": "N", "STN": "CITADEL", "STS": "AVE", "Unit": null, "CommunityName": "FRESNO", "County": "FRESNO", "State": "CA", "PostCode": null, "SpatialOffsetMeters": null}}, {"type": "Feature", "geometry": {"type": "Point", "coordinates": [-119.725444790194, 36.8043805633824]}, "properties": {"SSAP_NGUID": "urn:emergency:uid:gis:SSAP:13465:fresnocountyca.gov", "DisclID": "fresnocountyca.gov", "CountyLocalID": "13465", "GERS_ID": null, "ConflationStatus": "COUNTY_ONLY", "Source": "FRESNO_COUNTY_GIS", "HNO": "725", "PRD": "W", "STN": "SAN GABRIEL", "STS": "AVE", "Unit": null, "CommunityName": "FRESNO", "County": "FRESNO", "State": "CA", "PostCode": null, "SpatialOffsetMeters": null}}, {"type": "Feature", "geometry": {"type": "Point", "coordinates": [-119.712615875689, 36.7977192907136]}, "properties": {"SSAP_NGUID": "urn:emergency:uid:gis:SSAP:13479:fresnocountyca.gov", "DisclID": "fresnocountyca.gov", "CountyLocalID": "13479", "GERS_ID": null, "ConflationStatus": "COUNTY_ONLY", "Source": "FRESNO_COUNTY_GIS", "HNO": "157", "PRD": "W", "STN": "NATIONAL", "STS": "AVE", "Unit": null, "CommunityName": "FRESNO", "County": "FRESNO", "State": "CA", "PostCode": null, "SpatialOffsetMeters": null}}, {"type": "Feature", "geometry": {"type": "Point", "coordinates": [-119.711330481887, 36.7972816676632]}, "properties": {"SSAP_NGUID": "urn:emergency:uid:gis:SSAP:13493:fresnocountyca.gov", "DisclID": "fresnocountyca.gov", "CountyLocalID": "13493", "GERS_ID": null, "ConflationStatus": "COUNTY_ONLY", "Source": "FRESNO_COUNTY_GIS", "HNO": "96", "PRD": "W", "STN": "NATIONAL", "STS": "AVE", "Unit": null, "CommunityName": "FRESNO", "County": "FRESNO", "State": "CA", "PostCode": null, "SpatialOffsetMeters": null}}, {"type": "Feature", "geometry": {"type": "Point", "coordinates": [-119.69955160189, 36.8384451848532]}, "properties": {"SSAP_NGUID": "urn:emergency:uid:gis:SSAP:13508:fresnocountyca.gov", "DisclID": "fresnocountyca.gov", "CountyLocalID": "13508", "GERS_ID": null, "ConflationStatus": "COUNTY_ONLY", "Source": "FRESNO_COUNTY_GIS", "HNO": "435", "PRD": "N", "STN": "CLOVIS", "STS": "AVE", "Unit": null, "CommunityName": "FRESNO", "County": "FRESNO", "State": "CA", "PostCode": null, "SpatialOffsetMeters": null}}, {"type": "Feature", "geometry": {"type": "Point", "coordinates": [-119.718514354802, 36.8504893148498]}, "properties": {"SSAP_NGUID": "urn:emergency:uid:gis:SSAP:13524:fresnocountyca.gov", "DisclID": "fresnocountyca.gov", "CountyLocalID": "13524", "GERS_ID": null, "ConflationStatus": "COUNTY_ONLY", "Source": "FRESNO_COUNTY_GIS", "HNO": "352", "PRD": "W", "STN": "JORDAN", "STS": "AVE", "Unit": null, "CommunityName": "FRESNO", "County": "FRESNO", "State": "CA", "PostCode": null, "SpatialOffsetMeters": null}}, {"type": "Feature", "geometry": {"type": "Point", "coordinates": [-119.715581769862, 36.86463270184]}, "properties": {"SSAP_NGUID": "urn:emergency:uid:gis:SSAP:13537:fresnocountyca.gov", "DisclID": "fresnocountyca.gov", "CountyLocalID": "13537", "GERS_ID": null, "ConflationStatus": "COUNTY_ONLY", "Source": "FRESNO_COUNTY_GIS", "HNO": "1865", "PRD": "N", "STN": "HOMSY", "STS": "AVE", "Unit": null, "CommunityName": "FRESNO", "County": "FRESNO", "State": "CA", "PostCode": null, "SpatialOffsetMeters": null}}, {"type": "Feature", "geometry": {"type": "Point", "coordinates": [-119.717428958358, 36.8326489067616]}, "properties": {"SSAP_NGUID": "urn:emergency:uid:gis:SSAP:13552:fresnocountyca.gov", "DisclID": "fresnocountyca.gov", "CountyLocalID": "13552", "GERS_ID": null, "ConflationStatus": "COUNTY_ONLY", "Source": "FRESNO_COUNTY_GIS", "HNO": "135", "PRD": "N", "STN": "PEACH", "STS": "AVE", "Unit": null, "CommunityName": "FRESNO", "County": "FRESNO", "State": "CA", "PostCode": null, "SpatialOffsetMeters": null}}, {"type": "Feature", "geometry": {"type": "Point", "coordinates": [-119.721515644527, 36.8466008443476]}, "properties": {"SSAP_NGUID": "urn:emergency:uid:gis:SSAP:13569:fresnocountyca.gov", "DisclID": "fresnocountyca.gov", "CountyLocalID": "13569", "GERS_ID": null, "ConflationStatus": "COUNTY_ONLY", "Source": "FRESNO_COUNTY_GIS", "HNO": "474", "PRD": "W", "STN": "BEDFORD", "STS": "AVE", "Unit": null, "CommunityName": "FRESNO", "County": "FRESNO", "State": "CA", "PostCode": null, "SpatialOffsetMeters": null}}, {"type": "Feature", "geometry": {"type": "Point", "coordinates": [-119.719763375361, 36.8610496518611]}, "properties": {"SSAP_NGUID": "urn:emergency:uid:gis:SSAP:13582:fresnocountyca.gov", "DisclID": "fresnocountyca.gov", "CountyLocalID": "13582", "GERS_ID": null, "ConflationStatus": "COUNTY_ONLY", "Source": "FRESNO_COUNTY_GIS", "HNO": "1660", "PRD": "N", "STN": "BUSH", "STS": "AVE", "Unit": null, "CommunityName": "FRESNO", "County": "FRESNO", "State": "CA", "PostCode": null, "SpatialOffsetMeters": null}}, {"type": "Feature", "geometry": {"type": "Point", "coordinates": [-119.721889019532, 36.8472974158381]}, "properties": {"SSAP_NGUID": "urn:emergency:uid:gis:SSAP:13599:fresnocountyca.gov", "DisclID": "fresnocountyca.gov", "CountyLocalID": "13599", "GERS_ID": null, "ConflationStatus": "COUNTY_ONLY", "Source": "FRESNO_COUNTY_GIS", "HNO": "494", "PRD": "W", "STN": "CROMWELL", "STS": "AVE", "Unit": null, "CommunityName": "FRESNO", "County": "FRESNO", "State": "CA", "PostCode": null, "SpatialOffsetMeters": null}}, {"type": "Feature", "geometry": {"type": "Point", "coordinates": [-119.725167041179, 36.84753166058]}, "properties": {"SSAP_NGUID": "urn:emergency:uid:gis:SSAP:13613:fresnocountyca.gov", "DisclID": "fresnocountyca.gov", "CountyLocalID": "13613", "GERS_ID": null, "ConflationStatus": "COUNTY_ONLY", "Source": "FRESNO_COUNTY_GIS", "HNO": "931", "PRD": "N", "STN": "CHAPEL HILL", "STS": "AVE", "Unit": null, "CommunityName": "FRESNO", "County": "FRESNO", "State": "CA", "PostCode": null, "SpatialOffsetMeters": null}}, {"type": "Feature", "geometry": {"type": "Point", "coordinates": [-119.718773088968, 36.862700212566]}, "properties": {"SSAP_NGUID": "urn:emergency:uid:gis:SSAP:13628:fresnocountyca.gov", "DisclID": "fresnocountyca.gov", "CountyLocalID": "13628", "GERS_ID": null, "ConflationStatus": "COUNTY_ONLY", "Source": "FRESNO_COUNTY_GIS", "HNO": "1742", "PRD": "N", "STN": "CAESAR", "STS": "AVE", "Unit": null, "CommunityName": "FRESNO", "County": "FRESNO", "State": "CA", "PostCode": null, "SpatialOffsetMeters": null}}, {"type": "Feature", "geometry": {"type": "Point", "coordinates": [-119.719780127305, 36.8629123156956]}, "properties": {"SSAP_NGUID": "urn:emergency:uid:gis:SSAP:13644:fresnocountyca.gov", "DisclID": "fresnocountyca.gov", "CountyLocalID": "13644", "GERS_ID": null, "ConflationStatus": "COUNTY_ONLY", "Source": "FRESNO_COUNTY_GIS", "HNO": "1750", "PRD": "N", "STN": "BUSH", "STS": "AVE", "Unit": null, "CommunityName": "FRESNO", "County": "FRESNO", "State": "CA", "PostCode": null, "SpatialOffsetMeters": null}}, {"type": "Feature", "geometry": {"type": "Point", "coordinates": [-119.717253870322, 36.8610941967889]}, "properties": {"SSAP_NGUID": "urn:emergency:uid:gis:SSAP:13656:fresnocountyca.gov", "DisclID": "fresnocountyca.gov", "CountyLocalID": "13656", "GERS_ID": null, "ConflationStatus": "COUNTY_ONLY", "Source": "FRESNO_COUNTY_GIS", "HNO": "275", "PRD": "W", "STN": "VERMONT", "STS": "AVE", "Unit": null, "CommunityName": "FRESNO", "County": "FRESNO", "State": "CA", "PostCode": null, "SpatialOffsetMeters": null}}, {"type": "Feature", "geometry": {"type": "Point", "coordinates": [-119.725164769177, 36.8459668559487]}, "properties": {"SSAP_NGUID": "urn:emergency:uid:gis:SSAP:13668:fresnocountyca.gov", "DisclID": "fresnocountyca.gov", "CountyLocalID": "13668", "GERS_ID": null, "ConflationStatus": "COUNTY_ONLY", "Source": "FRESNO_COUNTY_GIS", "HNO": "845", "PRD": "N", "STN": "CHAPEL HILL", "STS": "AVE", "Unit": null, "CommunityName": "FRESNO", "County": "FRESNO", "State": "CA", "PostCode": null, "SpatialOffsetMeters": null}}, {"type": "Feature", "geometry": {"type": "Point", "coordinates": [-119.725163510938, 36.8450936829515]}, "properties": {"SSAP_NGUID": "urn:emergency:uid:gis:SSAP:13680:fresnocountyca.gov", "DisclID": "fresnocountyca.gov", "CountyLocalID": "13680", "GERS_ID": null, "ConflationStatus": "COUNTY_ONLY", "Source": "FRESNO_COUNTY_GIS", "HNO": "805", "PRD": "N", "STN": "CHAPEL HILL", "STS": "AVE", "Unit": null, "CommunityName": "FRESNO", "County": "FRESNO", "State": "CA", "PostCode": null, "SpatialOffsetMeters": null}}, {"type": "Feature", "geometry": {"type": "Point", "coordinates": [-119.724774332636, 36.845990398807]}, "properties": {"SSAP_NGUID": "urn:emergency:uid:gis:SSAP:13694:fresnocountyca.gov", "DisclID": "fresnocountyca.gov", "CountyLocalID": "13694", "GERS_ID": null, "ConflationStatus": "COUNTY_ONLY", "Source": "FRESNO_COUNTY_GIS", "HNO": "852", "PRD": "N", "STN": "CINDY", "STS": "AVE", "Unit": null, "CommunityName": "FRESNO", "County": "FRESNO", "State": "CA", "PostCode": null, "SpatialOffsetMeters": null}}, {"type": "Feature", "geometry": {"type": "Point", "coordinates": [-119.717215720861, 36.862922063186]}, "properties": {"SSAP_NGUID": "urn:emergency:uid:gis:SSAP:13710:fresnocountyca.gov", "DisclID": "fresnocountyca.gov", "CountyLocalID": "13710", "GERS_ID": null, "ConflationStatus": "COUNTY_ONLY", "Source": "FRESNO_COUNTY_GIS", "HNO": "1757", "PRD": "N", "STN": "HALIFAX", "STS": "AVE", "Unit": null, "CommunityName": "FRESNO", "County": "FRESNO", "State": "CA", "PostCode": null, "SpatialOffsetMeters": null}}, {"type": "Feature", "geometry": {"type": "Point", "coordinates": [-119.672759141409, 36.8607027065617]}, "properties": {"SSAP_NGUID": "urn:emergency:uid:gis:SSAP:13726:fresnocountyca.gov", "DisclID": "fresnocountyca.gov", "CountyLocalID": "13726", "GERS_ID": null, "ConflationStatus": "COUNTY_ONLY", "Source": "FRESNO_COUNTY_GIS", "HNO": "1676", "PRD": "N", "STN": "HOLLY", "STS": "AVE", "Unit": null, "CommunityName": "FRESNO", "County": "FRESNO", "State": "CA", "PostCode": null, "SpatialOffsetMeters": null}}, {"type": "Feature", "geometry": {"type": "Point", "coordinates": [-119.725168102804, 36.8482269552783]}, "properties": {"SSAP_NGUID": "urn:emergency:uid:gis:SSAP:13739:fresnocountyca.gov", "DisclID": "fresnocountyca.gov", "CountyLocalID": "13739", "GERS_ID": null, "ConflationStatus": "COUNTY_ONLY", "Source": "FRESNO_COUNTY_GIS", "HNO": "983", "PRD": "N", "STN": "CHAPEL HILL", "STS": "AVE", "Unit": null, "CommunityName": "FRESNO", "County": "FRESNO", "State": "CA", "PostCode": null, "SpatialOffsetMeters": null}}, {"type": "Feature", "geometry": {"type": "Point", "coordinates": [-119.72479360839, 36.8482320560951]}, "properties": {"SSAP_NGUID": "urn:emergency:uid:gis:SSAP:13755:fresnocountyca.gov", "DisclID": "fresnocountyca.gov", "CountyLocalID": "13755", "GERS_ID": null, "ConflationStatus": "COUNTY_ONLY", "Source": "FRESNO_COUNTY_GIS", "HNO": "962", "PRD": "N", "STN": "CINDY", "STS": "AVE", "Unit": null, "CommunityName": "FRESNO", "County": "FRESNO", "State": "CA", "PostCode": null, "SpatialOffsetMeters": null}}, {"type": "Feature", "geometry": {"type": "Point", "coordinates": [-119.717790864003, 36.8633382485627]}, "properties": {"SSAP_NGUID": "urn:emergency:uid:gis:SSAP:13768:fresnocountyca.gov", "DisclID": "fresnocountyca.gov", "CountyLocalID": "13768", "GERS_ID": null, "ConflationStatus": "COUNTY_ONLY", "Source": "FRESNO_COUNTY_GIS", "HNO": "1776", "PRD": "N", "STN": "HALIFAX", "STS": "AVE", "Unit": null, "CommunityName": "FRESNO", "County": "FRESNO", "State": "CA", "PostCode": null, "SpatialOffsetMeters": null}}, {"type": "Feature", "geometry": {"type": "Point", "coordinates": [-119.725775110132, 36.846155836819]}, "properties": {"SSAP_NGUID": "urn:emergency:uid:gis:SSAP:13783:fresnocountyca.gov", "DisclID": "fresnocountyca.gov", "CountyLocalID": "13783", "GERS_ID": null, "ConflationStatus": "COUNTY_ONLY", "Source": "FRESNO_COUNTY_GIS", "HNO": "854", "PRD": "N", "STN": "CHAPEL HILL", "STS": "AVE", "Unit": null, "CommunityName": "FRESNO", "County": "FRESNO", "State": "CA", "PostCode": null, "SpatialOffsetMeters": null}}, {"type": "Feature", "geometry": {"type": "Point", "coordinates": [-119.726362471033, 36.8470928457279]}, "properties": {"SSAP_NGUID": "urn:emergency:uid:gis:SSAP:13798:fresnocountyca.gov", "DisclID": "fresnocountyca.gov", "CountyLocalID": "13798", "GERS_ID": null, "ConflationStatus": "COUNTY_ONLY", "Source": "FRESNO_COUNTY_GIS", "HNO": "925", "PRD": "N", "STN": "ADLER", "STS": "AVE", "Unit": null, "CommunityName": "FRESNO", "County": "FRESNO", "State": "CA", "PostCode": null, "SpatialOffsetMeters": null}}, {"type": "Feature", "geometry": {"type": "Point", "coordinates": [-119.715449564347, 36.8504247405848]}, "properties": {"SSAP_NGUID": "urn:emergency:uid:gis:SSAP:13812:fresnocountyca.gov", "DisclID": "fresnocountyca.gov", "CountyLocalID": "13812", "GERS_ID": null, "ConflationStatus": "COUNTY_ONLY", "Source": "FRESNO_COUNTY_GIS", "HNO": "1134", "PRD": "N", "STN": "ORANGEWOOD", "STS": "AVE", "Unit": null, "CommunityName": "FRESNO", "County": "FRESNO", "State": "CA", "PostCode": null, "SpatialOffsetMeters": null}}, {"type": "Feature", "geometry": {"type": "Point", "coordinates": [-119.668832356969, 36.8096633146006]}, "properties": {"SSAP_NGUID": "urn:emergency:uid:gis:SSAP:13829:fresnocountyca.gov", "DisclID": "fresnocountyca.gov", "CountyLocalID": "13829", "GERS_ID": null, "ConflationStatus": "COUNTY_ONLY", "Source": "FRESNO_COUNTY_GIS", "HNO": "1863", "PRD": null, "STN": "STONEBROOK", "STS": "LN", "Unit": null, "CommunityName": "FRESNO", "County": "FRESNO", "State": "CA", "PostCode": null, "SpatialOffsetMeters": null}}, {"type": "Feature", "geometry": {"type": "Point", "coordinates": [-119.669299767341, 36.8097331161472]}, "properties": {"SSAP_NGUID": "urn:emergency:uid:gis:SSAP:13841:fresnocountyca.gov", "DisclID": "fresnocountyca.gov", "CountyLocalID": "13841", "GERS_ID": null, "ConflationStatus": "COUNTY_ONLY", "Source": "FRESNO_COUNTY_GIS", "HNO": "1864", "PRD": null, "STN": "STONEBROOK", "STS": "LN", "Unit": null, "CommunityName": "FRESNO", "County": "FRESNO", "State": "CA", "PostCode": null, "SpatialOffsetMeters": null}}, {"type": "Feature", "geometry": {"type": "Point", "coordinates": [-119.724703952873, 36.8031508053038]}, "properties": {"SSAP_NGUID": "urn:emergency:uid:gis:SSAP:13860:fresnocountyca.gov", "DisclID": "fresnocountyca.gov", "CountyLocalID": "13860", "GERS_ID": null, "ConflationStatus": "COUNTY_ONLY", "Source": "FRESNO_COUNTY_GIS", "HNO": "690", "PRD": "W", "STN": "RIALTO", "STS": "AVE", "Unit": null, "CommunityName": "FRESNO", "County": "FRESNO", "State": "CA", "PostCode": null, "SpatialOffsetMeters": null}}, {"type": "Feature", "geometry": {"type": "Point", "coordinates": [-119.723138853233, 36.8036248128028]}, "properties": {"SSAP_NGUID": "urn:emergency:uid:gis:SSAP:13876:fresnocountyca.gov", "DisclID": "fresnocountyca.gov", "CountyLocalID": "13876", "GERS_ID": null, "ConflationStatus": "COUNTY_ONLY", "Source": "FRESNO_COUNTY_GIS", "HNO": "619", "PRD": "W", "STN": "RIALTO", "STS": "AVE", "Unit": null, "CommunityName": "FRESNO", "County": "FRESNO", "State": "CA", "PostCode": null, "SpatialOffsetMeters": null}}, {"type": "Feature", "geometry": {"type": "Point", "coordinates": [-119.715449578205, 36.8499868758334]}, "properties": {"SSAP_NGUID": "urn:emergency:uid:gis:SSAP:13891:fresnocountyca.gov", "DisclID": "fresnocountyca.gov", "CountyLocalID": "13891", "GERS_ID": null, "ConflationStatus": "COUNTY_ONLY", "Source": "FRESNO_COUNTY_GIS", "HNO": "1094", "PRD": "N", "STN": "ORANGEWOOD", "STS": "AVE", "Unit": null, "CommunityName": "FRESNO", "County": "FRESNO", "State": "CA", "PostCode": null, "SpatialOffsetMeters": null}}, {"type": "Feature", "geometry": {"type": "Point", "coordinates": [-119.719228880184, 36.8043527831752]}, "properties": {"SSAP_NGUID": "urn:emergency:uid:gis:SSAP:13906:fresnocountyca.gov", "DisclID": "fresnocountyca.gov", "CountyLocalID": "13906", "GERS_ID": null, "ConflationStatus": "COUNTY_ONLY", "Source": "FRESNO_COUNTY_GIS", "HNO": "435", "PRD": "W", "STN": "SAN GABRIEL", "STS": "AVE", "Unit": null, "CommunityName": "FRESNO", "County": "FRESNO", "State": "CA", "PostCode": null, "SpatialOffsetMeters": null}}, {"type": "Feature", "geometry": {"type": "Point", "coordinates": [-119.722303118116, 36.8043651134641]}, "properties": {"SSAP_NGUID": "urn:emergency:uid:gis:SSAP:13922:fresnocountyca.gov", "DisclID": "fresnocountyca.gov", "CountyLocalID": "13922", "GERS_ID": null, "ConflationStatus": "COUNTY_ONLY", "Source": "FRESNO_COUNTY_GIS", "HNO": "583", "PRD": "W", "STN": "SAN GABRIEL", "STS": "AVE", "Unit": null, "CommunityName": "FRESNO", "County": "FRESNO", "State": "CA", "PostCode": null, "SpatialOffsetMeters": null}}, {"type": "Feature", "geometry": {"type": "Point", "coordinates": [-119.714587136505, 36.8491537055842]}, "properties": {"SSAP_NGUID": "urn:emergency:uid:gis:SSAP:13934:fresnocountyca.gov", "DisclID": "fresnocountyca.gov", "CountyLocalID": "13934", "GERS_ID": null, "ConflationStatus": "COUNTY_ONLY", "Source": "FRESNO_COUNTY_GIS", "HNO": "157", "PRD": "W", "STN": "GOSHEN", "STS": "AVE", "Unit": null, "CommunityName": "FRESNO", "County": "FRESNO", "State": "CA", "PostCode": null, "SpatialOffsetMeters": null}}, {"type": "Feature", "geometry": {"type": "Point", "coordinates": [-119.714870246546, 36.8503075787247]}, "properties": {"SSAP_NGUID": "urn:emergency:uid:gis:SSAP:13948:fresnocountyca.gov", "DisclID": "fresnocountyca.gov", "CountyLocalID": "13948", "GERS_ID": null, "ConflationStatus": "COUNTY_ONLY", "Source": "FRESNO_COUNTY_GIS", "HNO": "164", "PRD": "W", "STN": "HOUSTON", "STS": "AVE", "Unit": null, "CommunityName": "FRESNO", "County": "FRESNO", "State": "CA", "PostCode": null, "SpatialOffsetMeters": null}}, {"type": "Feature", "geometry": {"type": "Point", "coordinates": [-119.717179911411, 36.8654709744139]}, "properties": {"SSAP_NGUID": "urn:emergency:uid:gis:SSAP:13960:fresnocountyca.gov", "DisclID": "fresnocountyca.gov", "CountyLocalID": "13960", "GERS_ID": null, "ConflationStatus": "COUNTY_ONLY", "Source": "FRESNO_COUNTY_GIS", "HNO": "273", "PRD": "W", "STN": "EVERGLADE", "STS": "AVE", "Unit": null, "CommunityName": "FRESNO", "County": "FRESNO", "State": "CA", "PostCode": null, "SpatialOffsetMeters": null}}, {"type": "Feature", "geometry": {"type": "Point", "coordinates": [-119.716184903363, 36.8652110898631]}, "properties": {"SSAP_NGUID": "urn:emergency:uid:gis:SSAP:13974:fresnocountyca.gov", "DisclID": "fresnocountyca.gov", "CountyLocalID": "13974", "GERS_ID": null, "ConflationStatus": "COUNTY_ONLY", "Source": "FRESNO_COUNTY_GIS", "HNO": "1954", "PRD": "N", "STN": "HOMSY", "STS": "AVE", "Unit": null, "CommunityName": "FRESNO", "County": "FRESNO", "State": "CA", "PostCode": null, "SpatialOffsetMeters": null}}, {"type": "Feature", "geometry": {"type": "Point", "coordinates": [-119.716962580139, 36.8658199248778]}, "properties": {"SSAP_NGUID": "urn:emergency:uid:gis:SSAP:13986:fresnocountyca.gov", "DisclID": "fresnocountyca.gov", "CountyLocalID": "13986", "GERS_ID": null, "ConflationStatus": "COUNTY_ONLY", "Source": "FRESNO_COUNTY_GIS", "HNO": "260", "PRD": "W", "STN": "SERENA", "STS": "AVE", "Unit": null, "CommunityName": "FRESNO", "County": "FRESNO", "State": "CA", "PostCode": null, "SpatialOffsetMeters": null}}, {"type": "Feature", "geometry": {"type": "Point", "coordinates": [-119.669825552479, 36.8089013729978]}, "properties": {"SSAP_NGUID": "urn:emergency:uid:gis:SSAP:14001:fresnocountyca.gov", "DisclID": "fresnocountyca.gov", "CountyLocalID": "14001", "GERS_ID": null, "ConflationStatus": "COUNTY_ONLY", "Source": "FRESNO_COUNTY_GIS", "HNO": "2340", "PRD": null, "STN": "DAWSON COVE", "STS": "LN", "Unit": null, "CommunityName": "FRESNO", "County": "FRESNO", "State": "CA", "PostCode": null, "SpatialOffsetMeters": null}}, {"type": "Feature", "geometry": {"type": "Point", "coordinates": [-119.683646284392, 36.8464154616593]}, "properties": {"SSAP_NGUID": "urn:emergency:uid:gis:SSAP:14016:fresnocountyca.gov", "DisclID": "fresnocountyca.gov", "CountyLocalID": "14016", "GERS_ID": null, "ConflationStatus": "COUNTY_ONLY", "Source": "FRESNO_COUNTY_GIS", "HNO": "872", "PRD": "N", "STN": "MC ARTHUR", "STS": "AVE", "Unit": null, "CommunityName": "FRESNO", "County": "FRESNO", "State": "CA", "PostCode": null, "SpatialOffsetMeters": null}}, {"type": "Feature", "geometry": {"type": "Point", "coordinates": [-119.717107307354, 36.8322741632446]}, "properties": {"SSAP_NGUID": "urn:emergency:uid:gis:SSAP:14031:fresnocountyca.gov", "DisclID": "fresnocountyca.gov", "CountyLocalID": "14031", "GERS_ID": null, "ConflationStatus": "COUNTY_ONLY", "Source": "FRESNO_COUNTY_GIS", "HNO": "111", "PRD": "N", "STN": "PEACH", "STS": "AVE", "Unit": null, "CommunityName": "FRESNO", "County": "FRESNO", "State": "CA", "PostCode": null, "SpatialOffsetMeters": null}}, {"type": "Feature", "geometry": {"type": "Point", "coordinates": [-119.680487978976, 36.8338840842674]}, "properties": {"SSAP_NGUID": "urn:emergency:uid:gis:SSAP:14043:fresnocountyca.gov", "DisclID": "fresnocountyca.gov", "CountyLocalID": "14043", "GERS_ID": null, "ConflationStatus": "COUNTY_ONLY", "Source": "FRESNO_COUNTY_GIS", "HNO": "185", "PRD": "N", "STN": "WATHEN", "STS": "AVE", "Unit": null, "CommunityName": "FRESNO", "County": "FRESNO", "State": "CA", "PostCode": null, "SpatialOffsetMeters": null}}, {"type": "Feature", "geometry": {"type": "Point", "coordinates": [-119.724228143064, 36.8503465091916]}, "properties": {"SSAP_NGUID": "urn:emergency:uid:gis:SSAP:14059:fresnocountyca.gov", "DisclID": "fresnocountyca.gov", "CountyLocalID": "14059", "GERS_ID": null, "ConflationStatus": "COUNTY_ONLY", "Source": "FRESNO_COUNTY_GIS", "HNO": "1079", "PRD": "N", "STN": "CITADEL", "STS": "AVE", "Unit": null, "CommunityName": "FRESNO", "County": "FRESNO", "State": "CA", "PostCode": null, "SpatialOffsetMeters": null}}, {"type": "Feature", "geometry": {"type": "Point", "coordinates": [-119.722136457876, 36.8494336015317]}, "properties": {"SSAP_NGUID": "urn:emergency:uid:gis:SSAP:14073:fresnocountyca.gov", "DisclID": "fresnocountyca.gov", "CountyLocalID": "14073", "GERS_ID": null, "ConflationStatus": "COUNTY_ONLY", "Source": "FRESNO_COUNTY_GIS", "HNO": "442", "PRD": "W", "STN": "FALLBROOK", "STS": "AVE", "Unit": null, "CommunityName": "FRESNO", "County": "FRESNO", "State": "CA", "PostCode": null, "SpatialOffsetMeters": null}}, {"type": "Feature", "geometry": {"type": "Point", "coordinates": [-119.7210926779, 36.8499520643037]}, "properties": {"SSAP_NGUID": "urn:emergency:uid:gis:SSAP:14088:fresnocountyca.gov", "DisclID": "fresnocountyca.gov", "CountyLocalID": "14088", "GERS_ID": null, "ConflationStatus": "COUNTY_ONLY", "Source": "FRESNO_COUNTY_GIS", "HNO": "1112", "PRD": "N", "STN": "KAREN", "STS": "AVE", "Unit": null, "CommunityName": "FRESNO", "County": "FRESNO", "State": "CA", "PostCode": null, "SpatialOffsetMeters": null}}, {"type": "Feature", "geometry": {"type": "Point", "coordinates": [-119.722250780356, 36.8501581520088]}, "properties": {"SSAP_NGUID": "urn:emergency:uid:gis:SSAP:14104:fresnocountyca.gov", "DisclID": "fresnocountyca.gov", "CountyLocalID": "14104", "GERS_ID": null, "ConflationStatus": "COUNTY_ONLY", "Source": "FRESNO_COUNTY_GIS", "HNO": "483", "PRD": "W", "STN": "FALLBROOK", "STS": "AVE", "Unit": null, "CommunityName": "FRESNO", "County": "FRESNO", "State": "CA", "PostCode": null, "SpatialOffsetMeters": null}}, {"type": "Feature", "geometry": {"type": "Point", "coordinates": [-119.715901001415, 36.8622859310783]}, "properties": {"SSAP_NGUID": "urn:emergency:uid:gis:SSAP:14118:fresnocountyca.gov", "DisclID": "fresnocountyca.gov", "CountyLocalID": "14118", "GERS_ID": null, "ConflationStatus": "COUNTY_ONLY", "Source": "FRESNO_COUNTY_GIS", "HNO": "240", "PRD": "W", "STN": "LOYOLA", "STS": "AVE", "Unit": null, "CommunityName": "FRESNO", "County": "FRESNO", "State": "CA", "PostCode": null, "SpatialOffsetMeters": null}}, {"type": "Feature", "geometry": {"type": "Point", "coordinates": [-119.718876881646, 36.8606031220017]}, "properties": {"SSAP_NGUID": "urn:emergency:uid:gis:SSAP:14131:fresnocountyca.gov", "DisclID": "fresnocountyca.gov", "CountyLocalID": "14131", "GERS_ID": null, "ConflationStatus": "COUNTY_ONLY", "Source": "FRESNO_COUNTY_GIS", "HNO": "358", "PRD": "W", "STN": "VERMONT", "STS": "AVE", "Unit": null, "CommunityName": "FRESNO", "County": "FRESNO", "State": "CA", "PostCode": null, "SpatialOffsetMeters": null}}, {"type": "Feature", "geometry": {"type": "Point", "coordinates": [-119.72210379575, 36.851107967193]}, "properties": {"SSAP_NGUID": "urn:emergency:uid:gis:SSAP:14147:fresnocountyca.gov", "DisclID": "fresnocountyca.gov", "CountyLocalID": "14147", "GERS_ID": null, "ConflationStatus": "COUNTY_ONLY", "Source": "FRESNO_COUNTY_GIS", "HNO": "1172", "PRD": "N", "STN": "TERRY", "STS": "AVE", "Unit": null, "CommunityName": "FRESNO", "County": "FRESNO", "State": "CA", "PostCode": null, "SpatialOffsetMeters": null}}, {"type": "Feature", "geometry": {"type": "Point", "coordinates": [-119.722062929867, 36.851355085256]}, "properties": {"SSAP_NGUID": "urn:emergency:uid:gis:SSAP:14162:fresnocountyca.gov", "DisclID": "fresnocountyca.gov", "CountyLocalID": "14162", "GERS_ID": null, "ConflationStatus": "COUNTY_ONLY", "Source": "FRESNO_COUNTY_GIS", "HNO": "482", "PRD": "W", "STN": "JORDAN", "STS": "AVE", "Unit": null, "CommunityName": "FRESNO", "County": "FRESNO", "State": "CA", "PostCode": null, "SpatialOffsetMeters": null}}, {"type": "Feature", "geometry": {"type": "Point", "coordinates": [-119.72505185481, 36.8510436296802]}, "properties": {"SSAP_NGUID": "urn:emergency:uid:gis:SSAP:14176:fresnocountyca.gov", "DisclID": "fresnocountyca.gov", "CountyLocalID": "14176", "GERS_ID": null, "ConflationStatus": "COUNTY_ONLY", "Source": "FRESNO_COUNTY_GIS", "HNO": "1139", "PRD": "N", "STN": "CITADEL", "STS": "AVE", "Unit": null, "CommunityName": "FRESNO", "County": "FRESNO", "State": "CA", "PostCode": null, "SpatialOffsetMeters": null}}, {"type": "Feature", "geometry": {"type": "Point", "coordinates": [-119.71584229385, 36.8604012367396]}, "properties": {"SSAP_NGUID": "urn:emergency:uid:gis:SSAP:14194:fresnocountyca.gov", "DisclID": "fresnocountyca.gov", "CountyLocalID": "14194", "GERS_ID": null, "ConflationStatus": "COUNTY_ONLY", "Source": "FRESNO_COUNTY_GIS", "HNO": "1625", "PRD": "N", "STN": "HOMSY", "STS": "AVE", "Unit": null, "CommunityName": "FRESNO", "County": "FRESNO", "State": "CA", "PostCode": null, "SpatialOffsetMeters": null}}, {"type": "Feature", "geometry": {"type": "Point", "coordinates": [-119.713632391438, 36.8654144211865]}, "properties": {"SSAP_NGUID": "urn:emergency:uid:gis:SSAP:14208:fresnocountyca.gov", "DisclID": "fresnocountyca.gov", "CountyLocalID": "14208", "GERS_ID": null, "ConflationStatus": "COUNTY_ONLY", "Source": "FRESNO_COUNTY_GIS", "HNO": "1991", "PRD": "N", "STN": "ORANGEWOOD", "STS": "AVE", "Unit": null, "CommunityName": "FRESNO", "County": "FRESNO", "State": "CA", "PostCode": null, "SpatialOffsetMeters": null}}, {"type": "Feature", "geometry": {"type": "Point", "coordinates": [-119.719037267052, 36.8122594372513]}, "properties": {"SSAP_NGUID": "urn:emergency:uid:gis:SSAP:14226:fresnocountyca.gov", "DisclID": "fresnocountyca.gov", "CountyLocalID": "14226", "GERS_ID": null, "ConflationStatus": "COUNTY_ONLY", "Source": "FRESNO_COUNTY_GIS", "HNO": "438", "PRD": "W", "STN": "BEVERLY", "STS": "AVE", "Unit": null, "CommunityName": "FRESNO", "County": "FRESNO", "State": "CA", "PostCode": null, "SpatialOffsetMeters": null}}, {"type": "Feature", "geometry": {"type": "Point", "coordinates": [-119.722435086206, 36.8435461693727]}, "properties": {"SSAP_NGUID": "urn:emergency:uid:gis:SSAP:14241:fresnocountyca.gov", "DisclID": "fresnocountyca.gov", "CountyLocalID": "14241", "GERS_ID": null, "ConflationStatus": "COUNTY_ONLY", "Source": "FRESNO_COUNTY_GIS", "HNO": "740", "PRD": "N", "STN": "TERRY", "STS": "AVE", "Unit": null, "CommunityName": "FRESNO", "County": "FRESNO", "State": "CA", "PostCode": null, "SpatialOffsetMeters": null}}, {"type": "Feature", "geometry": {"type": "Point", "coordinates": [-119.724782861078, 36.8427505232702]}, "properties": {"SSAP_NGUID": "urn:emergency:uid:gis:SSAP:14256:fresnocountyca.gov", "DisclID": "fresnocountyca.gov", "CountyLocalID": "14256", "GERS_ID": null, "ConflationStatus": "COUNTY_ONLY", "Source": "FRESNO_COUNTY_GIS", "HNO": "662", "PRD": "N", "STN": "HELM", "STS": "AVE", "Unit": null, "CommunityName": "FRESNO", "County": "FRESNO", "State": "CA", "PostCode": null, "SpatialOffsetMeters": null}}, {"type": "Feature", "geometry": {"type": "Point", "coordinates": [-119.724776553919, 36.8440431413042]}, "properties": {"SSAP_NGUID": "urn:emergency:uid:gis:SSAP:14271:fresnocountyca.gov", "DisclID": "fresnocountyca.gov", "CountyLocalID": "14271", "GERS_ID": null, "ConflationStatus": "COUNTY_ONLY", "Source": "FRESNO_COUNTY_GIS", "HNO": "598", "PRD": "W", "STN": "MINARETS", "STS": "AVE", "Unit": null, "CommunityName": "FRESNO", "County": "FRESNO", "State": "CA", "PostCode": null, "SpatialOffsetMeters": null}}, {"type": "Feature", "geometry": {"type": "Point", "coordinates": [-119.725991793773, 36.8422298121338]}, "properties": {"SSAP_NGUID": "urn:emergency:uid:gis:SSAP:14283:fresnocountyca.gov", "DisclID": "fresnocountyca.gov", "CountyLocalID": "14283", "GERS_ID": null, "ConflationStatus": "COUNTY_ONLY", "Source": "FRESNO_COUNTY_GIS", "HNO": "664", "PRD": "W", "STN": "CHENNAULT", "STS": "AVE", "Unit": null, "CommunityName": "FRESNO", "County": "FRESNO", "State": "CA", "PostCode": null, "SpatialOffsetMeters": null}}, {"type": "Feature", "geometry": {"type": "Point", "coordinates": [-119.673157921289, 36.8613226967294]}, "properties": {"SSAP_NGUID": "urn:emergency:uid:gis:SSAP:14296:fresnocountyca.gov", "DisclID": "fresnocountyca.gov", "CountyLocalID": "14296", "GERS_ID": null, "ConflationStatus": "COUNTY_ONLY", "Source": "FRESNO_COUNTY_GIS", "HNO": "1687", "PRD": "N", "STN": "JASMINE", "STS": "AVE", "Unit": null, "CommunityName": "FRESNO", "County": "FRESNO", "State": "CA", "PostCode": null, "SpatialOffsetMeters": null}}, {"type": "Feature", "geometry": {"type": "Point", "coordinates": [-119.674190974595, 36.8609140510517]}, "properties": {"SSAP_NGUID": "urn:emergency:uid:gis:SSAP:14309:fresnocountyca.gov", "DisclID": "fresnocountyca.gov", "CountyLocalID": "14309", "GERS_ID": null, "ConflationStatus": "COUNTY_ONLY", "Source": "FRESNO_COUNTY_GIS", "HNO": "1669", "PRD": "N", "STN": "FILBERT", "STS": "AVE", "Unit": null, "CommunityName": "FRESNO", "County": "FRESNO", "State": "CA", "PostCode": null, "SpatialOffsetMeters": null}}, {"type": "Feature", "geometry": {"type": "Point", "coordinates": [-119.727795771172, 36.8568473160639]}, "properties": {"SSAP_NGUID": "urn:emergency:uid:gis:SSAP:14323:fresnocountyca.gov", "DisclID": "fresnocountyca.gov", "CountyLocalID": "14323", "GERS_ID": null, "ConflationStatus": "COUNTY_ONLY", "Source": "FRESNO_COUNTY_GIS", "HNO": "732", "PRD": "W", "STN": "QUINCY", "STS": "AVE", "Unit": null, "CommunityName": "FRESNO", "County": "FRESNO", "State": "CA", "PostCode": null, "SpatialOffsetMeters": null}}, {"type": "Feature", "geometry": {"type": "Point", "coordinates": [-119.709876931209, 36.8422249116917]}, "properties": {"SSAP_NGUID": "urn:emergency:uid:gis:SSAP:14337:fresnocountyca.gov", "DisclID": "fresnocountyca.gov", "CountyLocalID": "14337", "GERS_ID": null, "ConflationStatus": "COUNTY_ONLY", "Source": "FRESNO_COUNTY_GIS", "HNO": "665", "PRD": "N", "STN": "CHERRY", "STS": "LN", "Unit": null, "CommunityName": "FRESNO", "County": "FRESNO", "State": "CA", "PostCode": null, "SpatialOffsetMeters": null}}, {"type": "Feature", "geometry": {"type": "Point", "coordinates": [-119.710227162914, 36.8413971466784]}, "properties": {"SSAP_NGUID": "urn:emergency:uid:gis:SSAP:14353:fresnocountyca.gov", "DisclID": "fresnocountyca.gov", "CountyLocalID": "14353", "GERS_ID": null, "ConflationStatus": "COUNTY_ONLY", "Source": "FRESNO_COUNTY_GIS", "HNO": "610", "PRD": "N", "STN": "CHERRY", "STS": "LN", "Unit": null, "CommunityName": "FRESNO", "County": "FRESNO", "State": "CA", "PostCode": null, "SpatialOffsetMeters": null}}, {"type": "Feature", "geometry": {"type": "Point", "coordinates": [-119.707844761443, 36.8363687387863]}, "properties": {"SSAP_NGUID": "urn:emergency:uid:gis:SSAP:14369:fresnocountyca.gov", "DisclID": "fresnocountyca.gov", "CountyLocalID": "14369", "GERS_ID": null, "ConflationStatus": "COUNTY_ONLY", "Source": "FRESNO_COUNTY_GIS", "HNO": "327", "PRD": "N", "STN": "MINNEWAWA", "STS": "AVE", "Unit": null, "CommunityName": "FRESNO", "County": "FRESNO", "State": "CA", "PostCode": null, "SpatialOffsetMeters": null}}, {"type": "Feature", "geometry": {"type": "Point", "coordinates": [-119.728706708112, 36.8550636259701]}, "properties": {"SSAP_NGUID": "urn:emergency:uid:gis:SSAP:14383:fresnocountyca.gov", "DisclID": "fresnocountyca.gov", "CountyLocalID": "14383", "GERS_ID": null, "ConflationStatus": "COUNTY_ONLY", "Source": "FRESNO_COUNTY_GIS", "HNO": "748", "PRD": "W", "STN": "ENTERPRISE", "STS": "AVE", "Unit": null, "CommunityName": "FRESNO", "County": "FRESNO", "State": "CA", "PostCode": null, "SpatialOffsetMeters": null}}, {"type": "Feature", "geometry": {"type": "Point", "coordinates": [-119.681680543509, 36.8463890045761]}, "properties": {"SSAP_NGUID": "urn:emergency:uid:gis:SSAP:14400:fresnocountyca.gov", "DisclID": "fresnocountyca.gov", "CountyLocalID": "14400", "GERS_ID": null, "ConflationStatus": "COUNTY_ONLY", "Source": "FRESNO_COUNTY_GIS", "HNO": "875", "PRD": "N", "STN": "WHITTIER", "STS": "AVE", "Unit": null, "CommunityName": "FRESNO", "County": "FRESNO", "State": "CA", "PostCode": null, "SpatialOffsetMeters": null}}, {"type": "Feature", "geometry": {"type": "Point", "coordinates": [-119.683647922154, 36.8466003698727]}, "properties": {"SSAP_NGUID": "urn:emergency:uid:gis:SSAP:14417:fresnocountyca.gov", "DisclID": "fresnocountyca.gov", "CountyLocalID": "14417", "GERS_ID": null, "ConflationStatus": "COUNTY_ONLY", "Source": "FRESNO_COUNTY_GIS", "HNO": "882", "PRD": "N", "STN": "MC ARTHUR", "STS": "AVE", "Unit": null, "CommunityName": "FRESNO", "County": "FRESNO", "State": "CA", "PostCode": null, "SpatialOffsetMeters": null}}, {"type": "Feature", "geometry": {"type": "Point", "coordinates": [-119.678720066129, 36.8493450000808]}, "properties": {"SSAP_NGUID": "urn:emergency:uid:gis:SSAP:14432:fresnocountyca.gov", "DisclID": "fresnocountyca.gov", "CountyLocalID": "14432", "GERS_ID": null, "ConflationStatus": "COUNTY_ONLY", "Source": "FRESNO_COUNTY_GIS", "HNO": "1043", "PRD": "N", "STN": "ASH", "STS": "AVE", "Unit": null, "CommunityName": "FRESNO", "County": "FRESNO", "State": "CA", "PostCode": null, "SpatialOffsetMeters": null}}, {"type": "Feature", "geometry": {"type": "Point", "coordinates": [-119.715971178875, 36.8474173093691]}, "properties": {"SSAP_NGUID": "urn:emergency:uid:gis:SSAP:14444:fresnocountyca.gov", "DisclID": "fresnocountyca.gov", "CountyLocalID": "14444", "GERS_ID": null, "ConflationStatus": "COUNTY_ONLY", "Source": "FRESNO_COUNTY_GIS", "HNO": "206", "PRD": "W", "STN": "EL PASO", "STS": "AVE", "Unit": null, "CommunityName": "FRESNO", "County": "FRESNO", "State": "CA", "PostCode": null, "SpatialOffsetMeters": null}}, {"type": "Feature", "geometry": {"type": "Point", "coordinates": [-119.716638333821, 36.8468598232042]}, "properties": {"SSAP_NGUID": "urn:emergency:uid:gis:SSAP:14458:fresnocountyca.gov", "DisclID": "fresnocountyca.gov", "CountyLocalID": "14458", "GERS_ID": null, "ConflationStatus": "COUNTY_ONLY", "Source": "FRESNO_COUNTY_GIS", "HNO": "234", "PRD": "W", "STN": "DECATUR", "STS": "AVE", "Unit": null, "CommunityName": "FRESNO", "County": "FRESNO", "State": "CA", "PostCode": null, "SpatialOffsetMeters": null}}, {"type": "Feature", "geometry": {"type": "Point", "coordinates": [-119.716233695481, 36.8463028134828]}, "properties": {"SSAP_NGUID": "urn:emergency:uid:gis:SSAP:14475:fresnocountyca.gov", "DisclID": "fresnocountyca.gov", "CountyLocalID": "14475", "GERS_ID": null, "ConflationStatus": "COUNTY_ONLY", "Source": "FRESNO_COUNTY_GIS", "HNO": "210", "PRD": "W", "STN": "CROMWELL", "STS": "AVE", "Unit": null, "CommunityName": "FRESNO", "County": "FRESNO", "State": "CA", "PostCode": null, "SpatialOffsetMeters": null}}, {"type": "Feature", "geometry": {"type": "Point", "coordinates": [-119.718390311771, 36.8467948885028]}, "properties": {"SSAP_NGUID": "urn:emergency:uid:gis:SSAP:14491:fresnocountyca.gov", "DisclID": "fresnocountyca.gov", "CountyLocalID": "14491", "GERS_ID": null, "ConflationStatus": "COUNTY_ONLY", "Source": "FRESNO_COUNTY_GIS", "HNO": "903", "PRD": "N", "STN": "BUSH", "STS": "AVE", "Unit": null, "CommunityName": "FRESNO", "County": "FRESNO", "State": "CA", "PostCode": null, "SpatialOffsetMeters": null}}, {"type": "Feature", "geometry": {"type": "Point", "coordinates": [-119.667884664508, 36.8635610595416]}, "properties": {"SSAP_NGUID": "urn:emergency:uid:gis:SSAP:14506:fresnocountyca.gov", "DisclID": "fresnocountyca.gov", "CountyLocalID": "14506", "GERS_ID": null, "ConflationStatus": "COUNTY_ONLY", "Source": "FRESNO_COUNTY_GIS", "HNO": "1825", "PRD": "N", "STN": "PISTACHIO", "STS": "AVE", "Unit": null, "CommunityName": "FRESNO", "County": "FRESNO", "State": "CA", "PostCode": null, "SpatialOffsetMeters": null}}, {"type": "Feature", "geometry": {"type": "Point", "coordinates": [-119.714495724502, 36.8234611802162]}, "properties": {"SSAP_NGUID": "urn:emergency:uid:gis:SSAP:14519:fresnocountyca.gov", "DisclID": "fresnocountyca.gov", "CountyLocalID": "14519", "GERS_ID": null, "ConflationStatus": "COUNTY_ONLY", "Source": "FRESNO_COUNTY_GIS", "HNO": "255", "PRD": "W", "STN": "BULLARD", "STS": "AVE", "Unit": "104", "CommunityName": "FRESNO", "County": "FRESNO", "State": "CA", "PostCode": null, "SpatialOffsetMeters": null}}, {"type": "Feature", "geometry": {"type": "Point", "coordinates": [-119.673461047402, 36.8629527823903]}, "properties": {"SSAP_NGUID": "urn:emergency:uid:gis:SSAP:14531:fresnocountyca.gov", "DisclID": "fresnocountyca.gov", "CountyLocalID": "14531", "GERS_ID": null, "ConflationStatus": "COUNTY_ONLY", "Source": "FRESNO_COUNTY_GIS", "HNO": "1777", "PRD": "N", "STN": "JASMINE", "STS": "AVE", "Unit": null, "CommunityName": "FRESNO", "County": "FRESNO", "State": "CA", "PostCode": null, "SpatialOffsetMeters": null}}, {"type": "Feature", "geometry": {"type": "Point", "coordinates": [-119.674764714073, 36.861422881522]}, "properties": {"SSAP_NGUID": "urn:emergency:uid:gis:SSAP:14545:fresnocountyca.gov", "DisclID": "fresnocountyca.gov", "CountyLocalID": "14545", "GERS_ID": null, "ConflationStatus": "COUNTY_ONLY", "Source": "FRESNO_COUNTY_GIS", "HNO": "1680", "PRD": "N", "STN": "FILBERT", "STS": "AVE", "Unit": null, "CommunityName": "FRESNO", "County": "FRESNO", "State": "CA", "PostCode": null, "SpatialOffsetMeters": null}}, {"type": "Feature", "geometry": {"type": "Point", "coordinates": [-119.714780354175, 36.8232728426132]}, "properties": {"SSAP_NGUID": "urn:emergency:uid:gis:SSAP:14562:fresnocountyca.gov", "DisclID": "fresnocountyca.gov", "CountyLocalID": "14562", "GERS_ID": null, "ConflationStatus": "COUNTY_ONLY", "Source": "FRESNO_COUNTY_GIS", "HNO": "255", "PRD": "W", "STN": "BULLARD", "STS": "AVE", "Unit": "108", "CommunityName": "FRESNO", "County": "FRESNO", "State": "CA", "PostCode": null, "SpatialOffsetMeters": null}}, {"type": "Feature", "geometry": {"type": "Point", "coordinates": [-119.715153672386, 36.8235130948266]}, "properties": {"SSAP_NGUID": "urn:emergency:uid:gis:SSAP:14575:fresnocountyca.gov", "DisclID": "fresnocountyca.gov", "CountyLocalID": "14575", "GERS_ID": null, "ConflationStatus": "COUNTY_ONLY", "Source": "FRESNO_COUNTY_GIS", "HNO": "255", "PRD": "W", "STN": "BULLARD", "STS": "AVE", "Unit": "118", "CommunityName": "FRESNO", "County": "FRESNO", "State": "CA", "PostCode": null, "SpatialOffsetMeters": null}}, {"type": "Feature", "geometry": {"type": "Point", "coordinates": [-119.715410085072, 36.8477722155483]}, "properties": {"SSAP_NGUID": "urn:emergency:uid:gis:SSAP:14591:fresnocountyca.gov", "DisclID": "fresnocountyca.gov", "CountyLocalID": "14591", "GERS_ID": null, "ConflationStatus": "COUNTY_ONLY", "Source": "FRESNO_COUNTY_GIS", "HNO": "970", "PRD": "N", "STN": "ORANGEWOOD", "STS": "AVE", "Unit": null, "CommunityName": "FRESNO", "County": "FRESNO", "State": "CA", "PostCode": null, "SpatialOffsetMeters": null}}, {"type": "Feature", "geometry": {"type": "Point", "coordinates": [-119.714614396821, 36.84747520834]}, "properties": {"SSAP_NGUID": "urn:emergency:uid:gis:SSAP:14605:fresnocountyca.gov", "DisclID": "fresnocountyca.gov", "CountyLocalID": "14605", "GERS_ID": null, "ConflationStatus": "COUNTY_ONLY", "Source": "FRESNO_COUNTY_GIS", "HNO": "156", "PRD": "W", "STN": "EL PASO", "STS": "AVE", "Unit": null, "CommunityName": "FRESNO", "County": "FRESNO", "State": "CA", "PostCode": null, "SpatialOffsetMeters": null}}, {"type": "Feature", "geometry": {"type": "Point", "coordinates": [-119.715448627534, 36.8468985537669]}, "properties": {"SSAP_NGUID": "urn:emergency:uid:gis:SSAP:14621:fresnocountyca.gov", "DisclID": "fresnocountyca.gov", "CountyLocalID": "14621", "GERS_ID": null, "ConflationStatus": "COUNTY_ONLY", "Source": "FRESNO_COUNTY_GIS", "HNO": "920", "PRD": "N", "STN": "ORANGEWOOD", "STS": "AVE", "Unit": null, "CommunityName": "FRESNO", "County": "FRESNO", "State": "CA", "PostCode": null, "SpatialOffsetMeters": null}}, {"type": "Feature", "geometry": {"type": "Point", "coordinates": [-119.669299689393, 36.865734444483]}, "properties": {"SSAP_NGUID": "urn:emergency:uid:gis:SSAP:14641:fresnocountyca.gov", "DisclID": "fresnocountyca.gov", "CountyLocalID": "14641", "GERS_ID": null, "ConflationStatus": "COUNTY_ONLY", "Source": "FRESNO_COUNTY_GIS", "HNO": "1979", "PRD": "N", "STN": "MC KELVY", "STS": "AVE", "Unit": null, "CommunityName": "FRESNO", "County": "FRESNO", "State": "CA", "PostCode": null, "SpatialOffsetMeters": null}}, {"type": "Feature", "geometry": {"type": "Point", "coordinates": [-119.66059941676, 36.863667321685]}, "properties": {"SSAP_NGUID": "urn:emergency:uid:gis:SSAP:14656:fresnocountyca.gov", "DisclID": "fresnocountyca.gov", "CountyLocalID": "14656", "GERS_ID": null, "ConflationStatus": "COUNTY_ONLY", "Source": "FRESNO_COUNTY_GIS", "HNO": "1871", "PRD": "N", "STN": "HORNET", "STS": "AVE", "Unit": null, "CommunityName": "FRESNO", "County": "FRESNO", "State": "CA", "PostCode": null, "SpatialOffsetMeters": null}}, {"type": "Feature", "geometry": {"type": "Point", "coordinates": [-119.672463346148, 36.8624159913057]}, "properties": {"SSAP_NGUID": "urn:emergency:uid:gis:SSAP:14671:fresnocountyca.gov", "DisclID": "fresnocountyca.gov", "CountyLocalID": "14671", "GERS_ID": null, "ConflationStatus": "COUNTY_ONLY", "Source": "FRESNO_COUNTY_GIS", "HNO": "1766", "PRD": "N", "STN": "HOLLY", "STS": "AVE", "Unit": null, "CommunityName": "FRESNO", "County": "FRESNO", "State": "CA", "PostCode": null, "SpatialOffsetMeters": null}}, {"type": "Feature", "geometry": {"type": "Point", "coordinates": [-119.670155907843, 36.8627451534604]}, "properties": {"SSAP_NGUID": "urn:emergency:uid:gis:SSAP:14684:fresnocountyca.gov", "DisclID": "fresnocountyca.gov", "CountyLocalID": "14684", "GERS_ID": null, "ConflationStatus": "COUNTY_ONLY", "Source": "FRESNO_COUNTY_GIS", "HNO": "1780", "PRD": "N", "STN": "MC KELVY", "STS": "AVE", "Unit": null, "CommunityName": "FRESNO", "County": "FRESNO", "State": "CA", "PostCode": null, "SpatialOffsetMeters": null}}, {"type": "Feature", "geometry": {"type": "Point", "coordinates": [-119.705355128901, 36.8469182517117]}, "properties": {"SSAP_NGUID": "urn:emergency:uid:gis:SSAP:14697:fresnocountyca.gov", "DisclID": "fresnocountyca.gov", "CountyLocalID": "14697", "GERS_ID": null, "ConflationStatus": "COUNTY_ONLY", "Source": "FRESNO_COUNTY_GIS", "HNO": "576", "PRD": "W", "STN": "CROMWELL", "STS": "AVE", "Unit": null, "CommunityName": "FRESNO", "County": "FRESNO", "State": "CA", "PostCode": null, "SpatialOffsetMeters": null}}, {"type": "Feature", "geometry": {"type": "Point", "coordinates": [-119.721888337551, 36.8525724377134]}, "properties": {"SSAP_NGUID": "urn:emergency:uid:gis:SSAP:14710:fresnocountyca.gov", "DisclID": "fresnocountyca.gov", "CountyLocalID": "14710", "GERS_ID": null, "ConflationStatus": "COUNTY_ONLY", "Source": "FRESNO_COUNTY_GIS", "HNO": "468", "PRD": "W", "STN": "KENOSHA", "STS": "AVE", "Unit": null, "CommunityName": "FRESNO", "County": "FRESNO", "State": "CA", "PostCode": null, "SpatialOffsetMeters": null}}, {"type": "Feature", "geometry": {"type": "Point", "coordinates": [-119.66064284371, 36.8563910948128]}, "properties": {"SSAP_NGUID": "urn:emergency:uid:gis:SSAP:14722:fresnocountyca.gov", "DisclID": "fresnocountyca.gov", "CountyLocalID": "14722", "GERS_ID": null, "ConflationStatus": "COUNTY_ONLY", "Source": "FRESNO_COUNTY_GIS", "HNO": "1463", "PRD": "N", "STN": "HORNET", "STS": "AVE", "Unit": null, "CommunityName": "FRESNO", "County": "FRESNO", "State": "CA", "PostCode": null, "SpatialOffsetMeters": null}}, {"type": "Feature", "geometry": {"type": "Point", "coordinates": [-119.661147530502, 36.8639433329537]}, "properties": {"SSAP_NGUID": "urn:emergency:uid:gis:SSAP:14736:fresnocountyca.gov", "DisclID": "fresnocountyca.gov", "CountyLocalID": "14736", "GERS_ID": null, "ConflationStatus": "COUNTY_ONLY", "Source": "FRESNO_COUNTY_GIS", "HNO": "1890", "PRD": "N", "STN": "HORNET", "STS": "AVE", "Unit": null, "CommunityName": "FRESNO", "County": "FRESNO", "State": "CA", "PostCode": null, "SpatialOffsetMeters": null}}, {"type": "Feature", "geometry": {"type": "Point", "coordinates": [-119.654888567371, 36.8642818653174]}, "properties": {"SSAP_NGUID": "urn:emergency:uid:gis:SSAP:14751:fresnocountyca.gov", "DisclID": "fresnocountyca.gov", "CountyLocalID": "14751", "GERS_ID": null, "ConflationStatus": "COUNTY_ONLY", "Source": "FRESNO_COUNTY_GIS", "HNO": "1881", "PRD": "N", "STN": "TRAVERSE", "STS": "AVE", "Unit": null, "CommunityName": "FRESNO", "County": "FRESNO", "State": "CA", "PostCode": null, "SpatialOffsetMeters": null}}, {"type": "Feature", "geometry": {"type": "Point", "coordinates": [-119.718420319248, 36.8322522724308]}, "properties": {"SSAP_NGUID": "urn:emergency:uid:gis:SSAP:14766:fresnocountyca.gov", "DisclID": "fresnocountyca.gov", "CountyLocalID": "14766", "GERS_ID": null, "ConflationStatus": "COUNTY_ONLY", "Source": "FRESNO_COUNTY_GIS", "HNO": "92", "PRD": "N", "STN": "PEACH", "STS": "AVE", "Unit": null, "CommunityName": "FRESNO", "County": "FRESNO", "State": "CA", "PostCode": null, "SpatialOffsetMeters": null}}, {"type": "Feature", "geometry": {"type": "Point", "coordinates": [-119.720276978959, 36.831861299729]}, "properties": {"SSAP_NGUID": "urn:emergency:uid:gis:SSAP:14780:fresnocountyca.gov", "DisclID": "fresnocountyca.gov", "CountyLocalID": "14780", "GERS_ID": null, "ConflationStatus": "COUNTY_ONLY", "Source": "FRESNO_COUNTY_GIS", "HNO": "92", "PRD": "N", "STN": "KAREN", "STS": "AVE", "Unit": null, "CommunityName": "FRESNO", "County": "FRESNO", "State": "CA", "PostCode": null, "SpatialOffsetMeters": null}}, {"type": "Feature", "geometry": {"type": "Point", "coordinates": [-119.726412342337, 36.8282768681827]}, "properties": {"SSAP_NGUID": "urn:emergency:uid:gis:SSAP:14790:fresnocountyca.gov", "DisclID": "fresnocountyca.gov", "CountyLocalID": "14790", "GERS_ID": null, "ConflationStatus": "COUNTY_ONLY", "Source": "FRESNO_COUNTY_GIS", "HNO": "752", "PRD": "W", "STN": "ELLERY", "STS": "AVE", "Unit": null, "CommunityName": "FRESNO", "County": "FRESNO", "State": "CA", "PostCode": null, "SpatialOffsetMeters": null}}, {"type": "Feature", "geometry": {"type": "Point", "coordinates": [-119.72568885784, 36.8245353234845]}, "properties": {"SSAP_NGUID": "urn:emergency:uid:gis:SSAP:14805:fresnocountyca.gov", "DisclID": "fresnocountyca.gov", "CountyLocalID": "14805", "GERS_ID": null, "ConflationStatus": "COUNTY_ONLY", "Source": "FRESNO_COUNTY_GIS", "HNO": "656", "PRD": "W", "STN": "STUART", "STS": "AVE", "Unit": null, "CommunityName": "FRESNO", "County": "FRESNO", "State": "CA", "PostCode": null, "SpatialOffsetMeters": null}}, {"type": "Feature", "geometry": {"type": "Point", "coordinates": [-119.72109652657, 36.824241904005]}, "properties": {"SSAP_NGUID": "urn:emergency:uid:gis:SSAP:14819:fresnocountyca.gov", "DisclID": "fresnocountyca.gov", "CountyLocalID": "14819", "GERS_ID": null, "ConflationStatus": "COUNTY_ONLY", "Source": "FRESNO_COUNTY_GIS", "HNO": "537", "PRD": "W", "STN": "MESA", "STS": "AVE", "Unit": null, "CommunityName": "FRESNO", "County": "FRESNO", "State": "CA", "PostCode": null, "SpatialOffsetMeters": null}}, {"type": "Feature", "geometry": {"type": "Point", "coordinates": [-119.720502720793, 36.8249843349022]}, "properties": {"SSAP_NGUID": "urn:emergency:uid:gis:SSAP:14831:fresnocountyca.gov", "DisclID": "fresnocountyca.gov", "CountyLocalID": "14831", "GERS_ID": null, "ConflationStatus": "COUNTY_ONLY", "Source": "FRESNO_COUNTY_GIS", "HNO": "513", "PRD": "W", "STN": "STUART", "STS": "AVE", "Unit": null, "CommunityName": "FRESNO", "County": "FRESNO", "State": "CA", "PostCode": null, "SpatialOffsetMeters": null}}, {"type": "Feature", "geometry": {"type": "Point", "coordinates": [-119.716234179413, 36.845750660801]}, "properties": {"SSAP_NGUID": "urn:emergency:uid:gis:SSAP:14846:fresnocountyca.gov", "DisclID": "fresnocountyca.gov", "CountyLocalID": "14846", "GERS_ID": null, "ConflationStatus": "COUNTY_ONLY", "Source": "FRESNO_COUNTY_GIS", "HNO": "212", "PRD": "W", "STN": "BEDFORD", "STS": "AVE", "Unit": null, "CommunityName": "FRESNO", "County": "FRESNO", "State": "CA", "PostCode": null, "SpatialOffsetMeters": null}}, {"type": "Feature", "geometry": {"type": "Point", "coordinates": [-119.719385203932, 36.847070726723]}, "properties": {"SSAP_NGUID": "urn:emergency:uid:gis:SSAP:14858:fresnocountyca.gov", "DisclID": "fresnocountyca.gov", "CountyLocalID": "14858", "GERS_ID": null, "ConflationStatus": "COUNTY_ONLY", "Source": "FRESNO_COUNTY_GIS", "HNO": "950", "PRD": "N", "STN": "BUSH", "STS": "AVE", "Unit": null, "CommunityName": "FRESNO", "County": "FRESNO", "State": "CA", "PostCode": null, "SpatialOffsetMeters": null}}, {"type": "Feature", "geometry": {"type": "Point", "coordinates": [-119.728032895902, 36.8340505729118]}, "properties": {"SSAP_NGUID": "urn:emergency:uid:gis:SSAP:14876:fresnocountyca.gov", "DisclID": "fresnocountyca.gov", "CountyLocalID": "14876", "GERS_ID": null, "ConflationStatus": "COUNTY_ONLY", "Source": "FRESNO_COUNTY_GIS", "HNO": "722", "PRD": "W", "STN": "PALO ALTO", "STS": "AVE", "Unit": null, "CommunityName": "FRESNO", "County": "FRESNO", "State": "CA", "PostCode": null, "SpatialOffsetMeters": null}}, {"type": "Feature", "geometry": {"type": "Point", "coordinates": [-119.728100219669, 36.8351052977601]}, "properties": {"SSAP_NGUID": "urn:emergency:uid:gis:SSAP:14892:fresnocountyca.gov", "DisclID": "fresnocountyca.gov", "CountyLocalID": "14892", "GERS_ID": null, "ConflationStatus": "COUNTY_ONLY", "Source": "FRESNO_COUNTY_GIS", "HNO": "272", "PRD": "N", "STN": "PIERCE", "STS": "AVE", "Unit": null, "CommunityName": "FRESNO", "County": "FRESNO", "State": "CA", "PostCode": null, "SpatialOffsetMeters": null}}, {"type": "Feature", "geometry": {"type": "Point", "coordinates": [-119.726693592089, 36.8348763751826]}, "properties": {"SSAP_NGUID": "urn:emergency:uid:gis:SSAP:14907:fresnocountyca.gov", "DisclID": "fresnocountyca.gov", "CountyLocalID": "14907", "GERS_ID": null, "ConflationStatus": "COUNTY_ONLY", "Source": "FRESNO_COUNTY_GIS", "HNO": "249", "PRD": "N", "STN": "TIMMY", "STS": "AVE", "Unit": null, "CommunityName": "FRESNO", "County": "FRESNO", "State": "CA", "PostCode": null, "SpatialOffsetMeters": null}}, {"type": "Feature", "geometry": {"type": "Point", "coordinates": [-119.724774341139, 36.8353089737951]}, "properties": {"SSAP_NGUID": "urn:emergency:uid:gis:SSAP:14923:fresnocountyca.gov", "DisclID": "fresnocountyca.gov", "CountyLocalID": "14923", "GERS_ID": null, "ConflationStatus": "COUNTY_ONLY", "Source": "FRESNO_COUNTY_GIS", "HNO": "285", "PRD": "N", "STN": "ADLER", "STS": "AVE", "Unit": null, "CommunityName": "FRESNO", "County": "FRESNO", "State": "CA", "PostCode": null, "SpatialOffsetMeters": null}}, {"type": "Feature", "geometry": {"type": "Point", "coordinates": [-119.724343862801, 36.8343429882266]}, "properties": {"SSAP_NGUID": "urn:emergency:uid:gis:SSAP:14936:fresnocountyca.gov", "DisclID": "fresnocountyca.gov", "CountyLocalID": "14936", "GERS_ID": null, "ConflationStatus": "COUNTY_ONLY", "Source": "FRESNO_COUNTY_GIS", "HNO": "210", "PRD": "N", "STN": "ANDERSON", "STS": "AVE", "Unit": null, "CommunityName": "FRESNO", "County": "FRESNO", "State": "CA", "PostCode": null, "SpatialOffsetMeters": null}}, {"type": "Feature", "geometry": {"type": "Point", "coordinates": [-119.72195806308, 36.8357653816642]}, "properties": {"SSAP_NGUID": "urn:emergency:uid:gis:SSAP:14953:fresnocountyca.gov", "DisclID": "fresnocountyca.gov", "CountyLocalID": "14953", "GERS_ID": null, "ConflationStatus": "COUNTY_ONLY", "Source": "FRESNO_COUNTY_GIS", "HNO": "495", "PRD": "W", "STN": "FREMONT", "STS": "AVE", "Unit": null, "CommunityName": "FRESNO", "County": "FRESNO", "State": "CA", "PostCode": null, "SpatialOffsetMeters": null}}, {"type": "Feature", "geometry": {"type": "Point", "coordinates": [-119.721950884476, 36.8344339931599]}, "properties": {"SSAP_NGUID": "urn:emergency:uid:gis:SSAP:14965:fresnocountyca.gov", "DisclID": "fresnocountyca.gov", "CountyLocalID": "14965", "GERS_ID": null, "ConflationStatus": "COUNTY_ONLY", "Source": "FRESNO_COUNTY_GIS", "HNO": "493", "PRD": "W", "STN": "PALO ALTO", "STS": "AVE", "Unit": null, "CommunityName": "FRESNO", "County": "FRESNO", "State": "CA", "PostCode": null, "SpatialOffsetMeters": null}}, {"type": "Feature", "geometry": {"type": "Point", "coordinates": [-119.670696329007, 36.8633245371779]}, "properties": {"SSAP_NGUID": "urn:emergency:uid:gis:SSAP:14980:fresnocountyca.gov", "DisclID": "fresnocountyca.gov", "CountyLocalID": "14980", "GERS_ID": null, "ConflationStatus": "COUNTY_ONLY", "Source": "FRESNO_COUNTY_GIS", "HNO": "1807", "PRD": "N", "STN": "JOSHUA", "STS": "AVE", "Unit": null, "CommunityName": "FRESNO", "County": "FRESNO", "State": "CA", "PostCode": null, "SpatialOffsetMeters": null}}, {"type": "Feature", "geometry": {"type": "Point", "coordinates": [-119.669347619264, 36.863628771374]}, "properties": {"SSAP_NGUID": "urn:emergency:uid:gis:SSAP:14996:fresnocountyca.gov", "DisclID": "fresnocountyca.gov", "CountyLocalID": "14996", "GERS_ID": null, "ConflationStatus": "COUNTY_ONLY", "Source": "FRESNO_COUNTY_GIS", "HNO": "1822", "PRD": "N", "STN": "MAGNOLIA", "STS": "AVE", "Unit": null, "CommunityName": "FRESNO", "County": "FRESNO", "State": "CA", "PostCode": null, "SpatialOffsetMeters": null}}, {"type": "Feature", "geometry": {"type": "Point", "coordinates": [-119.728067222842, 36.8332049999355]}, "properties": {"SSAP_NGUID": "urn:emergency:uid:gis:SSAP:15009:fresnocountyca.gov", "DisclID": "fresnocountyca.gov", "CountyLocalID": "15009", "GERS_ID": null, "ConflationStatus": "COUNTY_ONLY", "Source": "FRESNO_COUNTY_GIS", "HNO": "774", "PRD": "W", "STN": "POLSON", "STS": "AVE", "Unit": null, "CommunityName": "FRESNO", "County": "FRESNO", "State": "CA", "PostCode": null, "SpatialOffsetMeters": null}}, {"type": "Feature", "geometry": {"type": "Point", "coordinates": [-119.726990582263, 36.8548310989447]}, "properties": {"SSAP_NGUID": "urn:emergency:uid:gis:SSAP:15024:fresnocountyca.gov", "DisclID": "fresnocountyca.gov", "CountyLocalID": "15024", "GERS_ID": null, "ConflationStatus": "COUNTY_ONLY", "Source": "FRESNO_COUNTY_GIS", "HNO": "667", "PRD": "W", "STN": "MUNCIE", "STS": "AVE", "Unit": null, "CommunityName": "FRESNO", "County": "FRESNO", "State": "CA", "PostCode": null, "SpatialOffsetMeters": null}}, {"type": "Feature", "geometry": {"type": "Point", "coordinates": [-119.706436918772, 36.8468497701855]}, "properties": {"SSAP_NGUID": "urn:emergency:uid:gis:SSAP:15041:fresnocountyca.gov", "DisclID": "fresnocountyca.gov", "CountyLocalID": "15041", "GERS_ID": null, "ConflationStatus": "COUNTY_ONLY", "Source": "FRESNO_COUNTY_GIS", "HNO": "910", "PRD": "N", "STN": "DE WITT", "STS": "AVE", "Unit": null, "CommunityName": "FRESNO", "County": "FRESNO", "State": "CA", "PostCode": null, "SpatialOffsetMeters": null}}, {"type": "Feature", "geometry": {"type": "Point", "coordinates": [-119.706497808192, 36.8458091050265]}, "properties": {"SSAP_NGUID": "urn:emergency:uid:gis:SSAP:15056:fresnocountyca.gov", "DisclID": "fresnocountyca.gov", "CountyLocalID": "15056", "GERS_ID": null, "ConflationStatus": "COUNTY_ONLY", "Source": "FRESNO_COUNTY_GIS", "HNO": "850", "PRD": "N", "STN": "DE WITT", "STS": "AVE", "Unit": null, "CommunityName": "FRESNO", "County": "FRESNO", "State": "CA", "PostCode": null, "SpatialOffsetMeters": null}}, {"type": "Feature", "geometry": {"type": "Point", "coordinates": [-119.696436901952, 36.8661742609032]}, "properties": {"SSAP_NGUID": "urn:emergency:uid:gis:SSAP:15072:fresnocountyca.gov", "DisclID": "fresnocountyca.gov", "CountyLocalID": "15072", "GERS_ID": null, "ConflationStatus": "COUNTY_ONLY", "Source": "FRESNO_COUNTY_GIS", "HNO": "1999", "PRD": "N", "STN": "ELM", "STS": "AVE", "Unit": null, "CommunityName": "FRESNO", "County": "FRESNO", "State": "CA", "PostCode": null, "SpatialOffsetMeters": null}}, {"type": "Feature", "geometry": {"type": "Point", "coordinates": [-119.669088086732, 36.8599328626106]}, "properties": {"SSAP_NGUID": "urn:emergency:uid:gis:SSAP:15088:fresnocountyca.gov", "DisclID": "fresnocountyca.gov", "CountyLocalID": "15088", "GERS_ID": null, "ConflationStatus": "COUNTY_ONLY", "Source": "FRESNO_COUNTY_GIS", "HNO": "1631", "PRD": "N", "STN": "MAGNOLIA", "STS": "AVE", "Unit": null, "CommunityName": "FRESNO", "County": "FRESNO", "State": "CA", "PostCode": null, "SpatialOffsetMeters": null}}, {"type": "Feature", "geometry": {"type": "Point", "coordinates": [-119.692662038159, 36.844154743907]}, "properties": {"SSAP_NGUID": "urn:emergency:uid:gis:SSAP:15119:fresnocountyca.gov", "DisclID": "fresnocountyca.gov", "CountyLocalID": "15119", "GERS_ID": null, "ConflationStatus": "COUNTY_ONLY", "Source": "FRESNO_COUNTY_GIS", "HNO": "786", "PRD": "N", "STN": "CLAREMONT", "STS": "AVE", "Unit": null, "CommunityName": "FRESNO", "County": "FRESNO", "State": "CA", "PostCode": null, "SpatialOffsetMeters": null}}, {"type": "Feature", "geometry": {"type": "Point", "coordinates": [-119.689903275552, 36.8427721321264]}, "properties": {"SSAP_NGUID": "urn:emergency:uid:gis:SSAP:15131:fresnocountyca.gov", "DisclID": "fresnocountyca.gov", "CountyLocalID": "15131", "GERS_ID": null, "ConflationStatus": "COUNTY_ONLY", "Source": "FRESNO_COUNTY_GIS", "HNO": "726", "PRD": "N", "STN": "FORDHAM", "STS": "AVE", "Unit": null, "CommunityName": "FRESNO", "County": "FRESNO", "State": "CA", "PostCode": null, "SpatialOffsetMeters": null}}, {"type": "Feature", "geometry": {"type": "Point", "coordinates": [-119.730850009363, 36.8100826283262]}, "properties": {"SSAP_NGUID": "urn:emergency:uid:gis:SSAP:15200:fresnocountyca.gov", "DisclID": "fresnocountyca.gov", "CountyLocalID": "15200", "GERS_ID": null, "ConflationStatus": "COUNTY_ONLY", "Source": "FRESNO_COUNTY_GIS", "HNO": "935", "PRD": "W", "STN": "SHAW", "STS": "AVE", "Unit": null, "CommunityName": "FRESNO", "County": "FRESNO", "State": "CA", "PostCode": null, "SpatialOffsetMeters": null}}, {"type": "Feature", "geometry": {"type": "Point", "coordinates": [-119.676057298816, 36.8312017029476]}, "properties": {"SSAP_NGUID": "urn:emergency:uid:gis:SSAP:15217:fresnocountyca.gov", "DisclID": "fresnocountyca.gov", "CountyLocalID": "15217", "GERS_ID": null, "ConflationStatus": "COUNTY_ONLY", "Source": "FRESNO_COUNTY_GIS", "HNO": "66", "PRD": "N", "STN": "CYPRESS", "STS": "AVE", "Unit": null, "CommunityName": "FRESNO", "County": "FRESNO", "State": "CA", "PostCode": null, "SpatialOffsetMeters": null}}, {"type": "Feature", "geometry": {"type": "Point", "coordinates": [-119.69463179825, 36.842252665739]}, "properties": {"SSAP_NGUID": "urn:emergency:uid:gis:SSAP:15231:fresnocountyca.gov", "DisclID": "fresnocountyca.gov", "CountyLocalID": "15231", "GERS_ID": null, "ConflationStatus": "COUNTY_ONLY", "Source": "FRESNO_COUNTY_GIS", "HNO": "712", "PRD": "N", "STN": "DUKE", "STS": "AVE", "Unit": null, "CommunityName": "FRESNO", "County": "FRESNO", "State": "CA", "PostCode": null, "SpatialOffsetMeters": null}}, {"type": "Feature", "geometry": {"type": "Point", "coordinates": [-119.715800511881, 36.8471062775]}, "properties": {"SSAP_NGUID": "urn:emergency:uid:gis:SSAP:15247:fresnocountyca.gov", "DisclID": "fresnocountyca.gov", "CountyLocalID": "15247", "GERS_ID": null, "ConflationStatus": "COUNTY_ONLY", "Source": "FRESNO_COUNTY_GIS", "HNO": "921", "PRD": "N", "STN": "HOMSY", "STS": "AVE", "Unit": null, "CommunityName": "FRESNO", "County": "FRESNO", "State": "CA", "PostCode": null, "SpatialOffsetMeters": null}}, {"type": "Feature", "geometry": {"type": "Point", "coordinates": [-119.72772855841, 36.8264815615167]}, "properties": {"SSAP_NGUID": "urn:emergency:uid:gis:SSAP:15259:fresnocountyca.gov", "DisclID": "fresnocountyca.gov", "CountyLocalID": "15259", "GERS_ID": null, "ConflationStatus": "COUNTY_ONLY", "Source": "FRESNO_COUNTY_GIS", "HNO": "737", "PRD": "W", "STN": "ESCALON", "STS": "AVE", "Unit": null, "CommunityName": "FRESNO", "County": "FRESNO", "State": "CA", "PostCode": null, "SpatialOffsetMeters": null}}, {"type": "Feature", "geometry": {"type": "Point", "coordinates": [-119.715808708534, 36.8455847621253]}, "properties": {"SSAP_NGUID": "urn:emergency:uid:gis:SSAP:15272:fresnocountyca.gov", "DisclID": "fresnocountyca.gov", "CountyLocalID": "15272", "GERS_ID": null, "ConflationStatus": "COUNTY_ONLY", "Source": "FRESNO_COUNTY_GIS", "HNO": "831", "PRD": "N", "STN": "HOMSY", "STS": "AVE", "Unit": null, "CommunityName": "FRESNO", "County": "FRESNO", "State": "CA", "PostCode": null, "SpatialOffsetMeters": null}}, {"type": "Feature", "geometry": {"type": "Point", "coordinates": [-119.721625017345, 36.8268788508384]}, "properties": {"SSAP_NGUID": "urn:emergency:uid:gis:SSAP:15287:fresnocountyca.gov", "DisclID": "fresnocountyca.gov", "CountyLocalID": "15287", "GERS_ID": null, "ConflationStatus": "COUNTY_ONLY", "Source": "FRESNO_COUNTY_GIS", "HNO": "550", "PRD": "W", "STN": "ESCALON", "STS": "AVE", "Unit": null, "CommunityName": "FRESNO", "County": "FRESNO", "State": "CA", "PostCode": null, "SpatialOffsetMeters": null}}, {"type": "Feature", "geometry": {"type": "Point", "coordinates": [-119.722152381607, 36.8282642224653]}, "properties": {"SSAP_NGUID": "urn:emergency:uid:gis:SSAP:15302:fresnocountyca.gov", "DisclID": "fresnocountyca.gov", "CountyLocalID": "15302", "GERS_ID": null, "ConflationStatus": "COUNTY_ONLY", "Source": "FRESNO_COUNTY_GIS", "HNO": "579", "PRD": "W", "STN": "SAMPLE", "STS": "AVE", "Unit": null, "CommunityName": "FRESNO", "County": "FRESNO", "State": "CA", "PostCode": null, "SpatialOffsetMeters": null}}, {"type": "Feature", "geometry": {"type": "Point", "coordinates": [-119.723764868651, 36.8279589388758]}, "properties": {"SSAP_NGUID": "urn:emergency:uid:gis:SSAP:15316:fresnocountyca.gov", "DisclID": "fresnocountyca.gov", "CountyLocalID": "15316", "GERS_ID": null, "ConflationStatus": "COUNTY_ONLY", "Source": "FRESNO_COUNTY_GIS", "HNO": "664", "PRD": "W", "STN": "VARTIKIAN", "STS": "AVE", "Unit": null, "CommunityName": "FRESNO", "County": "FRESNO", "State": "CA", "PostCode": null, "SpatialOffsetMeters": null}}, {"type": "Feature", "geometry": {"type": "Point", "coordinates": [-119.724002545252, 36.8287657561996]}, "properties": {"SSAP_NGUID": "urn:emergency:uid:gis:SSAP:15332:fresnocountyca.gov", "DisclID": "fresnocountyca.gov", "CountyLocalID": "15332", "GERS_ID": null, "ConflationStatus": "COUNTY_ONLY", "Source": "FRESNO_COUNTY_GIS", "HNO": "672", "PRD": "W", "STN": "ELLERY", "STS": "AVE", "Unit": null, "CommunityName": "FRESNO", "County": "FRESNO", "State": "CA", "PostCode": null, "SpatialOffsetMeters": null}}, {"type": "Feature", "geometry": {"type": "Point", "coordinates": [-119.716501404317, 36.8504008882131]}, "properties": {"SSAP_NGUID": "urn:emergency:uid:gis:SSAP:15345:fresnocountyca.gov", "DisclID": "fresnocountyca.gov", "CountyLocalID": "15345", "GERS_ID": null, "ConflationStatus": "COUNTY_ONLY", "Source": "FRESNO_COUNTY_GIS", "HNO": "1110", "PRD": "N", "STN": "HOMSY", "STS": "AVE", "Unit": null, "CommunityName": "FRESNO", "County": "FRESNO", "State": "CA", "PostCode": null, "SpatialOffsetMeters": null}}, {"type": "Feature", "geometry": {"type": "Point", "coordinates": [-119.723603600019, 36.8300713171543]}, "properties": {"SSAP_NGUID": "urn:emergency:uid:gis:SSAP:15361:fresnocountyca.gov", "DisclID": "fresnocountyca.gov", "CountyLocalID": "15361", "GERS_ID": null, "ConflationStatus": "COUNTY_ONLY", "Source": "FRESNO_COUNTY_GIS", "HNO": "643", "PRD": "W", "STN": "TENAYA", "STS": "AVE", "Unit": null, "CommunityName": "FRESNO", "County": "FRESNO", "State": "CA", "PostCode": null, "SpatialOffsetMeters": null}}, {"type": "Feature", "geometry": {"type": "Point", "coordinates": [-119.689610189221, 36.8501076088085]}, "properties": {"SSAP_NGUID": "urn:emergency:uid:gis:SSAP:15377:fresnocountyca.gov", "DisclID": "fresnocountyca.gov", "CountyLocalID": "15377", "GERS_ID": null, "ConflationStatus": "COUNTY_ONLY", "Source": "FRESNO_COUNTY_GIS", "HNO": "1105", "PRD": "N", "STN": "PURDUE", "STS": "AVE", "Unit": null, "CommunityName": "FRESNO", "County": "FRESNO", "State": "CA", "PostCode": null, "SpatialOffsetMeters": null}}, {"type": "Feature", "geometry": {"type": "Point", "coordinates": [-119.721593908051, 36.8563091608686]}, "properties": {"SSAP_NGUID": "urn:emergency:uid:gis:SSAP:15391:fresnocountyca.gov", "DisclID": "fresnocountyca.gov", "CountyLocalID": "15391", "GERS_ID": null, "ConflationStatus": "COUNTY_ONLY", "Source": "FRESNO_COUNTY_GIS", "HNO": "443", "PRD": "W", "STN": "OMAHA", "STS": "AVE", "Unit": null, "CommunityName": "FRESNO", "County": "FRESNO", "State": "CA", "PostCode": null, "SpatialOffsetMeters": null}}, {"type": "Feature", "geometry": {"type": "Point", "coordinates": [-119.72477773505, 36.8568039337309]}, "properties": {"SSAP_NGUID": "urn:emergency:uid:gis:SSAP:15407:fresnocountyca.gov", "DisclID": "fresnocountyca.gov", "CountyLocalID": "15407", "GERS_ID": null, "ConflationStatus": "COUNTY_ONLY", "Source": "FRESNO_COUNTY_GIS", "HNO": "1446", "PRD": "N", "STN": "CINDY", "STS": "AVE", "Unit": null, "CommunityName": "FRESNO", "County": "FRESNO", "State": "CA", "PostCode": null, "SpatialOffsetMeters": null}}, {"type": "Feature", "geometry": {"type": "Point", "coordinates": [-119.721095025192, 36.8572854400449]}, "properties": {"SSAP_NGUID": "urn:emergency:uid:gis:SSAP:15426:fresnocountyca.gov", "DisclID": "fresnocountyca.gov", "CountyLocalID": "15426", "GERS_ID": null, "ConflationStatus": "COUNTY_ONLY", "Source": "FRESNO_COUNTY_GIS", "HNO": "1480", "PRD": "N", "STN": "KAREN", "STS": "AVE", "Unit": null, "CommunityName": "FRESNO", "County": "FRESNO", "State": "CA", "PostCode": null, "SpatialOffsetMeters": null}}, {"type": "Feature", "geometry": {"type": "Point", "coordinates": [-119.723155249597, 36.8570045295162]}, "properties": {"SSAP_NGUID": "urn:emergency:uid:gis:SSAP:15442:fresnocountyca.gov", "DisclID": "fresnocountyca.gov", "CountyLocalID": "15442", "GERS_ID": null, "ConflationStatus": "COUNTY_ONLY", "Source": "FRESNO_COUNTY_GIS", "HNO": "514", "PRD": "W", "STN": "QUINCY", "STS": "AVE", "Unit": null, "CommunityName": "FRESNO", "County": "FRESNO", "State": "CA", "PostCode": null, "SpatialOffsetMeters": null}}, {"type": "Feature", "geometry": {"type": "Point", "coordinates": [-119.720557593728, 36.8551047863981]}, "properties": {"SSAP_NGUID": "urn:emergency:uid:gis:SSAP:15461:fresnocountyca.gov", "DisclID": "fresnocountyca.gov", "CountyLocalID": "15461", "GERS_ID": null, "ConflationStatus": "COUNTY_ONLY", "Source": "FRESNO_COUNTY_GIS", "HNO": "1375", "PRD": "N", "STN": "KAREN", "STS": "AVE", "Unit": null, "CommunityName": "FRESNO", "County": "FRESNO", "State": "CA", "PostCode": null, "SpatialOffsetMeters": null}}, {"type": "Feature", "geometry": {"type": "Point", "coordinates": [-119.716947061902, 36.8502104524238]}, "properties": {"SSAP_NGUID": "urn:emergency:uid:gis:SSAP:15477:fresnocountyca.gov", "DisclID": "fresnocountyca.gov", "CountyLocalID": "15477", "GERS_ID": null, "ConflationStatus": "COUNTY_ONLY", "Source": "FRESNO_COUNTY_GIS", "HNO": "1093", "PRD": "N", "STN": "HALIFAX", "STS": "AVE", "Unit": null, "CommunityName": "FRESNO", "County": "FRESNO", "State": "CA", "PostCode": null, "SpatialOffsetMeters": null}}, {"type": "Feature", "geometry": {"type": "Point", "coordinates": [-119.722328711685, 36.8546597123379]}, "properties": {"SSAP_NGUID": "urn:emergency:uid:gis:SSAP:15491:fresnocountyca.gov", "DisclID": "fresnocountyca.gov", "CountyLocalID": "15491", "GERS_ID": null, "ConflationStatus": "COUNTY_ONLY", "Source": "FRESNO_COUNTY_GIS", "HNO": "483", "PRD": "W", "STN": "MUNCIE", "STS": "AVE", "Unit": null, "CommunityName": "FRESNO", "County": "FRESNO", "State": "CA", "PostCode": null, "SpatialOffsetMeters": null}}, {"type": "Feature", "geometry": {"type": "Point", "coordinates": [-119.72281863555, 36.8541558907242]}, "properties": {"SSAP_NGUID": "urn:emergency:uid:gis:SSAP:15505:fresnocountyca.gov", "DisclID": "fresnocountyca.gov", "CountyLocalID": "15505", "GERS_ID": null, "ConflationStatus": "COUNTY_ONLY", "Source": "FRESNO_COUNTY_GIS", "HNO": "504", "PRD": "W", "STN": "MUNCIE", "STS": "AVE", "Unit": null, "CommunityName": "FRESNO", "County": "FRESNO", "State": "CA", "PostCode": null, "SpatialOffsetMeters": null}}, {"type": "Feature", "geometry": {"type": "Point", "coordinates": [-119.720523745724, 36.8543629016507]}, "properties": {"SSAP_NGUID": "urn:emergency:uid:gis:SSAP:15520:fresnocountyca.gov", "DisclID": "fresnocountyca.gov", "CountyLocalID": "15520", "GERS_ID": null, "ConflationStatus": "COUNTY_ONLY", "Source": "FRESNO_COUNTY_GIS", "HNO": "1345", "PRD": "N", "STN": "KAREN", "STS": "AVE", "Unit": null, "CommunityName": "FRESNO", "County": "FRESNO", "State": "CA", "PostCode": null, "SpatialOffsetMeters": null}}, {"type": "Feature", "geometry": {"type": "Point", "coordinates": [-119.720574753368, 36.8566540422374]}, "properties": {"SSAP_NGUID": "urn:emergency:uid:gis:SSAP:15535:fresnocountyca.gov", "DisclID": "fresnocountyca.gov", "CountyLocalID": "15535", "GERS_ID": null, "ConflationStatus": "COUNTY_ONLY", "Source": "FRESNO_COUNTY_GIS", "HNO": "414", "PRD": "W", "STN": "PORTLAND", "STS": "AVE", "Unit": null, "CommunityName": "FRESNO", "County": "FRESNO", "State": "CA", "PostCode": null, "SpatialOffsetMeters": null}}, {"type": "Feature", "geometry": {"type": "Point", "coordinates": [-119.719562256883, 36.8295694582146]}, "properties": {"SSAP_NGUID": "urn:emergency:uid:gis:SSAP:15551:fresnocountyca.gov", "DisclID": "fresnocountyca.gov", "CountyLocalID": "15551", "GERS_ID": null, "ConflationStatus": "COUNTY_ONLY", "Source": "FRESNO_COUNTY_GIS", "HNO": "447", "PRD": "W", "STN": "TENAYA", "STS": "AVE", "Unit": null, "CommunityName": "FRESNO", "County": "FRESNO", "State": "CA", "PostCode": null, "SpatialOffsetMeters": null}}, {"type": "Feature", "geometry": {"type": "Point", "coordinates": [-119.720394950029, 36.8291954412966]}, "properties": {"SSAP_NGUID": "urn:emergency:uid:gis:SSAP:15567:fresnocountyca.gov", "DisclID": "fresnocountyca.gov", "CountyLocalID": "15567", "GERS_ID": null, "ConflationStatus": "COUNTY_ONLY", "Source": "FRESNO_COUNTY_GIS", "HNO": "506", "PRD": "W", "STN": "TENAYA", "STS": "AVE", "Unit": null, "CommunityName": "FRESNO", "County": "FRESNO", "State": "CA", "PostCode": null, "SpatialOffsetMeters": null}}, {"type": "Feature", "geometry": {"type": "Point", "coordinates": [-119.725142962121, 36.8564768343624]}, "properties": {"SSAP_NGUID": "urn:emergency:uid:gis:SSAP:15581:fresnocountyca.gov", "DisclID": "fresnocountyca.gov", "CountyLocalID": "15581", "GERS_ID": null, "ConflationStatus": "COUNTY_ONLY", "Source": "FRESNO_COUNTY_GIS", "HNO": "607", "PRD": "W", "STN": "OMAHA", "STS": "AVE", "Unit": null, "CommunityName": "FRESNO", "County": "FRESNO", "State": "CA", "PostCode": null, "SpatialOffsetMeters": null}}, {"type": "Feature", "geometry": {"type": "Point", "coordinates": [-119.715074179801, 36.8286422279018]}, "properties": {"SSAP_NGUID": "urn:emergency:uid:gis:SSAP:15596:fresnocountyca.gov", "DisclID": "fresnocountyca.gov", "CountyLocalID": "15596", "GERS_ID": null, "ConflationStatus": "COUNTY_ONLY", "Source": "FRESNO_COUNTY_GIS", "HNO": "276", "PRD": "W", "STN": "ELLERY", "STS": "AVE", "Unit": null, "CommunityName": "FRESNO", "County": "FRESNO", "State": "CA", "PostCode": null, "SpatialOffsetMeters": null}}, {"type": "Feature", "geometry": {"type": "Point", "coordinates": [-119.723598718791, 36.8538111326406]}, "properties": {"SSAP_NGUID": "urn:emergency:uid:gis:SSAP:15612:fresnocountyca.gov", "DisclID": "fresnocountyca.gov", "CountyLocalID": "15612", "GERS_ID": null, "ConflationStatus": "COUNTY_ONLY", "Source": "FRESNO_COUNTY_GIS", "HNO": "534", "PRD": "W", "STN": "MUNCIE", "STS": "AVE", "Unit": null, "CommunityName": "FRESNO", "County": "FRESNO", "State": "CA", "PostCode": null, "SpatialOffsetMeters": null}}, {"type": "Feature", "geometry": {"type": "Point", "coordinates": [-119.703656967709, 36.8501451718074]}, "properties": {"SSAP_NGUID": "urn:emergency:uid:gis:SSAP:15627:fresnocountyca.gov", "DisclID": "fresnocountyca.gov", "CountyLocalID": "15627", "GERS_ID": null, "ConflationStatus": "COUNTY_ONLY", "Source": "FRESNO_COUNTY_GIS", "HNO": "1105", "PRD": "N", "STN": "PERRY", "STS": "AVE", "Unit": null, "CommunityName": "FRESNO", "County": "FRESNO", "State": "CA", "PostCode": null, "SpatialOffsetMeters": null}}, {"type": "Feature", "geometry": {"type": "Point", "coordinates": [-119.726400013645, 36.8332090733037]}, "properties": {"SSAP_NGUID": "urn:emergency:uid:gis:SSAP:15642:fresnocountyca.gov", "DisclID": "fresnocountyca.gov", "CountyLocalID": "15642", "GERS_ID": null, "ConflationStatus": "COUNTY_ONLY", "Source": "FRESNO_COUNTY_GIS", "HNO": "668", "PRD": "W", "STN": "POLSON", "STS": "AVE", "Unit": null, "CommunityName": "FRESNO", "County": "FRESNO", "State": "CA", "PostCode": null, "SpatialOffsetMeters": null}}, {"type": "Feature", "geometry": {"type": "Point", "coordinates": [-119.705439581675, 36.8464307373962]}, "properties": {"SSAP_NGUID": "urn:emergency:uid:gis:SSAP:15660:fresnocountyca.gov", "DisclID": "fresnocountyca.gov", "CountyLocalID": "15660", "GERS_ID": null, "ConflationStatus": "COUNTY_ONLY", "Source": "FRESNO_COUNTY_GIS", "HNO": "886", "PRD": "N", "STN": "PERRY", "STS": "AVE", "Unit": null, "CommunityName": "FRESNO", "County": "FRESNO", "State": "CA", "PostCode": null, "SpatialOffsetMeters": null}}, {"type": "Feature", "geometry": {"type": "Point", "coordinates": [-119.724565926491, 36.8541407155584]}, "properties": {"SSAP_NGUID": "urn:emergency:uid:gis:SSAP:15677:fresnocountyca.gov", "DisclID": "fresnocountyca.gov", "CountyLocalID": "15677", "GERS_ID": null, "ConflationStatus": "COUNTY_ONLY", "Source": "FRESNO_COUNTY_GIS", "HNO": "594", "PRD": "W", "STN": "MUNCIE", "STS": "AVE", "Unit": null, "CommunityName": "FRESNO", "County": "FRESNO", "State": "CA", "PostCode": null, "SpatialOffsetMeters": null}}, {"type": "Feature", "geometry": {"type": "Point", "coordinates": [-119.72161883693, 36.8538872616497]}, "properties": {"SSAP_NGUID": "urn:emergency:uid:gis:SSAP:15689:fresnocountyca.gov", "DisclID": "fresnocountyca.gov", "CountyLocalID": "15689", "GERS_ID": null, "ConflationStatus": "COUNTY_ONLY", "Source": "FRESNO_COUNTY_GIS", "HNO": "1295", "PRD": "N", "STN": "TERRY", "STS": "AVE", "Unit": null, "CommunityName": "FRESNO", "County": "FRESNO", "State": "CA", "PostCode": null, "SpatialOffsetMeters": null}}, {"type": "Feature", "geometry": {"type": "Point", "coordinates": [-119.726671693149, 36.8330245751358]}, "properties": {"SSAP_NGUID": "urn:emergency:uid:gis:SSAP:15702:fresnocountyca.gov", "DisclID": "fresnocountyca.gov", "CountyLocalID": "15702", "GERS_ID": null, "ConflationStatus": "COUNTY_ONLY", "Source": "FRESNO_COUNTY_GIS", "HNO": "687", "PRD": "W", "STN": "LOS ALTOS", "STS": "AVE", "Unit": null, "CommunityName": "FRESNO", "County": "FRESNO", "State": "CA", "PostCode": null, "SpatialOffsetMeters": null}}, {"type": "Feature", "geometry": {"type": "Point", "coordinates": [-119.708786172018, 36.8428806233938]}, "properties": {"SSAP_NGUID": "urn:emergency:uid:gis:SSAP:15713:fresnocountyca.gov", "DisclID": "fresnocountyca.gov", "CountyLocalID": "15713", "GERS_ID": null, "ConflationStatus": "COUNTY_ONLY", "Source": "FRESNO_COUNTY_GIS", "HNO": "711", "PRD": "N", "STN": "OXFORD", "STS": "AVE", "Unit": null, "CommunityName": "FRESNO", "County": "FRESNO", "State": "CA", "PostCode": null, "SpatialOffsetMeters": null}}, {"type": "Feature", "geometry": {"type": "Point", "coordinates": [-119.728027897332, 36.8324848577616]}, "properties": {"SSAP_NGUID": "urn:emergency:uid:gis:SSAP:15730:fresnocountyca.gov", "DisclID": "fresnocountyca.gov", "CountyLocalID": "15730", "GERS_ID": null, "ConflationStatus": "COUNTY_ONLY", "Source": "FRESNO_COUNTY_GIS", "HNO": "772", "PRD": "W", "STN": "LOS ALTOS", "STS": "AVE", "Unit": null, "CommunityName": "FRESNO", "County": "FRESNO", "State": "CA", "PostCode": null, "SpatialOffsetMeters": null}}, {"type": "Feature", "geometry": {"type": "Point", "coordinates": [-119.726679722173, 36.8556389837816]}, "properties": {"SSAP_NGUID": "urn:emergency:uid:gis:SSAP:15747:fresnocountyca.gov", "DisclID": "fresnocountyca.gov", "CountyLocalID": "15747", "GERS_ID": null, "ConflationStatus": "COUNTY_ONLY", "Source": "FRESNO_COUNTY_GIS", "HNO": "659", "PRD": "W", "STN": "ENTERPRISE", "STS": "AVE", "Unit": null, "CommunityName": "FRESNO", "County": "FRESNO", "State": "CA", "PostCode": null, "SpatialOffsetMeters": null}}, {"type": "Feature", "geometry": {"type": "Point", "coordinates": [-119.726692141354, 36.8551131087545]}, "properties": {"SSAP_NGUID": "urn:emergency:uid:gis:SSAP:15759:fresnocountyca.gov", "DisclID": "fresnocountyca.gov", "CountyLocalID": "15759", "GERS_ID": null, "ConflationStatus": "COUNTY_ONLY", "Source": "FRESNO_COUNTY_GIS", "HNO": "658", "PRD": "W", "STN": "ENTERPRISE", "STS": "AVE", "Unit": null, "CommunityName": "FRESNO", "County": "FRESNO", "State": "CA", "PostCode": null, "SpatialOffsetMeters": null}}, {"type": "Feature", "geometry": {"type": "Point", "coordinates": [-119.725162768014, 36.8544197684044]}, "properties": {"SSAP_NGUID": "urn:emergency:uid:gis:SSAP:15771:fresnocountyca.gov", "DisclID": "fresnocountyca.gov", "CountyLocalID": "15771", "GERS_ID": null, "ConflationStatus": "COUNTY_ONLY", "Source": "FRESNO_COUNTY_GIS", "HNO": "604", "PRD": "W", "STN": "MUNCIE", "STS": "AVE", "Unit": null, "CommunityName": "FRESNO", "County": "FRESNO", "State": "CA", "PostCode": null, "SpatialOffsetMeters": null}}, {"type": "Feature", "geometry": {"type": "Point", "coordinates": [-119.725731281701, 36.8539184352818]}, "properties": {"SSAP_NGUID": "urn:emergency:uid:gis:SSAP:15785:fresnocountyca.gov", "DisclID": "fresnocountyca.gov", "CountyLocalID": "15785", "GERS_ID": null, "ConflationStatus": "COUNTY_ONLY", "Source": "FRESNO_COUNTY_GIS", "HNO": "615", "PRD": "W", "STN": "LEXINGTON", "STS": "AVE", "Unit": null, "CommunityName": "FRESNO", "County": "FRESNO", "State": "CA", "PostCode": null, "SpatialOffsetMeters": null}}, {"type": "Feature", "geometry": {"type": "Point", "coordinates": [-119.7959925, 36.7023203]}, "properties": {"SSAP_NGUID": "urn:emergency:uid:gis:SSAP:26859e44-81fa-422c-a861-9a45360ad39e:fresnocountyca.gov", "DisclID": "fresnocountyca.gov", "CountyLocalID": null, "GERS_ID": "26859e44-81fa-422c-a861-9a45360ad39e", "ConflationStatus": "OVERTURE_ONLY", "Source": "OVERTURE_MAPS", "HNO": "2727", "PRD": null, "STN": "S TUPMAN ST", "STS": null, "Unit": null, "CommunityName": "FRESNO", "County": "FRESNO", "State": "CA", "PostCode": "93706", "SpatialOffsetMeters": null}}, {"type": "Feature", "geometry": {"type": "Point", "coordinates": [-119.7959386, 36.7027146]}, "properties": {"SSAP_NGUID": "urn:emergency:uid:gis:SSAP:4177c902-305a-492a-bc13-2214ab45098a:fresnocountyca.gov", "DisclID": "fresnocountyca.gov", "CountyLocalID": null, "GERS_ID": "4177c902-305a-492a-bc13-2214ab45098a", "ConflationStatus": "OVERTURE_ONLY", "Source": "OVERTURE_MAPS", "HNO": "2717", "PRD": null, "STN": "S TUPMAN ST", "STS": null, "Unit": null, "CommunityName": "FRESNO", "County": "FRESNO", "State": "CA", "PostCode": "93706", "SpatialOffsetMeters": null}}, {"type": "Feature", "geometry": {"type": "Point", "coordinates": [-119.798227, 36.7026688]}, "properties": {"SSAP_NGUID": "urn:emergency:uid:gis:SSAP:d42fa1ee-f9ea-409c-a8d7-4a9731181da5:fresnocountyca.gov", "DisclID": "fresnocountyca.gov", "CountyLocalID": null, "GERS_ID": "d42fa1ee-f9ea-409c-a8d7-4a9731181da5", "ConflationStatus": "OVERTURE_ONLY", "Source": "OVERTURE_MAPS", "HNO": "2715", "PRD": null, "STN": "S MARTIN LUTHER KING JR BLVD", "STS": null, "Unit": null, "CommunityName": "FRESNO", "County": "FRESNO", "State": "CA", "PostCode": "93706", "SpatialOffsetMeters": null}}, {"type": "Feature", "geometry": {"type": "Point", "coordinates": [-119.7981795, 36.7021779]}, "properties": {"SSAP_NGUID": "urn:emergency:uid:gis:SSAP:f3f7bdfd-ec23-4541-8c86-3b30f942f7d8:fresnocountyca.gov", "DisclID": "fresnocountyca.gov", "CountyLocalID": null, "GERS_ID": "f3f7bdfd-ec23-4541-8c86-3b30f942f7d8", "ConflationStatus": "OVERTURE_ONLY", "Source": "OVERTURE_MAPS", "HNO": "2715", "PRD": null, "STN": "S MARTIN LUTHER KING JR BLVD", "STS": null, "Unit": null, "CommunityName": "FRESNO", "County": "FRESNO", "State": "CA", "PostCode": "93706", "SpatialOffsetMeters": null}}, {"type": "Feature", "geometry": {"type": "Point", "coordinates": [-119.7984536, 36.7024723]}, "properties": {"SSAP_NGUID": "urn:emergency:uid:gis:SSAP:2d86b91c-cd5f-49eb-9234-442df501da9a:fresnocountyca.gov", "DisclID": "fresnocountyca.gov", "CountyLocalID": null, "GERS_ID": "2d86b91c-cd5f-49eb-9234-442df501da9a", "ConflationStatus": "OVERTURE_ONLY", "Source": "OVERTURE_MAPS", "HNO": "2715", "PRD": null, "STN": "S MARTIN LUTHER KING JR BLVD", "STS": null, "Unit": null, "CommunityName": "FRESNO", "County": "FRESNO", "State": "CA", "PostCode": "93706", "SpatialOffsetMeters": null}}, {"type": "Feature", "geometry": {"type": "Point", "coordinates": [-119.7990986, 36.7021658]}, "properties": {"SSAP_NGUID": "urn:emergency:uid:gis:SSAP:cd4b10ab-1e9b-4e5c-acfd-2b3318ba048d:fresnocountyca.gov", "DisclID": "fresnocountyca.gov", "CountyLocalID": null, "GERS_ID": "cd4b10ab-1e9b-4e5c-acfd-2b3318ba048d", "ConflationStatus": "OVERTURE_ONLY", "Source": "OVERTURE_MAPS", "HNO": "2715", "PRD": null, "STN": "S MARTIN LUTHER KING JR BLVD", "STS": null, "Unit": null, "CommunityName": "FRESNO", "County": "FRESNO", "State": "CA", "PostCode": "93706", "SpatialOffsetMeters": null}}, {"type": "Feature", "geometry": {"type": "Point", "coordinates": [-119.7986119, 36.7025204]}, "properties": {"SSAP_NGUID": "urn:emergency:uid:gis:SSAP:0eab946c-6062-4fd1-904b-bf541cab2266:fresnocountyca.gov", "DisclID": "fresnocountyca.gov", "CountyLocalID": null, "GERS_ID": "0eab946c-6062-4fd1-904b-bf541cab2266", "ConflationStatus": "OVERTURE_ONLY", "Source": "OVERTURE_MAPS", "HNO": "2715", "PRD": null, "STN": "S MARTIN LUTHER KING JR BLVD", "STS": null, "Unit": null, "CommunityName": "FRESNO", "County": "FRESNO", "State": "CA", "PostCode": "93706", "SpatialOffsetMeters": null}}, {"type": "Feature", "geometry": {"type": "Point", "coordinates": [-119.7986811, 36.7027238]}, "properties": {"SSAP_NGUID": "urn:emergency:uid:gis:SSAP:5c88577e-49de-4537-b9bb-6d05dedd5d5f:fresnocountyca.gov", "DisclID": "fresnocountyca.gov", "CountyLocalID": null, "GERS_ID": "5c88577e-49de-4537-b9bb-6d05dedd5d5f", "ConflationStatus": "OVERTURE_ONLY", "Source": "OVERTURE_MAPS", "HNO": "2715", "PRD": null, "STN": "S MARTIN LUTHER KING JR BLVD", "STS": null, "Unit": null, "CommunityName": "FRESNO", "County": "FRESNO", "State": "CA", "PostCode": "93706", "SpatialOffsetMeters": null}}, {"type": "Feature", "geometry": {"type": "Point", "coordinates": [-119.79955, 36.7029878]}, "properties": {"SSAP_NGUID": "urn:emergency:uid:gis:SSAP:72632a3d-eae1-4621-9207-fffc5a94c0a2:fresnocountyca.gov", "DisclID": "fresnocountyca.gov", "CountyLocalID": null, "GERS_ID": "72632a3d-eae1-4621-9207-fffc5a94c0a2", "ConflationStatus": "OVERTURE_ONLY", "Source": "OVERTURE_MAPS", "HNO": "2705", "PRD": null, "STN": "S MARTIN LUTHER KING JR BLVD", "STS": null, "Unit": null, "CommunityName": "FRESNO", "County": "FRESNO", "State": "CA", "PostCode": "93706", "SpatialOffsetMeters": null}}, {"type": "Feature", "geometry": {"type": "Point", "coordinates": [-119.7985371, 36.7029488]}, "properties": {"SSAP_NGUID": "urn:emergency:uid:gis:SSAP:997e33b6-cf99-4190-a38f-b0a58bdcc558:fresnocountyca.gov", "DisclID": "fresnocountyca.gov", "CountyLocalID": null, "GERS_ID": "997e33b6-cf99-4190-a38f-b0a58bdcc558", "ConflationStatus": "OVERTURE_ONLY", "Source": "OVERTURE_MAPS", "HNO": "2705", "PRD": null, "STN": "S MARTIN LUTHER KING JR BLVD", "STS": null, "Unit": null, "CommunityName": "FRESNO", "County": "FRESNO", "State": "CA", "PostCode": "93706", "SpatialOffsetMeters": null}}, {"type": "Feature", "geometry": {"type": "Point", "coordinates": [-119.7973333, 36.7031304]}, "properties": {"SSAP_NGUID": "urn:emergency:uid:gis:SSAP:ffbc83f8-4dc0-42c9-98e4-4e3d3312e048:fresnocountyca.gov", "DisclID": "fresnocountyca.gov", "CountyLocalID": null, "GERS_ID": "ffbc83f8-4dc0-42c9-98e4-4e3d3312e048", "ConflationStatus": "OVERTURE_ONLY", "Source": "OVERTURE_MAPS", "HNO": "2697", "PRD": null, "STN": "S BARDELL ST", "STS": null, "Unit": null, "CommunityName": "FRESNO", "County": "FRESNO", "State": "CA", "PostCode": "93706", "SpatialOffsetMeters": null}}, {"type": "Feature", "geometry": {"type": "Point", "coordinates": [-119.7992587, 36.7034038]}, "properties": {"SSAP_NGUID": "urn:emergency:uid:gis:SSAP:ffe4d2a4-24b4-475f-9118-dbef4385ce52:fresnocountyca.gov", "DisclID": "fresnocountyca.gov", "CountyLocalID": null, "GERS_ID": "ffe4d2a4-24b4-475f-9118-dbef4385ce52", "ConflationStatus": "OVERTURE_ONLY", "Source": "OVERTURE_MAPS", "HNO": "925", "PRD": null, "STN": "E VINE AVE", "STS": null, "Unit": null, "CommunityName": "FRESNO", "County": "FRESNO", "State": "CA", "PostCode": "93706", "SpatialOffsetMeters": null}}, {"type": "Feature", "geometry": {"type": "Point", "coordinates": [-119.7994474, 36.7043243]}, "properties": {"SSAP_NGUID": "urn:emergency:uid:gis:SSAP:75e30307-5270-425a-aef7-9f30820b16be:fresnocountyca.gov", "DisclID": "fresnocountyca.gov", "CountyLocalID": null, "GERS_ID": "75e30307-5270-425a-aef7-9f30820b16be", "ConflationStatus": "OVERTURE_ONLY", "Source": "OVERTURE_MAPS", "HNO": "915", "PRD": null, "STN": "E DOROTHY AVE", "STS": null, "Unit": null, "CommunityName": "FRESNO", "County": "FRESNO", "State": "CA", "PostCode": "93706", "SpatialOffsetMeters": null}}, {"type": "Feature", "geometry": {"type": "Point", "coordinates": [-119.7971793, 36.7039257]}, "properties": {"SSAP_NGUID": "urn:emergency:uid:gis:SSAP:755ec010-143b-4455-ae90-a3bd256107dc:fresnocountyca.gov", "DisclID": "fresnocountyca.gov", "CountyLocalID": null, "GERS_ID": "755ec010-143b-4455-ae90-a3bd256107dc", "ConflationStatus": "OVERTURE_ONLY", "Source": "OVERTURE_MAPS", "HNO": "1120", "PRD": null, "STN": "E DOROTHY AVE", "STS": null, "Unit": null, "CommunityName": "FRESNO", "County": "FRESNO", "State": "CA", "PostCode": "93706", "SpatialOffsetMeters": null}}, {"type": "Feature", "geometry": {"type": "Point", "coordinates": [-119.7959515, 36.7038683]}, "properties": {"SSAP_NGUID": "urn:emergency:uid:gis:SSAP:9e61b982-e434-4266-bc2b-a8527c7503cf:fresnocountyca.gov", "DisclID": "fresnocountyca.gov", "CountyLocalID": null, "GERS_ID": "9e61b982-e434-4266-bc2b-a8527c7503cf", "ConflationStatus": "OVERTURE_ONLY", "Source": "OVERTURE_MAPS", "HNO": "2681", "PRD": null, "STN": "S TUPMAN ST", "STS": null, "Unit": null, "CommunityName": "FRESNO", "County": "FRESNO", "State": "CA", "PostCode": "93706", "SpatialOffsetMeters": null}}, {"type": "Feature", "geometry": {"type": "Point", "coordinates": [-119.7947336, 36.7043376]}, "properties": {"SSAP_NGUID": "urn:emergency:uid:gis:SSAP:7c60d7df-f025-4ebb-9751-2a79b314f04c:fresnocountyca.gov", "DisclID": "fresnocountyca.gov", "CountyLocalID": null, "GERS_ID": "7c60d7df-f025-4ebb-9751-2a79b314f04c", "ConflationStatus": "OVERTURE_ONLY", "Source": "OVERTURE_MAPS", "HNO": "1323", "PRD": null, "STN": "E DOROTHY AVE", "STS": null, "Unit": null, "CommunityName": "FRESNO", "County": "FRESNO", "State": "CA", "PostCode": "93706", "SpatialOffsetMeters": null}}, {"type": "Feature", "geometry": {"type": "Point", "coordinates": [-119.7967861, 36.7045032]}, "properties": {"SSAP_NGUID": "urn:emergency:uid:gis:SSAP:4c5932f9-adf0-4dfa-b624-e03ee0fdd863:fresnocountyca.gov", "DisclID": "fresnocountyca.gov", "CountyLocalID": null, "GERS_ID": "4c5932f9-adf0-4dfa-b624-e03ee0fdd863", "ConflationStatus": "OVERTURE_ONLY", "Source": "OVERTURE_MAPS", "HNO": "1135", "PRD": null, "STN": "E DOROTHY AVE", "STS": null, "Unit": null, "CommunityName": "FRESNO", "County": "FRESNO", "State": "CA", "PostCode": "93706", "SpatialOffsetMeters": null}}, {"type": "Feature", "geometry": {"type": "Point", "coordinates": [-119.7951237, 36.7048487]}, "properties": {"SSAP_NGUID": "urn:emergency:uid:gis:SSAP:d1391dcb-9f05-43d8-80e3-1725ea544692:fresnocountyca.gov", "DisclID": "fresnocountyca.gov", "CountyLocalID": null, "GERS_ID": "d1391dcb-9f05-43d8-80e3-1725ea544692", "ConflationStatus": "OVERTURE_ONLY", "Source": "OVERTURE_MAPS", "HNO": "1306", "PRD": null, "STN": "E CALWA AVE", "STS": null, "Unit": null, "CommunityName": "FRESNO", "County": "FRESNO", "State": "CA", "PostCode": "93706", "SpatialOffsetMeters": null}}, {"type": "Feature", "geometry": {"type": "Point", "coordinates": [-119.7965631, 36.7048181]}, "properties": {"SSAP_NGUID": "urn:emergency:uid:gis:SSAP:1db26434-67c5-4ff4-afc6-268cef31628d:fresnocountyca.gov", "DisclID": "fresnocountyca.gov", "CountyLocalID": null, "GERS_ID": "1db26434-67c5-4ff4-afc6-268cef31628d", "ConflationStatus": "OVERTURE_ONLY", "Source": "OVERTURE_MAPS", "HNO": "1146", "PRD": null, "STN": "E CALWA AVE", "STS": null, "Unit": null, "CommunityName": "FRESNO", "County": "FRESNO", "State": "CA", "PostCode": "93706", "SpatialOffsetMeters": null}}, {"type": "Feature", "geometry": {"type": "Point", "coordinates": [-119.7973536, 36.7045932]}, "properties": {"SSAP_NGUID": "urn:emergency:uid:gis:SSAP:172ce186-b868-4546-b6cc-4c5017c73543:fresnocountyca.gov", "DisclID": "fresnocountyca.gov", "CountyLocalID": null, "GERS_ID": "172ce186-b868-4546-b6cc-4c5017c73543", "ConflationStatus": "OVERTURE_ONLY", "Source": "OVERTURE_MAPS", "HNO": "2661", "PRD": null, "STN": "S BARDELL ST", "STS": null, "Unit": null, "CommunityName": "FRESNO", "County": "FRESNO", "State": "CA", "PostCode": "93706", "SpatialOffsetMeters": null}}, {"type": "Feature", "geometry": {"type": "Point", "coordinates": [-119.7988998, 36.7048138]}, "properties": {"SSAP_NGUID": "urn:emergency:uid:gis:SSAP:70492035-5635-4a7b-9352-4cd2109afffc:fresnocountyca.gov", "DisclID": "fresnocountyca.gov", "CountyLocalID": null, "GERS_ID": "70492035-5635-4a7b-9352-4cd2109afffc", "ConflationStatus": "OVERTURE_ONLY", "Source": "OVERTURE_MAPS", "HNO": "938", "PRD": null, "STN": "E CALWA AVE", "STS": null, "Unit": null, "CommunityName": "FRESNO", "County": "FRESNO", "State": "CA", "PostCode": "93706", "SpatialOffsetMeters": null}}, {"type": "Feature", "geometry": {"type": "Point", "coordinates": [-119.7973617, 36.7052558]}, "properties": {"SSAP_NGUID": "urn:emergency:uid:gis:SSAP:e05b7855-c322-4e14-a058-e91d53d702e1:fresnocountyca.gov", "DisclID": "fresnocountyca.gov", "CountyLocalID": null, "GERS_ID": "e05b7855-c322-4e14-a058-e91d53d702e1", "ConflationStatus": "OVERTURE_ONLY", "Source": "OVERTURE_MAPS", "HNO": "1113", "PRD": null, "STN": "E CALWA AVE", "STS": null, "Unit": null, "CommunityName": "FRESNO", "County": "FRESNO", "State": "CA", "PostCode": "93706", "SpatialOffsetMeters": null}}, {"type": "Feature", "geometry": {"type": "Point", "coordinates": [-119.7981815, 36.7057453]}, "properties": {"SSAP_NGUID": "urn:emergency:uid:gis:SSAP:66e064b1-21cc-4aba-819c-e00c078bf0d0:fresnocountyca.gov", "DisclID": "fresnocountyca.gov", "CountyLocalID": null, "GERS_ID": "66e064b1-21cc-4aba-819c-e00c078bf0d0", "ConflationStatus": "OVERTURE_ONLY", "Source": "OVERTURE_MAPS", "HNO": "1028", "PRD": null, "STN": "E DRUMMOND AVE", "STS": null, "Unit": null, "CommunityName": "FRESNO", "County": "FRESNO", "State": "CA", "PostCode": "93706", "SpatialOffsetMeters": null}}, {"type": "Feature", "geometry": {"type": "Point", "coordinates": [-119.7989156, 36.7061425]}, "properties": {"SSAP_NGUID": "urn:emergency:uid:gis:SSAP:2e6aa268-b6a5-46d0-846e-18a75d741171:fresnocountyca.gov", "DisclID": "fresnocountyca.gov", "CountyLocalID": null, "GERS_ID": "2e6aa268-b6a5-46d0-846e-18a75d741171", "ConflationStatus": "OVERTURE_ONLY", "Source": "OVERTURE_MAPS", "HNO": "935", "PRD": null, "STN": "E DRUMMOND AVE", "STS": null, "Unit": null, "CommunityName": "FRESNO", "County": "FRESNO", "State": "CA", "PostCode": "93706", "SpatialOffsetMeters": null}}, {"type": "Feature", "geometry": {"type": "Point", "coordinates": [-119.7978129, 36.7061405]}, "properties": {"SSAP_NGUID": "urn:emergency:uid:gis:SSAP:f83ad363-4a23-4414-913e-7c55ac2af534:fresnocountyca.gov", "DisclID": "fresnocountyca.gov", "CountyLocalID": null, "GERS_ID": "f83ad363-4a23-4414-913e-7c55ac2af534", "ConflationStatus": "OVERTURE_ONLY", "Source": "OVERTURE_MAPS", "HNO": "1043", "PRD": null, "STN": "E DRUMMOND AVE", "STS": null, "Unit": null, "CommunityName": "FRESNO", "County": "FRESNO", "State": "CA", "PostCode": "93706", "SpatialOffsetMeters": null}}, {"type": "Feature", "geometry": {"type": "Point", "coordinates": [-119.7947594, 36.7061119]}, "properties": {"SSAP_NGUID": "urn:emergency:uid:gis:SSAP:c494799d-d47e-4219-8b1c-7303f265c33b:fresnocountyca.gov", "DisclID": "fresnocountyca.gov", "CountyLocalID": null, "GERS_ID": "c494799d-d47e-4219-8b1c-7303f265c33b", "ConflationStatus": "OVERTURE_ONLY", "Source": "OVERTURE_MAPS", "HNO": "1321", "PRD": null, "STN": "E DRUMMOND AVE", "STS": null, "Unit": null, "CommunityName": "FRESNO", "County": "FRESNO", "State": "CA", "PostCode": "93706", "SpatialOffsetMeters": null}}, {"type": "Feature", "geometry": {"type": "Point", "coordinates": [-119.7949447, 36.7057263]}, "properties": {"SSAP_NGUID": "urn:emergency:uid:gis:SSAP:4562a778-034a-406c-8924-ee8e0f175b47:fresnocountyca.gov", "DisclID": "fresnocountyca.gov", "CountyLocalID": null, "GERS_ID": "4562a778-034a-406c-8924-ee8e0f175b47", "ConflationStatus": "OVERTURE_ONLY", "Source": "OVERTURE_MAPS", "HNO": "1310", "PRD": null, "STN": "E DRUMMOND AVE", "STS": null, "Unit": null, "CommunityName": "FRESNO", "County": "FRESNO", "State": "CA", "PostCode": "93706", "SpatialOffsetMeters": null}}, {"type": "Feature", "geometry": {"type": "Point", "coordinates": [-119.7961659, 36.7052768]}, "properties": {"SSAP_NGUID": "urn:emergency:uid:gis:SSAP:13980d94-9669-424d-b21a-6290486c7553:fresnocountyca.gov", "DisclID": "fresnocountyca.gov", "CountyLocalID": null, "GERS_ID": "13980d94-9669-424d-b21a-6290486c7553", "ConflationStatus": "OVERTURE_ONLY", "Source": "OVERTURE_MAPS", "HNO": "1217", "PRD": null, "STN": "E CALWA AVE", "STS": null, "Unit": null, "CommunityName": "FRESNO", "County": "FRESNO", "State": "CA", "PostCode": "93706", "SpatialOffsetMeters": null}}, {"type": "Feature", "geometry": {"type": "Point", "coordinates": [-119.7945689, 36.7052286]}, "properties": {"SSAP_NGUID": "urn:emergency:uid:gis:SSAP:723ecfcb-71b2-4501-97ef-14ce74c3e860:fresnocountyca.gov", "DisclID": "fresnocountyca.gov", "CountyLocalID": null, "GERS_ID": "723ecfcb-71b2-4501-97ef-14ce74c3e860", "ConflationStatus": "OVERTURE_ONLY", "Source": "OVERTURE_MAPS", "HNO": "1327", "PRD": null, "STN": "E CALWA AVE", "STS": null, "Unit": null, "CommunityName": "FRESNO", "County": "FRESNO", "State": "CA", "PostCode": "93706", "SpatialOffsetMeters": null}}, {"type": "Feature", "geometry": {"type": "Point", "coordinates": [-119.7925939, 36.7053214]}, "properties": {"SSAP_NGUID": "urn:emergency:uid:gis:SSAP:ee9c1066-2245-44fb-871f-74b7423ab107:fresnocountyca.gov", "DisclID": "fresnocountyca.gov", "CountyLocalID": null, "GERS_ID": "ee9c1066-2245-44fb-871f-74b7423ab107", "ConflationStatus": "OVERTURE_ONLY", "Source": "OVERTURE_MAPS", "HNO": "2641", "PRD": null, "STN": "S IVY AVE", "STS": null, "Unit": null, "CommunityName": "FRESNO", "County": "FRESNO", "State": "CA", "PostCode": "93706", "SpatialOffsetMeters": null}}, {"type": "Feature", "geometry": {"type": "Point", "coordinates": [-119.7941649, 36.7057449]}, "properties": {"SSAP_NGUID": "urn:emergency:uid:gis:SSAP:8697b96b-a439-4830-8159-5668d376d5c2:fresnocountyca.gov", "DisclID": "fresnocountyca.gov", "CountyLocalID": null, "GERS_ID": "8697b96b-a439-4830-8159-5668d376d5c2", "ConflationStatus": "OVERTURE_ONLY", "Source": "OVERTURE_MAPS", "HNO": "1348", "PRD": null, "STN": "E DRUMMOND AVE", "STS": null, "Unit": null, "CommunityName": "FRESNO", "County": "FRESNO", "State": "CA", "PostCode": "93706", "SpatialOffsetMeters": null}}, {"type": "Feature", "geometry": {"type": "Point", "coordinates": [-119.7915844, 36.7059166]}, "properties": {"SSAP_NGUID": "urn:emergency:uid:gis:SSAP:778026da-2b62-499c-b39c-eef285601466:fresnocountyca.gov", "DisclID": "fresnocountyca.gov", "CountyLocalID": null, "GERS_ID": "778026da-2b62-499c-b39c-eef285601466", "ConflationStatus": "OVERTURE_ONLY", "Source": "OVERTURE_MAPS", "HNO": "2624", "PRD": null, "STN": "S ELM AVE", "STS": null, "Unit": null, "CommunityName": "FRESNO", "County": "FRESNO", "State": "CA", "PostCode": "93706", "SpatialOffsetMeters": null}}, {"type": "Feature", "geometry": {"type": "Point", "coordinates": [-119.7905454, 36.705161]}, "properties": {"SSAP_NGUID": "urn:emergency:uid:gis:SSAP:8ed4d9d8-d03d-4a00-ae88-0e668af7eb50:fresnocountyca.gov", "DisclID": "fresnocountyca.gov", "CountyLocalID": null, "GERS_ID": "8ed4d9d8-d03d-4a00-ae88-0e668af7eb50", "ConflationStatus": "OVERTURE_ONLY", "Source": "OVERTURE_MAPS", "HNO": "2647", "PRD": null, "STN": "S ELM AVE", "STS": null, "Unit": null, "CommunityName": "FRESNO", "County": "FRESNO", "State": "CA", "PostCode": "93706", "SpatialOffsetMeters": null}}, {"type": "Feature", "geometry": {"type": "Point", "coordinates": [-119.7932136, 36.7048661]}, "properties": {"SSAP_NGUID": "urn:emergency:uid:gis:SSAP:eef614fd-2160-4a7f-94de-4aeaaba45c96:fresnocountyca.gov", "DisclID": "fresnocountyca.gov", "CountyLocalID": null, "GERS_ID": "eef614fd-2160-4a7f-94de-4aeaaba45c96", "ConflationStatus": "OVERTURE_ONLY", "Source": "OVERTURE_MAPS", "HNO": "1438", "PRD": null, "STN": "E CALWA AVE", "STS": null, "Unit": null, "CommunityName": "FRESNO", "County": "FRESNO", "State": "CA", "PostCode": "93706", "SpatialOffsetMeters": null}}, {"type": "Feature", "geometry": {"type": "Point", "coordinates": [-119.7925008, 36.7041138]}, "properties": {"SSAP_NGUID": "urn:emergency:uid:gis:SSAP:bc6c02c5-2438-40ee-a2e8-14ec95136370:fresnocountyca.gov", "DisclID": "fresnocountyca.gov", "CountyLocalID": null, "GERS_ID": "bc6c02c5-2438-40ee-a2e8-14ec95136370", "ConflationStatus": "OVERTURE_ONLY", "Source": "OVERTURE_MAPS", "HNO": "2667", "PRD": null, "STN": "S IVY AVE", "STS": null, "Unit": null, "CommunityName": "FRESNO", "County": "FRESNO", "State": "CA", "PostCode": "93706", "SpatialOffsetMeters": null}}, {"type": "Feature", "geometry": {"type": "Point", "coordinates": [-119.7933838, 36.7037428]}, "properties": {"SSAP_NGUID": "urn:emergency:uid:gis:SSAP:cebb4e38-86ed-4596-9ffb-cc869c7319ec:fresnocountyca.gov", "DisclID": "fresnocountyca.gov", "CountyLocalID": null, "GERS_ID": "cebb4e38-86ed-4596-9ffb-cc869c7319ec", "ConflationStatus": "OVERTURE_ONLY", "Source": "OVERTURE_MAPS", "HNO": "2685", "PRD": null, "STN": "S IVY AVE", "STS": null, "Unit": null, "CommunityName": "FRESNO", "County": "FRESNO", "State": "CA", "PostCode": "93706", "SpatialOffsetMeters": null}}, {"type": "Feature", "geometry": {"type": "Point", "coordinates": [-119.7870768, 36.7039633]}, "properties": {"SSAP_NGUID": "urn:emergency:uid:gis:SSAP:c8b3fb84-56a0-4008-aa4c-c1333ed866a8:fresnocountyca.gov", "DisclID": "fresnocountyca.gov", "CountyLocalID": null, "GERS_ID": "c8b3fb84-56a0-4008-aa4c-c1333ed866a8", "ConflationStatus": "OVERTURE_ONLY", "Source": "OVERTURE_MAPS", "HNO": "1870", "PRD": null, "STN": "E DOROTHY AVE", "STS": null, "Unit": null, "CommunityName": "FRESNO", "County": "FRESNO", "State": "CA", "PostCode": "93706", "SpatialOffsetMeters": null}}, {"type": "Feature", "geometry": {"type": "Point", "coordinates": [-119.781154, 36.7052163]}, "properties": {"SSAP_NGUID": "urn:emergency:uid:gis:SSAP:3d12fae9-3560-44e9-bb20-0a175e1fb799:fresnocountyca.gov", "DisclID": "fresnocountyca.gov", "CountyLocalID": null, "GERS_ID": "3d12fae9-3560-44e9-bb20-0a175e1fb799", "ConflationStatus": "OVERTURE_ONLY", "Source": "OVERTURE_MAPS", "HNO": "2645", "PRD": null, "STN": "S CHERRY AVE", "STS": null, "Unit": null, "CommunityName": "FRESNO", "County": "FRESNO", "State": "CA", "PostCode": "93706", "SpatialOffsetMeters": null}}, {"type": "Feature", "geometry": {"type": "Point", "coordinates": [-119.7775792, 36.7043759]}, "properties": {"SSAP_NGUID": "urn:emergency:uid:gis:SSAP:7553ccfe-60d5-459a-9b33-da9142729705:fresnocountyca.gov", "DisclID": "fresnocountyca.gov", "CountyLocalID": null, "GERS_ID": "7553ccfe-60d5-459a-9b33-da9142729705", "ConflationStatus": "OVERTURE_ONLY", "Source": "OVERTURE_MAPS", "HNO": "2839", "PRD": null, "STN": "E DOROTHY AVE", "STS": null, "Unit": null, "CommunityName": "FRESNO", "County": "FRESNO", "State": "CA", "PostCode": "93706", "SpatialOffsetMeters": null}}, {"type": "Feature", "geometry": {"type": "Point", "coordinates": [-119.7801787, 36.7037245]}, "properties": {"SSAP_NGUID": "urn:emergency:uid:gis:SSAP:afff66f4-5125-4b31-a4db-019fae5a5c8f:fresnocountyca.gov", "DisclID": "fresnocountyca.gov", "CountyLocalID": null, "GERS_ID": "afff66f4-5125-4b31-a4db-019fae5a5c8f", "ConflationStatus": "OVERTURE_ONLY", "Source": "OVERTURE_MAPS", "HNO": "2695", "PRD": null, "STN": "S CHERRY AVE", "STS": null, "Unit": null, "CommunityName": "FRESNO", "County": "FRESNO", "State": "CA", "PostCode": "93706", "SpatialOffsetMeters": null}}, {"type": "Feature", "geometry": {"type": "Point", "coordinates": [-119.7824851, 36.7021596]}, "properties": {"SSAP_NGUID": "urn:emergency:uid:gis:SSAP:aeaad9f8-b937-4a78-8671-4426c3aa3229:fresnocountyca.gov", "DisclID": "fresnocountyca.gov", "CountyLocalID": null, "GERS_ID": "aeaad9f8-b937-4a78-8671-4426c3aa3229", "ConflationStatus": "OVERTURE_ONLY", "Source": "OVERTURE_MAPS", "HNO": "2464", "PRD": null, "STN": "E DATE AVE", "STS": null, "Unit": null, "CommunityName": "FRESNO", "County": "FRESNO", "State": "CA", "PostCode": "93706", "SpatialOffsetMeters": null}}, {"type": "Feature", "geometry": {"type": "Point", "coordinates": [-119.784936, 36.7025487]}, "properties": {"SSAP_NGUID": "urn:emergency:uid:gis:SSAP:e05b5da9-1985-487a-91d1-075c45155496:fresnocountyca.gov", "DisclID": "fresnocountyca.gov", "CountyLocalID": null, "GERS_ID": "e05b5da9-1985-487a-91d1-075c45155496", "ConflationStatus": "OVERTURE_ONLY", "Source": "OVERTURE_MAPS", "HNO": "2245", "PRD": null, "STN": "E DATE AVE", "STS": null, "Unit": null, "CommunityName": "FRESNO", "County": "FRESNO", "State": "CA", "PostCode": "93706", "SpatialOffsetMeters": null}}, {"type": "Feature", "geometry": {"type": "Point", "coordinates": [-119.7819545, 36.7013681]}, "properties": {"SSAP_NGUID": "urn:emergency:uid:gis:SSAP:a69273f6-601a-40be-81a1-bb9c28ddd500:fresnocountyca.gov", "DisclID": "fresnocountyca.gov", "CountyLocalID": null, "GERS_ID": "a69273f6-601a-40be-81a1-bb9c28ddd500", "ConflationStatus": "OVERTURE_ONLY", "Source": "OVERTURE_MAPS", "HNO": "2750", "PRD": null, "STN": "S CHERRY AVE", "STS": null, "Unit": null, "CommunityName": "FRESNO", "County": "FRESNO", "State": "CA", "PostCode": "93706", "SpatialOffsetMeters": null}}, {"type": "Feature", "geometry": {"type": "Point", "coordinates": [-119.7781658, 36.6989744]}, "properties": {"SSAP_NGUID": "urn:emergency:uid:gis:SSAP:3288c2c5-047f-4446-886e-36ef9ae512c8:fresnocountyca.gov", "DisclID": "fresnocountyca.gov", "CountyLocalID": null, "GERS_ID": "3288c2c5-047f-4446-886e-36ef9ae512c8", "ConflationStatus": "OVERTURE_ONLY", "Source": "OVERTURE_MAPS", "HNO": "2750", "PRD": null, "STN": "E ANNADALE AVE", "STS": null, "Unit": null, "CommunityName": "FRESNO", "County": "FRESNO", "State": "CA", "PostCode": "93706", "SpatialOffsetMeters": null}}, {"type": "Feature", "geometry": {"type": "Point", "coordinates": [-119.7872197, 36.6983624]}, "properties": {"SSAP_NGUID": "urn:emergency:uid:gis:SSAP:0078b2e1-7ca1-400b-b32f-fe8a50b452d2:fresnocountyca.gov", "DisclID": "fresnocountyca.gov", "CountyLocalID": null, "GERS_ID": "0078b2e1-7ca1-400b-b32f-fe8a50b452d2", "ConflationStatus": "OVERTURE_ONLY", "Source": "OVERTURE_MAPS", "HNO": "2855", "PRD": null, "STN": "S ELM AVE", "STS": null, "Unit": null, "CommunityName": "FRESNO", "County": "FRESNO", "State": "CA", "PostCode": "93706", "SpatialOffsetMeters": null}}, {"type": "Feature", "geometry": {"type": "Point", "coordinates": [-119.7876886, 36.7005189]}, "properties": {"SSAP_NGUID": "urn:emergency:uid:gis:SSAP:af5894df-2b1e-4f45-b492-d53e2a6d620a:fresnocountyca.gov", "DisclID": "fresnocountyca.gov", "CountyLocalID": null, "GERS_ID": "af5894df-2b1e-4f45-b492-d53e2a6d620a", "ConflationStatus": "OVERTURE_ONLY", "Source": "OVERTURE_MAPS", "HNO": "2045", "PRD": null, "STN": "E ANNADALE AVE", "STS": null, "Unit": null, "CommunityName": "FRESNO", "County": "FRESNO", "State": "CA", "PostCode": "93706", "SpatialOffsetMeters": null}}, {"type": "Feature", "geometry": {"type": "Point", "coordinates": [-119.7911472, 36.6998361]}, "properties": {"SSAP_NGUID": "urn:emergency:uid:gis:SSAP:3b8afaec-e9ae-4b7a-9a46-28c005de0d96:fresnocountyca.gov", "DisclID": "fresnocountyca.gov", "CountyLocalID": null, "GERS_ID": "3b8afaec-e9ae-4b7a-9a46-28c005de0d96", "ConflationStatus": "OVERTURE_ONLY", "Source": "OVERTURE_MAPS", "HNO": "2794", "PRD": null, "STN": "S ELM AVE", "STS": null, "Unit": null, "CommunityName": "FRESNO", "County": "FRESNO", "State": "CA", "PostCode": "93706", "SpatialOffsetMeters": null}}, {"type": "Feature", "geometry": {"type": "Point", "coordinates": [-119.7933166, 36.6998319]}, "properties": {"SSAP_NGUID": "urn:emergency:uid:gis:SSAP:7a5b3f6a-70a3-416e-8fb5-ede426a755eb:fresnocountyca.gov", "DisclID": "fresnocountyca.gov", "CountyLocalID": null, "GERS_ID": "7a5b3f6a-70a3-416e-8fb5-ede426a755eb", "ConflationStatus": "OVERTURE_ONLY", "Source": "OVERTURE_MAPS", "HNO": "1472", "PRD": null, "STN": "E TIMBER AVE", "STS": null, "Unit": null, "CommunityName": "FRESNO", "County": "FRESNO", "State": "CA", "PostCode": "93706", "SpatialOffsetMeters": null}}, {"type": "Feature", "geometry": {"type": "Point", "coordinates": [-119.7927119, 36.7004952]}, "properties": {"SSAP_NGUID": "urn:emergency:uid:gis:SSAP:aa946fad-867b-4a4f-84f4-4ede5b384d68:fresnocountyca.gov", "DisclID": "fresnocountyca.gov", "CountyLocalID": null, "GERS_ID": "aa946fad-867b-4a4f-84f4-4ede5b384d68", "ConflationStatus": "OVERTURE_ONLY", "Source": "OVERTURE_MAPS", "HNO": "1515", "PRD": null, "STN": "E ANNADALE AVE", "STS": null, "Unit": null, "CommunityName": "FRESNO", "County": "FRESNO", "State": "CA", "PostCode": "93706", "SpatialOffsetMeters": null}}, {"type": "Feature", "geometry": {"type": "Point", "coordinates": [-119.7973012, 36.7003911]}, "properties": {"SSAP_NGUID": "urn:emergency:uid:gis:SSAP:7e449fad-5dce-4c0e-be48-94ea7d580c25:fresnocountyca.gov", "DisclID": "fresnocountyca.gov", "CountyLocalID": null, "GERS_ID": "7e449fad-5dce-4c0e-be48-94ea7d580c25", "ConflationStatus": "OVERTURE_ONLY", "Source": "OVERTURE_MAPS", "HNO": "1110", "PRD": null, "STN": "E GEORGE AVE", "STS": null, "Unit": null, "CommunityName": "FRESNO", "County": "FRESNO", "State": "CA", "PostCode": "93706", "SpatialOffsetMeters": null}}, {"type": "Feature", "geometry": {"type": "Point", "coordinates": [-119.7989673, 36.700566]}, "properties": {"SSAP_NGUID": "urn:emergency:uid:gis:SSAP:96abeb9c-2410-4c89-b209-4ea056a0d5c2:fresnocountyca.gov", "DisclID": "fresnocountyca.gov", "CountyLocalID": null, "GERS_ID": "96abeb9c-2410-4c89-b209-4ea056a0d5c2", "ConflationStatus": "OVERTURE_ONLY", "Source": "OVERTURE_MAPS", "HNO": "2775", "PRD": null, "STN": "S MARTIN LUTHER KING JR BLVD", "STS": null, "Unit": null, "CommunityName": "FRESNO", "County": "FRESNO", "State": "CA", "PostCode": "93706", "SpatialOffsetMeters": null}}, {"type": "Feature", "geometry": {"type": "Point", "coordinates": [-119.7993727, 36.700634]}, "properties": {"SSAP_NGUID": "urn:emergency:uid:gis:SSAP:f8940a48-99c8-4cd1-ba1f-4980cfd25c01:fresnocountyca.gov", "DisclID": "fresnocountyca.gov", "CountyLocalID": null, "GERS_ID": "f8940a48-99c8-4cd1-ba1f-4980cfd25c01", "ConflationStatus": "OVERTURE_ONLY", "Source": "OVERTURE_MAPS", "HNO": "2775", "PRD": null, "STN": "S MARTIN LUTHER KING JR BLVD", "STS": null, "Unit": null, "CommunityName": "FRESNO", "County": "FRESNO", "State": "CA", "PostCode": "93706", "SpatialOffsetMeters": null}}, {"type": "Feature", "geometry": {"type": "Point", "coordinates": [-119.7992821, 36.7003383]}, "properties": {"SSAP_NGUID": "urn:emergency:uid:gis:SSAP:1b02255b-45e6-4833-97cc-b2f45588792f:fresnocountyca.gov", "DisclID": "fresnocountyca.gov", "CountyLocalID": null, "GERS_ID": "1b02255b-45e6-4833-97cc-b2f45588792f", "ConflationStatus": "OVERTURE_ONLY", "Source": "OVERTURE_MAPS", "HNO": "2775", "PRD": null, "STN": "S MARTIN LUTHER KING JR BLVD", "STS": null, "Unit": null, "CommunityName": "FRESNO", "County": "FRESNO", "State": "CA", "PostCode": "93706", "SpatialOffsetMeters": null}}, {"type": "Feature", "geometry": {"type": "Point", "coordinates": [-119.7985613, 36.7002144]}, "properties": {"SSAP_NGUID": "urn:emergency:uid:gis:SSAP:6079e6c9-4fe4-4268-941a-92a278e7ba54:fresnocountyca.gov", "DisclID": "fresnocountyca.gov", "CountyLocalID": null, "GERS_ID": "6079e6c9-4fe4-4268-941a-92a278e7ba54", "ConflationStatus": "OVERTURE_ONLY", "Source": "OVERTURE_MAPS", "HNO": "949", "PRD": null, "STN": "E ANNADALE AVE", "STS": null, "Unit": null, "CommunityName": "FRESNO", "County": "FRESNO", "State": "CA", "PostCode": "93706", "SpatialOffsetMeters": null}}, {"type": "Feature", "geometry": {"type": "Point", "coordinates": [-119.7993665, 36.7001448]}, "properties": {"SSAP_NGUID": "urn:emergency:uid:gis:SSAP:e98f6c5a-1b39-4bd1-bd11-598295e0f5c6:fresnocountyca.gov", "DisclID": "fresnocountyca.gov", "CountyLocalID": null, "GERS_ID": "e98f6c5a-1b39-4bd1-bd11-598295e0f5c6", "ConflationStatus": "OVERTURE_ONLY", "Source": "OVERTURE_MAPS", "HNO": "2775", "PRD": null, "STN": "S MARTIN LUTHER KING JR BLVD", "STS": null, "Unit": null, "CommunityName": "FRESNO", "County": "FRESNO", "State": "CA", "PostCode": "93706", "SpatialOffsetMeters": null}}, {"type": "Feature", "geometry": {"type": "Point", "coordinates": [-119.7984735, 36.7000664]}, "properties": {"SSAP_NGUID": "urn:emergency:uid:gis:SSAP:23c9bd85-758b-4ec0-ad77-be7373a4812e:fresnocountyca.gov", "DisclID": "fresnocountyca.gov", "CountyLocalID": null, "GERS_ID": "23c9bd85-758b-4ec0-ad77-be7373a4812e", "ConflationStatus": "OVERTURE_ONLY", "Source": "OVERTURE_MAPS", "HNO": "949", "PRD": null, "STN": "E ANNADALE AVE", "STS": null, "Unit": null, "CommunityName": "FRESNO", "County": "FRESNO", "State": "CA", "PostCode": "93706", "SpatialOffsetMeters": null}}, {"type": "Feature", "geometry": {"type": "Point", "coordinates": [-119.7982505, 36.6999881]}, "properties": {"SSAP_NGUID": "urn:emergency:uid:gis:SSAP:b0fc1f5c-4b50-44d9-a8bd-55faa1fee9c0:fresnocountyca.gov", "DisclID": "fresnocountyca.gov", "CountyLocalID": null, "GERS_ID": "b0fc1f5c-4b50-44d9-a8bd-55faa1fee9c0", "ConflationStatus": "OVERTURE_ONLY", "Source": "OVERTURE_MAPS", "HNO": "949", "PRD": null, "STN": "E ANNADALE AVE", "STS": null, "Unit": null, "CommunityName": "FRESNO", "County": "FRESNO", "State": "CA", "PostCode": "93706", "SpatialOffsetMeters": null}}, {"type": "Feature", "geometry": {"type": "Point", "coordinates": [-119.7979945, 36.6999263]}, "properties": {"SSAP_NGUID": "urn:emergency:uid:gis:SSAP:60b47963-de7b-4aac-b2c8-64dbfdf4f81a:fresnocountyca.gov", "DisclID": "fresnocountyca.gov", "CountyLocalID": null, "GERS_ID": "60b47963-de7b-4aac-b2c8-64dbfdf4f81a", "ConflationStatus": "OVERTURE_ONLY", "Source": "OVERTURE_MAPS", "HNO": "949", "PRD": null, "STN": "E ANNADALE AVE", "STS": null, "Unit": null, "CommunityName": "FRESNO", "County": "FRESNO", "State": "CA", "PostCode": "93706", "SpatialOffsetMeters": null}}, {"type": "Feature", "geometry": {"type": "Point", "coordinates": [-119.7985706, 36.6999279]}, "properties": {"SSAP_NGUID": "urn:emergency:uid:gis:SSAP:0c3e5fe9-fd5b-4b15-9123-fd42242664b4:fresnocountyca.gov", "DisclID": "fresnocountyca.gov", "CountyLocalID": null, "GERS_ID": "0c3e5fe9-fd5b-4b15-9123-fd42242664b4", "ConflationStatus": "OVERTURE_ONLY", "Source": "OVERTURE_MAPS", "HNO": "949", "PRD": null, "STN": "E ANNADALE AVE", "STS": null, "Unit": null, "CommunityName": "FRESNO", "County": "FRESNO", "State": "CA", "PostCode": "93706", "SpatialOffsetMeters": null}}, {"type": "Feature", "geometry": {"type": "Point", "coordinates": [-119.7995451, 36.6992826]}, "properties": {"SSAP_NGUID": "urn:emergency:uid:gis:SSAP:981192b9-07a1-47a4-b67d-2340670c877e:fresnocountyca.gov", "DisclID": "fresnocountyca.gov", "CountyLocalID": null, "GERS_ID": "981192b9-07a1-47a4-b67d-2340670c877e", "ConflationStatus": "OVERTURE_ONLY", "Source": "OVERTURE_MAPS", "HNO": "922", "PRD": null, "STN": "E ANNADALE AVE", "STS": null, "Unit": null, "CommunityName": "FRESNO", "County": "FRESNO", "State": "CA", "PostCode": "93706", "SpatialOffsetMeters": null}}, {"type": "Feature", "geometry": {"type": "Point", "coordinates": [-119.79555, 36.6997954]}, "properties": {"SSAP_NGUID": "urn:emergency:uid:gis:SSAP:972ab368-f938-4771-ae7d-866fe825412e:fresnocountyca.gov", "DisclID": "fresnocountyca.gov", "CountyLocalID": null, "GERS_ID": "972ab368-f938-4771-ae7d-866fe825412e", "ConflationStatus": "OVERTURE_ONLY", "Source": "OVERTURE_MAPS", "HNO": "1245", "PRD": null, "STN": "E ANNADALE AVE", "STS": null, "Unit": null, "CommunityName": "FRESNO", "County": "FRESNO", "State": "CA", "PostCode": "93706", "SpatialOffsetMeters": null}}, {"type": "Feature", "geometry": {"type": "Point", "coordinates": [-119.7986429, 36.6989976]}, "properties": {"SSAP_NGUID": "urn:emergency:uid:gis:SSAP:bbd48b76-5e0b-4ce8-b96d-71c96ec26ee2:fresnocountyca.gov", "DisclID": "fresnocountyca.gov", "CountyLocalID": null, "GERS_ID": "bbd48b76-5e0b-4ce8-b96d-71c96ec26ee2", "ConflationStatus": "OVERTURE_ONLY", "Source": "OVERTURE_MAPS", "HNO": "1007", "PRD": null, "STN": "E COMMERCE AVE", "STS": null, "Unit": null, "CommunityName": "FRESNO", "County": "FRESNO", "State": "CA", "PostCode": "93706", "SpatialOffsetMeters": null}}, {"type": "Feature", "geometry": {"type": "Point", "coordinates": [-119.7982186, 36.6986147]}, "properties": {"SSAP_NGUID": "urn:emergency:uid:gis:SSAP:c78b8160-49ae-49c1-9fcb-184cae37c1af:fresnocountyca.gov", "DisclID": "fresnocountyca.gov", "CountyLocalID": null, "GERS_ID": "c78b8160-49ae-49c1-9fcb-184cae37c1af", "ConflationStatus": "OVERTURE_ONLY", "Source": "OVERTURE_MAPS", "HNO": "1024", "PRD": null, "STN": "E COMMERCE AVE", "STS": null, "Unit": null, "CommunityName": "FRESNO", "County": "FRESNO", "State": "CA", "PostCode": "93706", "SpatialOffsetMeters": null}}, {"type": "Feature", "geometry": {"type": "Point", "coordinates": [-119.7993653, 36.6983073]}, "properties": {"SSAP_NGUID": "urn:emergency:uid:gis:SSAP:221b3d84-8fa4-452f-91e8-9aa0b2cb3a06:fresnocountyca.gov", "DisclID": "fresnocountyca.gov", "CountyLocalID": null, "GERS_ID": "221b3d84-8fa4-452f-91e8-9aa0b2cb3a06", "ConflationStatus": "OVERTURE_ONLY", "Source": "OVERTURE_MAPS", "HNO": "939", "PRD": null, "STN": "E AMBER AVE", "STS": null, "Unit": null, "CommunityName": "FRESNO", "County": "FRESNO", "State": "CA", "PostCode": "93706", "SpatialOffsetMeters": null}}, {"type": "Feature", "geometry": {"type": "Point", "coordinates": [-119.7982584, 36.6979942]}, "properties": {"SSAP_NGUID": "urn:emergency:uid:gis:SSAP:be5da413-86e2-45a6-b0b0-297dabbeea15:fresnocountyca.gov", "DisclID": "fresnocountyca.gov", "CountyLocalID": null, "GERS_ID": "be5da413-86e2-45a6-b0b0-297dabbeea15", "ConflationStatus": "OVERTURE_ONLY", "Source": "OVERTURE_MAPS", "HNO": "2844", "PRD": null, "STN": "S BARDELL ST", "STS": null, "Unit": null, "CommunityName": "FRESNO", "County": "FRESNO", "State": "CA", "PostCode": "93706", "SpatialOffsetMeters": null}}, {"type": "Feature", "geometry": {"type": "Point", "coordinates": [-119.7910808, 36.699245]}, "properties": {"SSAP_NGUID": "urn:emergency:uid:gis:SSAP:31eea728-7f80-488a-a593-e1a5552bf87c:fresnocountyca.gov", "DisclID": "fresnocountyca.gov", "CountyLocalID": null, "GERS_ID": "31eea728-7f80-488a-a593-e1a5552bf87c", "ConflationStatus": "OVERTURE_ONLY", "Source": "OVERTURE_MAPS", "HNO": "2808", "PRD": null, "STN": "S ELM AVE", "STS": null, "Unit": null, "CommunityName": "FRESNO", "County": "FRESNO", "State": "CA", "PostCode": "93706", "SpatialOffsetMeters": null}}, {"type": "Feature", "geometry": {"type": "Point", "coordinates": [-119.7911647, 36.6971317]}, "properties": {"SSAP_NGUID": "urn:emergency:uid:gis:SSAP:c32dc4b0-93d3-4c20-876f-1006daa6498b:fresnocountyca.gov", "DisclID": "fresnocountyca.gov", "CountyLocalID": null, "GERS_ID": "c32dc4b0-93d3-4c20-876f-1006daa6498b", "ConflationStatus": "OVERTURE_ONLY", "Source": "OVERTURE_MAPS", "HNO": "2858", "PRD": null, "STN": "S ELM AVE", "STS": null, "Unit": null, "CommunityName": "FRESNO", "County": "FRESNO", "State": "CA", "PostCode": "93706", "SpatialOffsetMeters": null}}, {"type": "Feature", "geometry": {"type": "Point", "coordinates": [-119.7977444, 36.6977869]}, "properties": {"SSAP_NGUID": "urn:emergency:uid:gis:SSAP:17653f94-a4c8-473e-aea8-3016b7b0e2e9:fresnocountyca.gov", "DisclID": "fresnocountyca.gov", "CountyLocalID": null, "GERS_ID": "17653f94-a4c8-473e-aea8-3016b7b0e2e9", "ConflationStatus": "OVERTURE_ONLY", "Source": "OVERTURE_MAPS", "HNO": "2849", "PRD": null, "STN": "S BARDELL ST", "STS": null, "Unit": null, "CommunityName": "FRESNO", "County": "FRESNO", "State": "CA", "PostCode": "93706", "SpatialOffsetMeters": null}}, {"type": "Feature", "geometry": {"type": "Point", "coordinates": [-119.7986678, 36.6971416]}, "properties": {"SSAP_NGUID": "urn:emergency:uid:gis:SSAP:fafe7a69-ebb4-40b5-8a19-1ae7bf33540d:fresnocountyca.gov", "DisclID": "fresnocountyca.gov", "CountyLocalID": null, "GERS_ID": "fafe7a69-ebb4-40b5-8a19-1ae7bf33540d", "ConflationStatus": "OVERTURE_ONLY", "Source": "OVERTURE_MAPS", "HNO": "988", "PRD": null, "STN": "E JOSH AVE", "STS": null, "Unit": null, "CommunityName": "FRESNO", "County": "FRESNO", "State": "CA", "PostCode": "93706", "SpatialOffsetMeters": null}}, {"type": "Feature", "geometry": {"type": "Point", "coordinates": [-119.7984155, 36.6970095]}, "properties": {"SSAP_NGUID": "urn:emergency:uid:gis:SSAP:7be0fbfc-d5cf-4404-9e3c-9dc1e45dca39:fresnocountyca.gov", "DisclID": "fresnocountyca.gov", "CountyLocalID": null, "GERS_ID": "7be0fbfc-d5cf-4404-9e3c-9dc1e45dca39", "ConflationStatus": "OVERTURE_ONLY", "Source": "OVERTURE_MAPS", "HNO": "2868", "PRD": null, "STN": "S BARDELL ST", "STS": null, "Unit": null, "CommunityName": "FRESNO", "County": "FRESNO", "State": "CA", "PostCode": "93706", "SpatialOffsetMeters": null}}, {"type": "Feature", "geometry": {"type": "Point", "coordinates": [-119.7988321, 36.6964125]}, "properties": {"SSAP_NGUID": "urn:emergency:uid:gis:SSAP:08966ef8-08f2-4315-a5f5-bc30df948adf:fresnocountyca.gov", "DisclID": "fresnocountyca.gov", "CountyLocalID": null, "GERS_ID": "08966ef8-08f2-4315-a5f5-bc30df948adf", "ConflationStatus": "OVERTURE_ONLY", "Source": "OVERTURE_MAPS", "HNO": "998", "PRD": null, "STN": "E JOLSON AVE", "STS": null, "Unit": null, "CommunityName": "FRESNO", "County": "FRESNO", "State": "CA", "PostCode": "93706", "SpatialOffsetMeters": null}}, {"type": "Feature", "geometry": {"type": "Point", "coordinates": [-119.7978753, 36.6961428]}, "properties": {"SSAP_NGUID": "urn:emergency:uid:gis:SSAP:b14069a6-750b-4cf0-88b0-2e01df365eff:fresnocountyca.gov", "DisclID": "fresnocountyca.gov", "CountyLocalID": null, "GERS_ID": "b14069a6-750b-4cf0-88b0-2e01df365eff", "ConflationStatus": "OVERTURE_ONLY", "Source": "OVERTURE_MAPS", "HNO": "1073", "PRD": null, "STN": "E EDGAR AVE", "STS": null, "Unit": null, "CommunityName": "FRESNO", "County": "FRESNO", "State": "CA", "PostCode": "93706", "SpatialOffsetMeters": null}}, {"type": "Feature", "geometry": {"type": "Point", "coordinates": [-119.7990038, 36.6957057]}, "properties": {"SSAP_NGUID": "urn:emergency:uid:gis:SSAP:9bc5273c-57d9-4caf-9257-b08aa6bab5a1:fresnocountyca.gov", "DisclID": "fresnocountyca.gov", "CountyLocalID": null, "GERS_ID": "9bc5273c-57d9-4caf-9257-b08aa6bab5a1", "ConflationStatus": "OVERTURE_ONLY", "Source": "OVERTURE_MAPS", "HNO": "2906", "PRD": null, "STN": "S WELLER ST", "STS": null, "Unit": null, "CommunityName": "FRESNO", "County": "FRESNO", "State": "CA", "PostCode": "93706", "SpatialOffsetMeters": null}}, {"type": "Feature", "geometry": {"type": "Point", "coordinates": [-119.7995417, 36.6950582]}, "properties": {"SSAP_NGUID": "urn:emergency:uid:gis:SSAP:1f114ba5-f6a8-44ed-b47a-618a0dc3cfba:fresnocountyca.gov", "DisclID": "fresnocountyca.gov", "CountyLocalID": null, "GERS_ID": "1f114ba5-f6a8-44ed-b47a-618a0dc3cfba", "ConflationStatus": "OVERTURE_ONLY", "Source": "OVERTURE_MAPS", "HNO": "2921", "PRD": null, "STN": "S MARTIN LUTHER KING JR BLVD", "STS": null, "Unit": null, "CommunityName": "FRESNO", "County": "FRESNO", "State": "CA", "PostCode": "93706", "SpatialOffsetMeters": null}}, {"type": "Feature", "geometry": {"type": "Point", "coordinates": [-119.791015, 36.6959402]}, "properties": {"SSAP_NGUID": "urn:emergency:uid:gis:SSAP:e1f4c440-cdb1-4b2f-bb47-415d1eebab1c:fresnocountyca.gov", "DisclID": "fresnocountyca.gov", "CountyLocalID": null, "GERS_ID": "e1f4c440-cdb1-4b2f-bb47-415d1eebab1c", "ConflationStatus": "OVERTURE_ONLY", "Source": "OVERTURE_MAPS", "HNO": "2904", "PRD": null, "STN": "S ELM AVE", "STS": null, "Unit": null, "CommunityName": "FRESNO", "County": "FRESNO", "State": "CA", "PostCode": "93706", "SpatialOffsetMeters": null}}, {"type": "Feature", "geometry": {"type": "Point", "coordinates": [-119.7902053, 36.6949131]}, "properties": {"SSAP_NGUID": "urn:emergency:uid:gis:SSAP:d3b7ce29-e894-47d7-b7d3-60a603aee427:fresnocountyca.gov", "DisclID": "fresnocountyca.gov", "CountyLocalID": null, "GERS_ID": "d3b7ce29-e894-47d7-b7d3-60a603aee427", "ConflationStatus": "OVERTURE_ONLY", "Source": "OVERTURE_MAPS", "HNO": "2935", "PRD": null, "STN": "S ELM AVE", "STS": null, "Unit": null, "CommunityName": "FRESNO", "County": "FRESNO", "State": "CA", "PostCode": "93706", "SpatialOffsetMeters": null}}, {"type": "Feature", "geometry": {"type": "Point", "coordinates": [-119.7871932, 36.6966317]}, "properties": {"SSAP_NGUID": "urn:emergency:uid:gis:SSAP:5682c423-094c-4401-b99a-4c94aa3cfd54:fresnocountyca.gov", "DisclID": "fresnocountyca.gov", "CountyLocalID": null, "GERS_ID": "5682c423-094c-4401-b99a-4c94aa3cfd54", "ConflationStatus": "OVERTURE_ONLY", "Source": "OVERTURE_MAPS", "HNO": "2855", "PRD": null, "STN": "S ELM AVE", "STS": null, "Unit": null, "CommunityName": "FRESNO", "County": "FRESNO", "State": "CA", "PostCode": "93706", "SpatialOffsetMeters": null}}, {"type": "Feature", "geometry": {"type": "Point", "coordinates": [-119.7822325, 36.6949352]}, "properties": {"SSAP_NGUID": "urn:emergency:uid:gis:SSAP:2d9bee13-4219-4c11-a65a-0437896ff582:fresnocountyca.gov", "DisclID": "fresnocountyca.gov", "CountyLocalID": null, "GERS_ID": "2d9bee13-4219-4c11-a65a-0437896ff582", "ConflationStatus": "OVERTURE_ONLY", "Source": "OVERTURE_MAPS", "HNO": "2936", "PRD": null, "STN": "S CHERRY AVE", "STS": null, "Unit": null, "CommunityName": "FRESNO", "County": "FRESNO", "State": "CA", "PostCode": "93706", "SpatialOffsetMeters": null}}, {"type": "Feature", "geometry": {"type": "Point", "coordinates": [-119.7771465, 36.6963024]}, "properties": {"SSAP_NGUID": "urn:emergency:uid:gis:SSAP:9d81bebb-8669-4184-9ef1-9b3358538b74:fresnocountyca.gov", "DisclID": "fresnocountyca.gov", "CountyLocalID": null, "GERS_ID": "9d81bebb-8669-4184-9ef1-9b3358538b74", "ConflationStatus": "OVERTURE_ONLY", "Source": "OVERTURE_MAPS", "HNO": "2904", "PRD": null, "STN": "S ANGUS ST", "STS": null, "Unit": null, "CommunityName": "FRESNO", "County": "FRESNO", "State": "CA", "PostCode": "93725", "SpatialOffsetMeters": null}}, {"type": "Feature", "geometry": {"type": "Point", "coordinates": [-119.7690516, 36.696389]}, "properties": {"SSAP_NGUID": "urn:emergency:uid:gis:SSAP:9f3b39b9-9d72-4ba3-a7dc-da9893334705:fresnocountyca.gov", "DisclID": "fresnocountyca.gov", "CountyLocalID": null, "GERS_ID": "9f3b39b9-9d72-4ba3-a7dc-da9893334705", "ConflationStatus": "OVERTURE_ONLY", "Source": "OVERTURE_MAPS", "HNO": "2887", "PRD": null, "STN": "S EAST AVE", "STS": null, "Unit": null, "CommunityName": "FRESNO", "County": "FRESNO", "State": "CA", "PostCode": "93725", "SpatialOffsetMeters": null}}, {"type": "Feature", "geometry": {"type": "Point", "coordinates": [-119.7709524, 36.6956922]}, "properties": {"SSAP_NGUID": "urn:emergency:uid:gis:SSAP:ff284cbe-3a7c-4863-b112-090559a3fc41:fresnocountyca.gov", "DisclID": "fresnocountyca.gov", "CountyLocalID": null, "GERS_ID": "ff284cbe-3a7c-4863-b112-090559a3fc41", "ConflationStatus": "OVERTURE_ONLY", "Source": "OVERTURE_MAPS", "HNO": "1150", "PRD": null, "STN": "E NORTH AVE", "STS": null, "Unit": null, "CommunityName": "FRESNO", "County": "FRESNO", "State": "CA", "PostCode": "93725", "SpatialOffsetMeters": null}}, {"type": "Feature", "geometry": {"type": "Point", "coordinates": [-119.7651896, 36.6963986]}, "properties": {"SSAP_NGUID": "urn:emergency:uid:gis:SSAP:8417e096-7596-46da-b23b-d8e464ca8dd4:fresnocountyca.gov", "DisclID": "fresnocountyca.gov", "CountyLocalID": null, "GERS_ID": "8417e096-7596-46da-b23b-d8e464ca8dd4", "ConflationStatus": "OVERTURE_ONLY", "Source": "OVERTURE_MAPS", "HNO": "2898", "PRD": null, "STN": "S ORANGE AVE", "STS": null, "Unit": null, "CommunityName": "FRESNO", "County": "FRESNO", "State": "CA", "PostCode": "93725", "SpatialOffsetMeters": null}}, {"type": "Feature", "geometry": {"type": "Point", "coordinates": [-119.760121, 36.6999722]}, "properties": {"SSAP_NGUID": "urn:emergency:uid:gis:SSAP:8588c9a8-b2f1-4581-bb56-bbbfd7b0fd49:fresnocountyca.gov", "DisclID": "fresnocountyca.gov", "CountyLocalID": null, "GERS_ID": "8588c9a8-b2f1-4581-bb56-bbbfd7b0fd49", "ConflationStatus": "OVERTURE_ONLY", "Source": "OVERTURE_MAPS", "HNO": "2793", "PRD": null, "STN": "S GOLDEN STATE BLVD", "STS": null, "Unit": null, "CommunityName": "FRESNO", "County": "FRESNO", "State": "CA", "PostCode": "93725", "SpatialOffsetMeters": null}}, {"type": "Feature", "geometry": {"type": "Point", "coordinates": [-119.7684199, 36.6997776]}, "properties": {"SSAP_NGUID": "urn:emergency:uid:gis:SSAP:f125bebb-ae52-4848-8923-f73fe60df22b:fresnocountyca.gov", "DisclID": "fresnocountyca.gov", "CountyLocalID": null, "GERS_ID": "f125bebb-ae52-4848-8923-f73fe60df22b", "ConflationStatus": "OVERTURE_ONLY", "Source": "OVERTURE_MAPS", "HNO": "3316", "PRD": null, "STN": "E ANNADALE AVE", "STS": null, "Unit": null, "CommunityName": "FRESNO", "County": "FRESNO", "State": "CA", "PostCode": "93725", "SpatialOffsetMeters": null}}, {"type": "Feature", "geometry": {"type": "Point", "coordinates": [-119.776529, 36.6999121]}, "properties": {"SSAP_NGUID": "urn:emergency:uid:gis:SSAP:e1f6bcce-d950-4a0f-a65b-550464029f94:fresnocountyca.gov", "DisclID": "fresnocountyca.gov", "CountyLocalID": null, "GERS_ID": "e1f6bcce-d950-4a0f-a65b-550464029f94", "ConflationStatus": "OVERTURE_ONLY", "Source": "OVERTURE_MAPS", "HNO": "2917", "PRD": null, "STN": "E ANNADALE AVE", "STS": null, "Unit": null, "CommunityName": "FRESNO", "County": "FRESNO", "State": "CA", "PostCode": "93725", "SpatialOffsetMeters": null}}, {"type": "Feature", "geometry": {"type": "Point", "coordinates": [-119.772114, 36.7012288]}, "properties": {"SSAP_NGUID": "urn:emergency:uid:gis:SSAP:7bbd074d-38d4-4062-b11c-589d456f410d:fresnocountyca.gov", "DisclID": "fresnocountyca.gov", "CountyLocalID": null, "GERS_ID": "7bbd074d-38d4-4062-b11c-589d456f410d", "ConflationStatus": "OVERTURE_ONLY", "Source": "OVERTURE_MAPS", "HNO": "2737", "PRD": null, "STN": "S EAST AVE", "STS": null, "Unit": null, "CommunityName": "FRESNO", "County": "FRESNO", "State": "CA", "PostCode": "93725", "SpatialOffsetMeters": null}}, {"type": "Feature", "geometry": {"type": "Point", "coordinates": [-119.7665305, 36.7028911]}, "properties": {"SSAP_NGUID": "urn:emergency:uid:gis:SSAP:e4c8d400-c6ce-465b-8585-8df972db084f:fresnocountyca.gov", "DisclID": "fresnocountyca.gov", "CountyLocalID": null, "GERS_ID": "e4c8d400-c6ce-465b-8585-8df972db084f", "ConflationStatus": "OVERTURE_ONLY", "Source": "OVERTURE_MAPS", "HNO": "2717", "PRD": null, "STN": "S FOURTH ST", "STS": null, "Unit": null, "CommunityName": "FRESNO", "County": "FRESNO", "State": "CA", "PostCode": "93725", "SpatialOffsetMeters": null}}, {"type": "Feature", "geometry": {"type": "Point", "coordinates": [-119.7756121, 36.7036658]}, "properties": {"SSAP_NGUID": "urn:emergency:uid:gis:SSAP:da828822-9b1e-4410-9ef3-e0e2697c372e:fresnocountyca.gov", "DisclID": "fresnocountyca.gov", "CountyLocalID": null, "GERS_ID": "da828822-9b1e-4410-9ef3-e0e2697c372e", "ConflationStatus": "OVERTURE_ONLY", "Source": "OVERTURE_MAPS", "HNO": "2892", "PRD": null, "STN": "E DOROTHY AVE", "STS": null, "Unit": null, "CommunityName": "FRESNO", "County": "FRESNO", "State": "CA", "PostCode": "93706", "SpatialOffsetMeters": null}}, {"type": "Feature", "geometry": {"type": "Point", "coordinates": [-119.7746486, 36.7064418]}, "properties": {"SSAP_NGUID": "urn:emergency:uid:gis:SSAP:907c91d3-0c3a-4746-b014-8cf4f091b681:fresnocountyca.gov", "DisclID": "fresnocountyca.gov", "CountyLocalID": null, "GERS_ID": "907c91d3-0c3a-4746-b014-8cf4f091b681", "ConflationStatus": "OVERTURE_ONLY", "Source": "OVERTURE_MAPS", "HNO": "2627", "PRD": null, "STN": "S EAST AVE", "STS": null, "Unit": null, "CommunityName": "FRESNO", "County": "FRESNO", "State": "CA", "PostCode": "93706", "SpatialOffsetMeters": null}}, {"type": "Feature", "geometry": {"type": "Point", "coordinates": [-119.770395, 36.7063709]}, "properties": {"SSAP_NGUID": "urn:emergency:uid:gis:SSAP:f82a7cef-68a9-43ba-95e1-02f369a3848c:fresnocountyca.gov", "DisclID": "fresnocountyca.gov", "CountyLocalID": null, "GERS_ID": "f82a7cef-68a9-43ba-95e1-02f369a3848c", "ConflationStatus": "OVERTURE_ONLY", "Source": "OVERTURE_MAPS", "HNO": "3210", "PRD": null, "STN": "E JENSEN AVE", "STS": null, "Unit": null, "CommunityName": "FRESNO", "County": "FRESNO", "State": "CA", "PostCode": "93706", "SpatialOffsetMeters": null}}, {"type": "Feature", "geometry": {"type": "Point", "coordinates": [-119.7625897, 36.7057336]}, "properties": {"SSAP_NGUID": "urn:emergency:uid:gis:SSAP:a6349b92-ae21-4bf8-8873-a0ef87f6479e:fresnocountyca.gov", "DisclID": "fresnocountyca.gov", "CountyLocalID": null, "GERS_ID": "a6349b92-ae21-4bf8-8873-a0ef87f6479e", "ConflationStatus": "OVERTURE_ONLY", "Source": "OVERTURE_MAPS", "HNO": "4330", "PRD": null, "STN": "E JENSEN AVE", "STS": null, "Unit": null, "CommunityName": "FRESNO", "County": "FRESNO", "State": "CA", "PostCode": "93725", "SpatialOffsetMeters": null}}, {"type": "Feature", "geometry": {"type": "Point", "coordinates": [-119.7580947, 36.7053337]}, "properties": {"SSAP_NGUID": "urn:emergency:uid:gis:SSAP:bff0347b-a741-4ec6-bfa5-8e6d2a2a49bb:fresnocountyca.gov", "DisclID": "fresnocountyca.gov", "CountyLocalID": null, "GERS_ID": "bff0347b-a741-4ec6-bfa5-8e6d2a2a49bb", "ConflationStatus": "OVERTURE_ONLY", "Source": "OVERTURE_MAPS", "HNO": "2643", "PRD": null, "STN": "S NINTH ST", "STS": null, "Unit": null, "CommunityName": "FRESNO", "County": "FRESNO", "State": "CA", "PostCode": "93725", "SpatialOffsetMeters": null}}, {"type": "Feature", "geometry": {"type": "Point", "coordinates": [-119.7598024, 36.7063918]}, "properties": {"SSAP_NGUID": "urn:emergency:uid:gis:SSAP:72982b3b-cd92-4fc7-b8f4-43984e362235:fresnocountyca.gov", "DisclID": "fresnocountyca.gov", "CountyLocalID": null, "GERS_ID": "72982b3b-cd92-4fc7-b8f4-43984e362235", "ConflationStatus": "OVERTURE_ONLY", "Source": "OVERTURE_MAPS", "HNO": "3886", "PRD": null, "STN": "S PULLMAN AVE", "STS": null, "Unit": null, "CommunityName": "FRESNO", "County": "FRESNO", "State": "CA", "PostCode": "93725", "SpatialOffsetMeters": null}}, {"type": "Feature", "geometry": {"type": "Point", "coordinates": [-119.7549717, 36.7056151]}, "properties": {"SSAP_NGUID": "urn:emergency:uid:gis:SSAP:a4c93719-74e3-4870-b973-e90281265239:fresnocountyca.gov", "DisclID": "fresnocountyca.gov", "CountyLocalID": null, "GERS_ID": "a4c93719-74e3-4870-b973-e90281265239", "ConflationStatus": "OVERTURE_ONLY", "Source": "OVERTURE_MAPS", "HNO": "2636", "PRD": null, "STN": "S CEDAR AVE", "STS": null, "Unit": null, "CommunityName": "FRESNO", "County": "FRESNO", "State": "CA", "PostCode": "93725", "SpatialOffsetMeters": null}}, {"type": "Feature", "geometry": {"type": "Point", "coordinates": [-119.7570406, 36.7057265]}, "properties": {"SSAP_NGUID": "urn:emergency:uid:gis:SSAP:be0a17f8-3837-4cb9-9955-d67b4b913d29:fresnocountyca.gov", "DisclID": "fresnocountyca.gov", "CountyLocalID": null, "GERS_ID": "be0a17f8-3837-4cb9-9955-d67b4b913d29", "ConflationStatus": "OVERTURE_ONLY", "Source": "OVERTURE_MAPS", "HNO": "2633", "PRD": null, "STN": "S TENTH ST", "STS": null, "Unit": null, "CommunityName": "FRESNO", "County": "FRESNO", "State": "CA", "PostCode": "93725", "SpatialOffsetMeters": null}}, {"type": "Feature", "geometry": {"type": "Point", "coordinates": [-119.7569694, 36.7053693]}, "properties": {"SSAP_NGUID": "urn:emergency:uid:gis:SSAP:bfb322c5-4718-4fc7-a909-f58e261b5758:fresnocountyca.gov", "DisclID": "fresnocountyca.gov", "CountyLocalID": null, "GERS_ID": "bfb322c5-4718-4fc7-a909-f58e261b5758", "ConflationStatus": "OVERTURE_ONLY", "Source": "OVERTURE_MAPS", "HNO": "2647", "PRD": null, "STN": "S TENTH ST", "STS": null, "Unit": null, "CommunityName": "FRESNO", "County": "FRESNO", "State": "CA", "PostCode": "93725", "SpatialOffsetMeters": null}}, {"type": "Feature", "geometry": {"type": "Point", "coordinates": [-119.7562576, 36.705323]}, "properties": {"SSAP_NGUID": "urn:emergency:uid:gis:SSAP:bfe3eda5-32f5-4098-9b55-adb30c90ac2e:fresnocountyca.gov", "DisclID": "fresnocountyca.gov", "CountyLocalID": null, "GERS_ID": "bfe3eda5-32f5-4098-9b55-adb30c90ac2e", "ConflationStatus": "OVERTURE_ONLY", "Source": "OVERTURE_MAPS", "HNO": "2644", "PRD": null, "STN": "S ELEVENTH ST", "STS": null, "Unit": null, "CommunityName": "FRESNO", "County": "FRESNO", "State": "CA", "PostCode": "93725", "SpatialOffsetMeters": null}}, {"type": "Feature", "geometry": {"type": "Point", "coordinates": [-119.756195, 36.7044268]}, "properties": {"SSAP_NGUID": "urn:emergency:uid:gis:SSAP:3e4504e2-ddb7-4a5d-9616-9b3811402778:fresnocountyca.gov", "DisclID": "fresnocountyca.gov", "CountyLocalID": null, "GERS_ID": "3e4504e2-ddb7-4a5d-9616-9b3811402778", "ConflationStatus": "OVERTURE_ONLY", "Source": "OVERTURE_MAPS", "HNO": "2668", "PRD": null, "STN": "S ELEVENTH ST", "STS": null, "Unit": null, "CommunityName": "FRESNO", "County": "FRESNO", "State": "CA", "PostCode": "93725", "SpatialOffsetMeters": null}}, {"type": "Feature", "geometry": {"type": "Point", "coordinates": [-119.7575433, 36.7047513]}, "properties": {"SSAP_NGUID": "urn:emergency:uid:gis:SSAP:b2e012ab-8c56-45ec-883e-e5cf39f26f17:fresnocountyca.gov", "DisclID": "fresnocountyca.gov", "CountyLocalID": null, "GERS_ID": "b2e012ab-8c56-45ec-883e-e5cf39f26f17", "ConflationStatus": "OVERTURE_ONLY", "Source": "OVERTURE_MAPS", "HNO": "3986", "PRD": null, "STN": "E CALWA AVE", "STS": null, "Unit": null, "CommunityName": "FRESNO", "County": "FRESNO", "State": "CA", "PostCode": "93725", "SpatialOffsetMeters": null}}, {"type": "Feature", "geometry": {"type": "Point", "coordinates": [-119.7575033, 36.7050297]}, "properties": {"SSAP_NGUID": "urn:emergency:uid:gis:SSAP:ff15f8b1-e8e6-4ca4-b75c-1d04abac3cfe:fresnocountyca.gov", "DisclID": "fresnocountyca.gov", "CountyLocalID": null, "GERS_ID": "ff15f8b1-e8e6-4ca4-b75c-1d04abac3cfe", "ConflationStatus": "OVERTURE_ONLY", "Source": "OVERTURE_MAPS", "HNO": "2652", "PRD": null, "STN": "S TENTH ST", "STS": null, "Unit": null, "CommunityName": "FRESNO", "County": "FRESNO", "State": "CA", "PostCode": "93725", "SpatialOffsetMeters": null}}, {"type": "Feature", "geometry": {"type": "Point", "coordinates": [-119.7583252, 36.7043843]}, "properties": {"SSAP_NGUID": "urn:emergency:uid:gis:SSAP:17e9dd5e-5304-4397-b5a1-d853ffc67e09:fresnocountyca.gov", "DisclID": "fresnocountyca.gov", "CountyLocalID": null, "GERS_ID": "17e9dd5e-5304-4397-b5a1-d853ffc67e09", "ConflationStatus": "OVERTURE_ONLY", "Source": "OVERTURE_MAPS", "HNO": "2671", "PRD": null, "STN": "S NINTH ST", "STS": null, "Unit": null, "CommunityName": "FRESNO", "County": "FRESNO", "State": "CA", "PostCode": "93725", "SpatialOffsetMeters": null}}, {"type": "Feature", "geometry": {"type": "Point", "coordinates": [-119.7582949, 36.7038164]}, "properties": {"SSAP_NGUID": "urn:emergency:uid:gis:SSAP:d31baabc-4507-4473-a8c5-3cb58b49f094:fresnocountyca.gov", "DisclID": "fresnocountyca.gov", "CountyLocalID": null, "GERS_ID": "d31baabc-4507-4473-a8c5-3cb58b49f094", "ConflationStatus": "OVERTURE_ONLY", "Source": "OVERTURE_MAPS", "HNO": "2687", "PRD": null, "STN": "S NINTH ST", "STS": null, "Unit": null, "CommunityName": "FRESNO", "County": "FRESNO", "State": "CA", "PostCode": "93725", "SpatialOffsetMeters": null}}, {"type": "Feature", "geometry": {"type": "Point", "coordinates": [-119.7575001, 36.7041824]}, "properties": {"SSAP_NGUID": "urn:emergency:uid:gis:SSAP:2c3172fd-31be-4413-a6e7-e16140d56225:fresnocountyca.gov", "DisclID": "fresnocountyca.gov", "CountyLocalID": null, "GERS_ID": "2c3172fd-31be-4413-a6e7-e16140d56225", "ConflationStatus": "OVERTURE_ONLY", "Source": "OVERTURE_MAPS", "HNO": "2676", "PRD": null, "STN": "S TENTH ST", "STS": null, "Unit": null, "CommunityName": "FRESNO", "County": "FRESNO", "State": "CA", "PostCode": "93725", "SpatialOffsetMeters": null}}, {"type": "Feature", "geometry": {"type": "Point", "coordinates": [-119.7552229, 36.704338]}, "properties": {"SSAP_NGUID": "urn:emergency:uid:gis:SSAP:8bd0f009-b546-4c0c-b275-a86695750f3f:fresnocountyca.gov", "DisclID": "fresnocountyca.gov", "CountyLocalID": null, "GERS_ID": "8bd0f009-b546-4c0c-b275-a86695750f3f", "ConflationStatus": "OVERTURE_ONLY", "Source": "OVERTURE_MAPS", "HNO": "2672", "PRD": null, "STN": "S CEDAR AVE", "STS": null, "Unit": null, "CommunityName": "FRESNO", "County": "FRESNO", "State": "CA", "PostCode": "93725", "SpatialOffsetMeters": null}}, {"type": "Feature", "geometry": {"type": "Point", "coordinates": [-119.7562783, 36.7037295]}, "properties": {"SSAP_NGUID": "urn:emergency:uid:gis:SSAP:2ed60a78-c3e7-4ae4-9dca-c1b17d3839c2:fresnocountyca.gov", "DisclID": "fresnocountyca.gov", "CountyLocalID": null, "GERS_ID": "2ed60a78-c3e7-4ae4-9dca-c1b17d3839c2", "ConflationStatus": "OVERTURE_ONLY", "Source": "OVERTURE_MAPS", "HNO": "2688", "PRD": null, "STN": "S ELEVENTH ST", "STS": null, "Unit": null, "CommunityName": "FRESNO", "County": "FRESNO", "State": "CA", "PostCode": "93725", "SpatialOffsetMeters": null}}, {"type": "Feature", "geometry": {"type": "Point", "coordinates": [-119.7562941, 36.7035957]}, "properties": {"SSAP_NGUID": "urn:emergency:uid:gis:SSAP:fc2b0a9d-cc85-4c8c-98b5-4925c1b2186d:fresnocountyca.gov", "DisclID": "fresnocountyca.gov", "CountyLocalID": null, "GERS_ID": "fc2b0a9d-cc85-4c8c-98b5-4925c1b2186d", "ConflationStatus": "OVERTURE_ONLY", "Source": "OVERTURE_MAPS", "HNO": "2690", "PRD": null, "STN": "S ELEVENTH ST", "STS": null, "Unit": null, "CommunityName": "FRESNO", "County": "FRESNO", "State": "CA", "PostCode": "93725", "SpatialOffsetMeters": null}}, {"type": "Feature", "geometry": {"type": "Point", "coordinates": [-119.7561084, 36.7031089]}, "properties": {"SSAP_NGUID": "urn:emergency:uid:gis:SSAP:3d28d32d-6782-4ecd-aecd-21372334a445:fresnocountyca.gov", "DisclID": "fresnocountyca.gov", "CountyLocalID": null, "GERS_ID": "3d28d32d-6782-4ecd-aecd-21372334a445", "ConflationStatus": "OVERTURE_ONLY", "Source": "OVERTURE_MAPS", "HNO": "4040", "PRD": null, "STN": "E VINE AVE", "STS": null, "Unit": null, "CommunityName": "FRESNO", "County": "FRESNO", "State": "CA", "PostCode": "93725", "SpatialOffsetMeters": null}}, {"type": "Feature", "geometry": {"type": "Point", "coordinates": [-119.7559167, 36.7025737]}, "properties": {"SSAP_NGUID": "urn:emergency:uid:gis:SSAP:f6dbb60e-ae56-4160-9b7a-83c0c36534ea:fresnocountyca.gov", "DisclID": "fresnocountyca.gov", "CountyLocalID": null, "GERS_ID": "f6dbb60e-ae56-4160-9b7a-83c0c36534ea", "ConflationStatus": "OVERTURE_ONLY", "Source": "OVERTURE_MAPS", "HNO": "4106", "PRD": null, "STN": "E MASON AVE", "STS": null, "Unit": null, "CommunityName": "FRESNO", "County": "FRESNO", "State": "CA", "PostCode": "93725", "SpatialOffsetMeters": null}}, {"type": "Feature", "geometry": {"type": "Point", "coordinates": [-119.7566236, 36.7025723]}, "properties": {"SSAP_NGUID": "urn:emergency:uid:gis:SSAP:633f3c78-6667-46df-92a4-c6c323f18d22:fresnocountyca.gov", "DisclID": "fresnocountyca.gov", "CountyLocalID": null, "GERS_ID": "633f3c78-6667-46df-92a4-c6c323f18d22", "ConflationStatus": "OVERTURE_ONLY", "Source": "OVERTURE_MAPS", "HNO": "4014", "PRD": null, "STN": "E MASON AVE", "STS": null, "Unit": null, "CommunityName": "FRESNO", "County": "FRESNO", "State": "CA", "PostCode": "93725", "SpatialOffsetMeters": null}}, {"type": "Feature", "geometry": {"type": "Point", "coordinates": [-119.7607127, 36.7015716]}, "properties": {"SSAP_NGUID": "urn:emergency:uid:gis:SSAP:780cac23-6947-4e91-b7e0-5db65935efa9:fresnocountyca.gov", "DisclID": "fresnocountyca.gov", "CountyLocalID": null, "GERS_ID": "780cac23-6947-4e91-b7e0-5db65935efa9", "ConflationStatus": "OVERTURE_ONLY", "Source": "OVERTURE_MAPS", "HNO": "2746", "PRD": null, "STN": "S RAILROAD AVE", "STS": null, "Unit": null, "CommunityName": "FRESNO", "County": "FRESNO", "State": "CA", "PostCode": "93725", "SpatialOffsetMeters": null}}, {"type": "Feature", "geometry": {"type": "Point", "coordinates": [-119.7615853, 36.700785]}, "properties": {"SSAP_NGUID": "urn:emergency:uid:gis:SSAP:79ac85c0-b75b-413f-805a-c2bae2a18b29:fresnocountyca.gov", "DisclID": "fresnocountyca.gov", "CountyLocalID": null, "GERS_ID": "79ac85c0-b75b-413f-805a-c2bae2a18b29", "ConflationStatus": "OVERTURE_ONLY", "Source": "OVERTURE_MAPS", "HNO": "2737", "PRD": null, "STN": "S GOLDEN STATE BLVD", "STS": null, "Unit": null, "CommunityName": "FRESNO", "County": "FRESNO", "State": "CA", "PostCode": "93725", "SpatialOffsetMeters": null}}, {"type": "Feature", "geometry": {"type": "Point", "coordinates": [-119.7549156, 36.7030976]}, "properties": {"SSAP_NGUID": "urn:emergency:uid:gis:SSAP:7d16f398-a8c5-48e4-9000-91feb2f26143:fresnocountyca.gov", "DisclID": "fresnocountyca.gov", "CountyLocalID": null, "GERS_ID": "7d16f398-a8c5-48e4-9000-91feb2f26143", "ConflationStatus": "OVERTURE_ONLY", "Source": "OVERTURE_MAPS", "HNO": "4142", "PRD": null, "STN": "E VINE AVE", "STS": null, "Unit": null, "CommunityName": "FRESNO", "County": "FRESNO", "State": "CA", "PostCode": "93725", "SpatialOffsetMeters": null}}, {"type": "Feature", "geometry": {"type": "Point", "coordinates": [-119.7480267, 36.7051018]}, "properties": {"SSAP_NGUID": "urn:emergency:uid:gis:SSAP:d5a6bcd6-76a6-4be7-97e8-46d1bb9c2734:fresnocountyca.gov", "DisclID": "fresnocountyca.gov", "CountyLocalID": null, "GERS_ID": "d5a6bcd6-76a6-4be7-97e8-46d1bb9c2734", "ConflationStatus": "OVERTURE_ONLY", "Source": "OVERTURE_MAPS", "HNO": "2676", "PRD": null, "STN": "S MAPLE AVE", "STS": null, "Unit": null, "CommunityName": "FRESNO", "County": "FRESNO", "State": "CA", "PostCode": "93725", "SpatialOffsetMeters": null}}, {"type": "Feature", "geometry": {"type": "Point", "coordinates": [-119.7430002, 36.7041017]}, "properties": {"SSAP_NGUID": "urn:emergency:uid:gis:SSAP:a39f701b-bc4e-4823-a826-016e41867096:fresnocountyca.gov", "DisclID": "fresnocountyca.gov", "CountyLocalID": null, "GERS_ID": "a39f701b-bc4e-4823-a826-016e41867096", "ConflationStatus": "OVERTURE_ONLY", "Source": "OVERTURE_MAPS", "HNO": "4706", "PRD": null, "STN": "E VINE AVE", "STS": null, "Unit": null, "CommunityName": "FRESNO", "County": "FRESNO", "State": "CA", "PostCode": "93725", "SpatialOffsetMeters": null}}, {"type": "Feature", "geometry": {"type": "Point", "coordinates": [-119.7416407, 36.7063805]}, "properties": {"SSAP_NGUID": "urn:emergency:uid:gis:SSAP:8b3811a6-e087-4df7-80b1-0f8b1480cc14:fresnocountyca.gov", "DisclID": "fresnocountyca.gov", "CountyLocalID": null, "GERS_ID": "8b3811a6-e087-4df7-80b1-0f8b1480cc14", "ConflationStatus": "OVERTURE_ONLY", "Source": "OVERTURE_MAPS", "HNO": "4690", "PRD": null, "STN": "E JENSEN AVE", "STS": null, "Unit": null, "CommunityName": "FRESNO", "County": "FRESNO", "State": "CA", "PostCode": "93725", "SpatialOffsetMeters": null}}, {"type": "Feature", "geometry": {"type": "Point", "coordinates": [-119.7356999, 36.7065021]}, "properties": {"SSAP_NGUID": "urn:emergency:uid:gis:SSAP:d05392f2-aec5-48e5-8b82-933a1c0679e1:fresnocountyca.gov", "DisclID": "fresnocountyca.gov", "CountyLocalID": null, "GERS_ID": "d05392f2-aec5-48e5-8b82-933a1c0679e1", "ConflationStatus": "OVERTURE_ONLY", "Source": "OVERTURE_MAPS", "HNO": "2615", "PRD": null, "STN": "S CHESTNUT AVE", "STS": null, "Unit": null, "CommunityName": "FRESNO", "County": "FRESNO", "State": "CA", "PostCode": "93725", "SpatialOffsetMeters": null}}, {"type": "Feature", "geometry": {"type": "Point", "coordinates": [-119.735904, 36.7043603]}, "properties": {"SSAP_NGUID": "urn:emergency:uid:gis:SSAP:ea36d19b-e856-4417-8270-e44afab81872:fresnocountyca.gov", "DisclID": "fresnocountyca.gov", "CountyLocalID": null, "GERS_ID": "ea36d19b-e856-4417-8270-e44afab81872", "ConflationStatus": "OVERTURE_ONLY", "Source": "OVERTURE_MAPS", "HNO": "2677", "PRD": null, "STN": "S CHESTNUT AVE", "STS": null, "Unit": null, "CommunityName": "FRESNO", "County": "FRESNO", "State": "CA", "PostCode": "93725", "SpatialOffsetMeters": null}}, {"type": "Feature", "geometry": {"type": "Point", "coordinates": [-119.7430297, 36.7019987]}, "properties": {"SSAP_NGUID": "urn:emergency:uid:gis:SSAP:3060e412-0c44-4474-bf65-737004e4c9b6:fresnocountyca.gov", "DisclID": "fresnocountyca.gov", "CountyLocalID": null, "GERS_ID": "3060e412-0c44-4474-bf65-737004e4c9b6", "ConflationStatus": "OVERTURE_ONLY", "Source": "OVERTURE_MAPS", "HNO": "4655", "PRD": null, "STN": "E DATE AVE", "STS": null, "Unit": null, "CommunityName": "FRESNO", "County": "FRESNO", "State": "CA", "PostCode": "93725", "SpatialOffsetMeters": null}}, {"type": "Feature", "geometry": {"type": "Point", "coordinates": [-119.7379388, 36.6986659]}, "properties": {"SSAP_NGUID": "urn:emergency:uid:gis:SSAP:832247e5-4183-4362-b67c-07933d8a80ee:fresnocountyca.gov", "DisclID": "fresnocountyca.gov", "CountyLocalID": null, "GERS_ID": "832247e5-4183-4362-b67c-07933d8a80ee", "ConflationStatus": "OVERTURE_ONLY", "Source": "OVERTURE_MAPS", "HNO": "4770", "PRD": null, "STN": "E COMMERCE AVE", "STS": null, "Unit": null, "CommunityName": "FRESNO", "County": "FRESNO", "State": "CA", "PostCode": "93725", "SpatialOffsetMeters": null}}, {"type": "Feature", "geometry": {"type": "Point", "coordinates": [-119.7424273, 36.6980497]}, "properties": {"SSAP_NGUID": "urn:emergency:uid:gis:SSAP:ce4c5594-cb20-4265-ab25-6f9a22fc2095:fresnocountyca.gov", "DisclID": "fresnocountyca.gov", "CountyLocalID": null, "GERS_ID": "ce4c5594-cb20-4265-ab25-6f9a22fc2095", "ConflationStatus": "OVERTURE_ONLY", "Source": "OVERTURE_MAPS", "HNO": "4668", "PRD": null, "STN": "E COMMERCE AVE", "STS": null, "Unit": null, "CommunityName": "FRESNO", "County": "FRESNO", "State": "CA", "PostCode": "93725", "SpatialOffsetMeters": null}}, {"type": "Feature", "geometry": {"type": "Point", "coordinates": [-119.748672, 36.6990197]}, "properties": {"SSAP_NGUID": "urn:emergency:uid:gis:SSAP:66aaf03f-e8a5-49d6-851e-3d9f1bda8cb2:fresnocountyca.gov", "DisclID": "fresnocountyca.gov", "CountyLocalID": null, "GERS_ID": "66aaf03f-e8a5-49d6-851e-3d9f1bda8cb2", "ConflationStatus": "OVERTURE_ONLY", "Source": "OVERTURE_MAPS", "HNO": "4525", "PRD": null, "STN": "E COMMERCE AVE", "STS": null, "Unit": null, "CommunityName": "FRESNO", "County": "FRESNO", "State": "CA", "PostCode": "93725", "SpatialOffsetMeters": null}}, {"type": "Feature", "geometry": {"type": "Point", "coordinates": [-119.7492677, 36.6950644]}, "properties": {"SSAP_NGUID": "urn:emergency:uid:gis:SSAP:c612c922-a0fa-4708-8ac7-e71cc1b68055:fresnocountyca.gov", "DisclID": "fresnocountyca.gov", "CountyLocalID": null, "GERS_ID": "c612c922-a0fa-4708-8ac7-e71cc1b68055", "ConflationStatus": "OVERTURE_ONLY", "Source": "OVERTURE_MAPS", "HNO": "2908", "PRD": null, "STN": "S MAPLE AVE", "STS": null, "Unit": null, "CommunityName": "FRESNO", "County": "FRESNO", "State": "CA", "PostCode": "93725", "SpatialOffsetMeters": null}}, {"type": "Feature", "geometry": {"type": "Point", "coordinates": [-119.7354206, 36.6955589]}, "properties": {"SSAP_NGUID": "urn:emergency:uid:gis:SSAP:b365e74f-bf58-4edd-823c-3e247ffd7ed6:fresnocountyca.gov", "DisclID": "fresnocountyca.gov", "CountyLocalID": null, "GERS_ID": "b365e74f-bf58-4edd-823c-3e247ffd7ed6", "ConflationStatus": "OVERTURE_ONLY", "Source": "OVERTURE_MAPS", "HNO": "2915", "PRD": null, "STN": "S CHESTNUT AVE", "STS": null, "Unit": null, "CommunityName": "FRESNO", "County": "FRESNO", "State": "CA", "PostCode": "93725", "SpatialOffsetMeters": null}}, {"type": "Feature", "geometry": {"type": "Point", "coordinates": [-119.7359722, 36.6938442]}, "properties": {"SSAP_NGUID": "urn:emergency:uid:gis:SSAP:8cc54e7c-27cc-4dfa-b0ca-3d8e6e15456f:fresnocountyca.gov", "DisclID": "fresnocountyca.gov", "CountyLocalID": null, "GERS_ID": "8cc54e7c-27cc-4dfa-b0ca-3d8e6e15456f", "ConflationStatus": "OVERTURE_ONLY", "Source": "OVERTURE_MAPS", "HNO": "2967", "PRD": null, "STN": "S CHESTNUT AVE", "STS": null, "Unit": null, "CommunityName": "FRESNO", "County": "FRESNO", "State": "CA", "PostCode": "93725", "SpatialOffsetMeters": null}}, {"type": "Feature", "geometry": {"type": "Point", "coordinates": [-119.732842, 36.6914916]}, "properties": {"SSAP_NGUID": "urn:emergency:uid:gis:SSAP:933b7d89-46cb-46c1-a771-ec2c606bd62e:fresnocountyca.gov", "DisclID": "fresnocountyca.gov", "CountyLocalID": null, "GERS_ID": "933b7d89-46cb-46c1-a771-ec2c606bd62e", "ConflationStatus": "OVERTURE_ONLY", "Source": "OVERTURE_MAPS", "HNO": "3197", "PRD": null, "STN": "E NORTH AVE", "STS": null, "Unit": null, "CommunityName": "FRESNO", "County": "FRESNO", "State": "CA", "PostCode": "93725", "SpatialOffsetMeters": null}}, {"type": "Feature", "geometry": {"type": "Point", "coordinates": [-119.7377148, 36.6900481]}, "properties": {"SSAP_NGUID": "urn:emergency:uid:gis:SSAP:755bd5c1-4023-46ff-ad53-736deea3d5e6:fresnocountyca.gov", "DisclID": "fresnocountyca.gov", "CountyLocalID": null, "GERS_ID": "755bd5c1-4023-46ff-ad53-736deea3d5e6", "ConflationStatus": "OVERTURE_ONLY", "Source": "OVERTURE_MAPS", "HNO": "3111", "PRD": null, "STN": "S CHESTNUT AVE", "STS": null, "Unit": null, "CommunityName": "FRESNO", "County": "FRESNO", "State": "CA", "PostCode": "93725", "SpatialOffsetMeters": null}}, {"type": "Feature", "geometry": {"type": "Point", "coordinates": [-119.7489549, 36.6903531]}, "properties": {"SSAP_NGUID": "urn:emergency:uid:gis:SSAP:d1058ce7-c48a-4b93-a0f0-2364c93c8350:fresnocountyca.gov", "DisclID": "fresnocountyca.gov", "CountyLocalID": null, "GERS_ID": "d1058ce7-c48a-4b93-a0f0-2364c93c8350", "ConflationStatus": "OVERTURE_ONLY", "Source": "OVERTURE_MAPS", "HNO": "3143", "PRD": null, "STN": "S GOLDEN STATE BLVD", "STS": null, "Unit": null, "CommunityName": "FRESNO", "County": "FRESNO", "State": "CA", "PostCode": "93725", "SpatialOffsetMeters": null}}, {"type": "Feature", "geometry": {"type": "Point", "coordinates": [-119.7534978, 36.6909783]}, "properties": {"SSAP_NGUID": "urn:emergency:uid:gis:SSAP:fad01bec-b2bc-455b-a57a-48fa708c6fdc:fresnocountyca.gov", "DisclID": "fresnocountyca.gov", "CountyLocalID": null, "GERS_ID": "fad01bec-b2bc-455b-a57a-48fa708c6fdc", "ConflationStatus": "OVERTURE_ONLY", "Source": "OVERTURE_MAPS", "HNO": "3013", "PRD": null, "STN": "S GOLDEN STATE BLVD", "STS": null, "Unit": null, "CommunityName": "FRESNO", "County": "FRESNO", "State": "CA", "PostCode": "93725", "SpatialOffsetMeters": null}}, {"type": "Feature", "geometry": {"type": "Point", "coordinates": [-119.7471655, 36.694288]}, "properties": {"SSAP_NGUID": "urn:emergency:uid:gis:SSAP:478cbafc-9f71-423e-b5cd-836bf803971b:fresnocountyca.gov", "DisclID": "fresnocountyca.gov", "CountyLocalID": null, "GERS_ID": "478cbafc-9f71-423e-b5cd-836bf803971b", "ConflationStatus": "OVERTURE_ONLY", "Source": "OVERTURE_MAPS", "HNO": "2904", "PRD": null, "STN": "S MAPLE AVE", "STS": null, "Unit": null, "CommunityName": "FRESNO", "County": "FRESNO", "State": "CA", "PostCode": "93725", "SpatialOffsetMeters": null}}, {"type": "Feature", "geometry": {"type": "Point", "coordinates": [-119.7656186, 36.6932759]}, "properties": {"SSAP_NGUID": "urn:emergency:uid:gis:SSAP:dc168e0f-8723-43d5-b1c6-065e577e4570:fresnocountyca.gov", "DisclID": "fresnocountyca.gov", "CountyLocalID": null, "GERS_ID": "dc168e0f-8723-43d5-b1c6-065e577e4570", "ConflationStatus": "OVERTURE_ONLY", "Source": "OVERTURE_MAPS", "HNO": "1314", "PRD": null, "STN": "E NORTH AVE", "STS": null, "Unit": null, "CommunityName": "FRESNO", "County": "FRESNO", "State": "CA", "PostCode": "93725", "SpatialOffsetMeters": null}}, {"type": "Feature", "geometry": {"type": "Point", "coordinates": [-119.7631548, 36.6945741]}, "properties": {"SSAP_NGUID": "urn:emergency:uid:gis:SSAP:20eed8bb-3ea3-4494-ab38-9bc083d38b3c:fresnocountyca.gov", "DisclID": "fresnocountyca.gov", "CountyLocalID": null, "GERS_ID": "20eed8bb-3ea3-4494-ab38-9bc083d38b3c", "ConflationStatus": "OVERTURE_ONLY", "Source": "OVERTURE_MAPS", "HNO": "2935", "PRD": null, "STN": "S ORANGE AVE", "STS": null, "Unit": null, "CommunityName": "FRESNO", "County": "FRESNO", "State": "CA", "PostCode": "93725", "SpatialOffsetMeters": null}}, {"type": "Feature", "geometry": {"type": "Point", "coordinates": [-119.7771468, 36.6940458]}, "properties": {"SSAP_NGUID": "urn:emergency:uid:gis:SSAP:08eb0d7f-240c-411c-817b-0241df7e8bef:fresnocountyca.gov", "DisclID": "fresnocountyca.gov", "CountyLocalID": null, "GERS_ID": "08eb0d7f-240c-411c-817b-0241df7e8bef", "ConflationStatus": "OVERTURE_ONLY", "Source": "OVERTURE_MAPS", "HNO": "2904", "PRD": null, "STN": "S ANGUS ST", "STS": null, "Unit": null, "CommunityName": "FRESNO", "County": "FRESNO", "State": "CA", "PostCode": "93725", "SpatialOffsetMeters": null}}, {"type": "Feature", "geometry": {"type": "Point", "coordinates": [-119.7755872, 36.692722]}, "properties": {"SSAP_NGUID": "urn:emergency:uid:gis:SSAP:e0ab8d44-ae33-4ac8-a9ec-86aacdb591d5:fresnocountyca.gov", "DisclID": "fresnocountyca.gov", "CountyLocalID": null, "GERS_ID": "e0ab8d44-ae33-4ac8-a9ec-86aacdb591d5", "ConflationStatus": "OVERTURE_ONLY", "Source": "OVERTURE_MAPS", "HNO": "2965", "PRD": null, "STN": "S ANGUS ST", "STS": null, "Unit": null, "CommunityName": "FRESNO", "County": "FRESNO", "State": "CA", "PostCode": "93725", "SpatialOffsetMeters": null}}, {"type": "Feature", "geometry": {"type": "Point", "coordinates": [-119.7689082, 36.691934]}, "properties": {"SSAP_NGUID": "urn:emergency:uid:gis:SSAP:322c9da5-6111-494f-a15c-baa352a3350f:fresnocountyca.gov", "DisclID": "fresnocountyca.gov", "CountyLocalID": null, "GERS_ID": "322c9da5-6111-494f-a15c-baa352a3350f", "ConflationStatus": "OVERTURE_ONLY", "Source": "OVERTURE_MAPS", "HNO": "1155", "PRD": null, "STN": "E NORTH AVE", "STS": null, "Unit": null, "CommunityName": "FRESNO", "County": "FRESNO", "State": "CA", "PostCode": "93725", "SpatialOffsetMeters": null}}, {"type": "Feature", "geometry": {"type": "Point", "coordinates": [-119.769411, 36.6915322]}, "properties": {"SSAP_NGUID": "urn:emergency:uid:gis:SSAP:a242f9d1-cf78-47b3-a9d0-54ec1692eff4:fresnocountyca.gov", "DisclID": "fresnocountyca.gov", "CountyLocalID": null, "GERS_ID": "a242f9d1-cf78-47b3-a9d0-54ec1692eff4", "ConflationStatus": "OVERTURE_ONLY", "Source": "OVERTURE_MAPS", "HNO": "1155", "PRD": null, "STN": "E NORTH AVE", "STS": null, "Unit": null, "CommunityName": "FRESNO", "County": "FRESNO", "State": "CA", "PostCode": "93725", "SpatialOffsetMeters": null}}, {"type": "Feature", "geometry": {"type": "Point", "coordinates": [-119.7701945, 36.6892002]}, "properties": {"SSAP_NGUID": "urn:emergency:uid:gis:SSAP:86c19168-5b1c-4e36-9d98-4a56c2314b99:fresnocountyca.gov", "DisclID": "fresnocountyca.gov", "CountyLocalID": null, "GERS_ID": "86c19168-5b1c-4e36-9d98-4a56c2314b99", "ConflationStatus": "OVERTURE_ONLY", "Source": "OVERTURE_MAPS", "HNO": "3134", "PRD": null, "STN": "S EAST AVE", "STS": null, "Unit": null, "CommunityName": "FRESNO", "County": "FRESNO", "State": "CA", "PostCode": "93725", "SpatialOffsetMeters": null}}, {"type": "Feature", "geometry": {"type": "Point", "coordinates": [-119.7689382, 36.6902415]}, "properties": {"SSAP_NGUID": "urn:emergency:uid:gis:SSAP:3275b41a-74cf-4e4c-a560-547f4fa1aa0b:fresnocountyca.gov", "DisclID": "fresnocountyca.gov", "CountyLocalID": null, "GERS_ID": "3275b41a-74cf-4e4c-a560-547f4fa1aa0b", "ConflationStatus": "OVERTURE_ONLY", "Source": "OVERTURE_MAPS", "HNO": "3131", "PRD": null, "STN": "S NORTHPOINTE DR", "STS": null, "Unit": null, "CommunityName": "FRESNO", "County": "FRESNO", "State": "CA", "PostCode": "93725", "SpatialOffsetMeters": null}}, {"type": "Feature", "geometry": {"type": "Point", "coordinates": [-119.7590592, 36.6915218]}, "properties": {"SSAP_NGUID": "urn:emergency:uid:gis:SSAP:97a83a25-45b5-46f3-bc32-e27f557159c9:fresnocountyca.gov", "DisclID": "fresnocountyca.gov", "CountyLocalID": null, "GERS_ID": "97a83a25-45b5-46f3-bc32-e27f557159c9", "ConflationStatus": "OVERTURE_ONLY", "Source": "OVERTURE_MAPS", "HNO": "3040", "PRD": null, "STN": "S PARKWAY DR", "STS": null, "Unit": null, "CommunityName": "FRESNO", "County": "FRESNO", "State": "CA", "PostCode": "93725", "SpatialOffsetMeters": null}}, {"type": "Feature", "geometry": {"type": "Point", "coordinates": [-119.7557831, 36.68628]}, "properties": {"SSAP_NGUID": "urn:emergency:uid:gis:SSAP:1d98bb11-8b6c-47bf-b39f-b0e2deaa5b4c:fresnocountyca.gov", "DisclID": "fresnocountyca.gov", "CountyLocalID": null, "GERS_ID": "1d98bb11-8b6c-47bf-b39f-b0e2deaa5b4c", "ConflationStatus": "OVERTURE_ONLY", "Source": "OVERTURE_MAPS", "HNO": "3357", "PRD": null, "STN": "S CEDAR AVE", "STS": null, "Unit": null, "CommunityName": "FRESNO", "County": "FRESNO", "State": "CA", "PostCode": "93725", "SpatialOffsetMeters": null}}, {"type": "Feature", "geometry": {"type": "Point", "coordinates": [-119.7687437, 36.6886932]}, "properties": {"SSAP_NGUID": "urn:emergency:uid:gis:SSAP:15dfa44a-b9e9-4b0c-a1f8-cd7471304d7b:fresnocountyca.gov", "DisclID": "fresnocountyca.gov", "CountyLocalID": null, "GERS_ID": "15dfa44a-b9e9-4b0c-a1f8-cd7471304d7b", "ConflationStatus": "OVERTURE_ONLY", "Source": "OVERTURE_MAPS", "HNO": "3145", "PRD": null, "STN": "S NORTHPOINTE DR", "STS": null, "Unit": null, "CommunityName": "FRESNO", "County": "FRESNO", "State": "CA", "PostCode": "93725", "SpatialOffsetMeters": null}}, {"type": "Feature", "geometry": {"type": "Point", "coordinates": [-119.7663539, 36.6885049]}, "properties": {"SSAP_NGUID": "urn:emergency:uid:gis:SSAP:67f9addf-5ab7-4d70-bed3-960033bb6774:fresnocountyca.gov", "DisclID": "fresnocountyca.gov", "CountyLocalID": null, "GERS_ID": "67f9addf-5ab7-4d70-bed3-960033bb6774", "ConflationStatus": "OVERTURE_ONLY", "Source": "OVERTURE_MAPS", "HNO": "1355", "PRD": null, "STN": "E FORTUNE AVE", "STS": null, "Unit": null, "CommunityName": "FRESNO", "County": "FRESNO", "State": "CA", "PostCode": "93725", "SpatialOffsetMeters": null}}, {"type": "Feature", "geometry": {"type": "Point", "coordinates": [-119.7691398, 36.6888105]}, "properties": {"SSAP_NGUID": "urn:emergency:uid:gis:SSAP:c231660a-4f5d-4cff-9de3-faaef3664eef:fresnocountyca.gov", "DisclID": "fresnocountyca.gov", "CountyLocalID": null, "GERS_ID": "c231660a-4f5d-4cff-9de3-faaef3664eef", "ConflationStatus": "OVERTURE_ONLY", "Source": "OVERTURE_MAPS", "HNO": "3145", "PRD": null, "STN": "S NORTHPOINTE DR", "STS": null, "Unit": null, "CommunityName": "FRESNO", "County": "FRESNO", "State": "CA", "PostCode": "93725", "SpatialOffsetMeters": null}}, {"type": "Feature", "geometry": {"type": "Point", "coordinates": [-119.775493, 36.6874205]}, "properties": {"SSAP_NGUID": "urn:emergency:uid:gis:SSAP:6dd46cf3-0f88-420e-9991-9a8210cf429d:fresnocountyca.gov", "DisclID": "fresnocountyca.gov", "CountyLocalID": null, "GERS_ID": "6dd46cf3-0f88-420e-9991-9a8210cf429d", "ConflationStatus": "OVERTURE_ONLY", "Source": "OVERTURE_MAPS", "HNO": "3243", "PRD": null, "STN": "S EAST AVE", "STS": null, "Unit": null, "CommunityName": "FRESNO", "County": "FRESNO", "State": "CA", "PostCode": "93725", "SpatialOffsetMeters": null}}, {"type": "Feature", "geometry": {"type": "Point", "coordinates": [-119.771042, 36.685266]}, "properties": {"SSAP_NGUID": "urn:emergency:uid:gis:SSAP:45844085-4db9-42d2-b5ae-4a732a012aa3:fresnocountyca.gov", "DisclID": "fresnocountyca.gov", "CountyLocalID": null, "GERS_ID": "45844085-4db9-42d2-b5ae-4a732a012aa3", "ConflationStatus": "OVERTURE_ONLY", "Source": "OVERTURE_MAPS", "HNO": "3460", "PRD": null, "STN": "S EAST AVE", "STS": null, "Unit": null, "CommunityName": "FRESNO", "County": "FRESNO", "State": "CA", "PostCode": "93725", "SpatialOffsetMeters": null}}, {"type": "Feature", "geometry": {"type": "Point", "coordinates": [-119.7687384, 36.6834954]}, "properties": {"SSAP_NGUID": "urn:emergency:uid:gis:SSAP:b010023e-0019-4529-99b5-5d3527a46efc:fresnocountyca.gov", "DisclID": "fresnocountyca.gov", "CountyLocalID": null, "GERS_ID": "b010023e-0019-4529-99b5-5d3527a46efc", "ConflationStatus": "OVERTURE_ONLY", "Source": "OVERTURE_MAPS", "HNO": "3523", "PRD": null, "STN": "S NORTHPOINTE DR", "STS": null, "Unit": null, "CommunityName": "FRESNO", "County": "FRESNO", "State": "CA", "PostCode": "93725", "SpatialOffsetMeters": null}}, {"type": "Feature", "geometry": {"type": "Point", "coordinates": [-119.7475997, 36.6842455]}, "properties": {"SSAP_NGUID": "urn:emergency:uid:gis:SSAP:7b4f272d-ecae-471e-a7ad-89125a1ee095:fresnocountyca.gov", "DisclID": "fresnocountyca.gov", "CountyLocalID": null, "GERS_ID": "7b4f272d-ecae-471e-a7ad-89125a1ee095", "ConflationStatus": "OVERTURE_ONLY", "Source": "OVERTURE_MAPS", "HNO": "3495", "PRD": null, "STN": "S MAPLE AVE", "STS": null, "Unit": null, "CommunityName": "FRESNO", "County": "FRESNO", "State": "CA", "PostCode": "93725", "SpatialOffsetMeters": null}}, {"type": "Feature", "geometry": {"type": "Point", "coordinates": [-119.7478641, 36.6856681]}, "properties": {"SSAP_NGUID": "urn:emergency:uid:gis:SSAP:be13dcab-9ae6-4340-b159-59205f9e1bc7:fresnocountyca.gov", "DisclID": "fresnocountyca.gov", "CountyLocalID": null, "GERS_ID": "be13dcab-9ae6-4340-b159-59205f9e1bc7", "ConflationStatus": "OVERTURE_ONLY", "Source": "OVERTURE_MAPS", "HNO": "2320", "PRD": null, "STN": "E MUSCAT AVE", "STS": null, "Unit": null, "CommunityName": "FRESNO", "County": "FRESNO", "State": "CA", "PostCode": "93725", "SpatialOffsetMeters": null}}, {"type": "Feature", "geometry": {"type": "Point", "coordinates": [-119.7465041, 36.6864133]}, "properties": {"SSAP_NGUID": "urn:emergency:uid:gis:SSAP:251fd015-e866-4900-b2b4-dce50df61f2b:fresnocountyca.gov", "DisclID": "fresnocountyca.gov", "CountyLocalID": null, "GERS_ID": "251fd015-e866-4900-b2b4-dce50df61f2b", "ConflationStatus": "OVERTURE_ONLY", "Source": "OVERTURE_MAPS", "HNO": "3337", "PRD": null, "STN": "S MAPLE AVE", "STS": null, "Unit": null, "CommunityName": "FRESNO", "County": "FRESNO", "State": "CA", "PostCode": "93725", "SpatialOffsetMeters": null}}, {"type": "Feature", "geometry": {"type": "Point", "coordinates": [-119.7424241, 36.6869162]}, "properties": {"SSAP_NGUID": "urn:emergency:uid:gis:SSAP:e18242af-3669-45d9-b67f-63b76d693f8d:fresnocountyca.gov", "DisclID": "fresnocountyca.gov", "CountyLocalID": null, "GERS_ID": "e18242af-3669-45d9-b67f-63b76d693f8d", "ConflationStatus": "OVERTURE_ONLY", "Source": "OVERTURE_MAPS", "HNO": "3274", "PRD": null, "STN": "S GOLDEN STATE BLVD", "STS": null, "Unit": null, "CommunityName": "FRESNO", "County": "FRESNO", "State": "CA", "PostCode": "93725", "SpatialOffsetMeters": null}}, {"type": "Feature", "geometry": {"type": "Point", "coordinates": [-119.7334945, 36.6847245]}, "properties": {"SSAP_NGUID": "urn:emergency:uid:gis:SSAP:6404610f-548c-43ea-8534-9cb2f02af4ce:fresnocountyca.gov", "DisclID": "fresnocountyca.gov", "CountyLocalID": null, "GERS_ID": "6404610f-548c-43ea-8534-9cb2f02af4ce", "ConflationStatus": "OVERTURE_ONLY", "Source": "OVERTURE_MAPS", "HNO": "3460", "PRD": null, "STN": "S FRANK AVE", "STS": null, "Unit": null, "CommunityName": "FRESNO", "County": "FRESNO", "State": "CA", "PostCode": "93725", "SpatialOffsetMeters": null}}, {"type": "Feature", "geometry": {"type": "Point", "coordinates": [-119.7353749, 36.6848447]}, "properties": {"SSAP_NGUID": "urn:emergency:uid:gis:SSAP:81168753-0c75-4129-8f0a-b27f6d91e843:fresnocountyca.gov", "DisclID": "fresnocountyca.gov", "CountyLocalID": null, "GERS_ID": "81168753-0c75-4129-8f0a-b27f6d91e843", "ConflationStatus": "OVERTURE_ONLY", "Source": "OVERTURE_MAPS", "HNO": "3450", "PRD": null, "STN": "S HARDING AVE", "STS": null, "Unit": null, "CommunityName": "FRESNO", "County": "FRESNO", "State": "CA", "PostCode": "93725", "SpatialOffsetMeters": null}}, {"type": "Feature", "geometry": {"type": "Point", "coordinates": [-119.7374439, 36.6861395]}, "properties": {"SSAP_NGUID": "urn:emergency:uid:gis:SSAP:395153a8-cf59-4f93-8f28-389fd852136c:fresnocountyca.gov", "DisclID": "fresnocountyca.gov", "CountyLocalID": null, "GERS_ID": "395153a8-cf59-4f93-8f28-389fd852136c", "ConflationStatus": "OVERTURE_ONLY", "Source": "OVERTURE_MAPS", "HNO": "3369", "PRD": null, "STN": "S CHESTNUT AVE", "STS": null, "Unit": null, "CommunityName": "FRESNO", "County": "FRESNO", "State": "CA", "PostCode": "93725", "SpatialOffsetMeters": null}}, {"type": "Feature", "geometry": {"type": "Point", "coordinates": [-119.74339, 36.6836153]}, "properties": {"SSAP_NGUID": "urn:emergency:uid:gis:SSAP:6d50d80d-ebf6-4612-b97a-748114efa5cb:fresnocountyca.gov", "DisclID": "fresnocountyca.gov", "CountyLocalID": null, "GERS_ID": "6d50d80d-ebf6-4612-b97a-748114efa5cb", "ConflationStatus": "OVERTURE_ONLY", "Source": "OVERTURE_MAPS", "HNO": "3515", "PRD": null, "STN": "S GOLDEN STATE BLVD", "STS": null, "Unit": null, "CommunityName": "FRESNO", "County": "FRESNO", "State": "CA", "PostCode": "93725", "SpatialOffsetMeters": null}}, {"type": "Feature", "geometry": {"type": "Point", "coordinates": [-119.7359083, 36.6844541]}, "properties": {"SSAP_NGUID": "urn:emergency:uid:gis:SSAP:6b7b210a-54a2-4a24-b8d7-6302014d4d5f:fresnocountyca.gov", "DisclID": "fresnocountyca.gov", "CountyLocalID": null, "GERS_ID": "6b7b210a-54a2-4a24-b8d7-6302014d4d5f", "ConflationStatus": "OVERTURE_ONLY", "Source": "OVERTURE_MAPS", "HNO": "3453", "PRD": null, "STN": "S HARDING AVE", "STS": null, "Unit": null, "CommunityName": "FRESNO", "County": "FRESNO", "State": "CA", "PostCode": "93725", "SpatialOffsetMeters": null}}, {"type": "Feature", "geometry": {"type": "Point", "coordinates": [-119.734883, 36.6844014]}, "properties": {"SSAP_NGUID": "urn:emergency:uid:gis:SSAP:65f7a9d1-cabd-4b6e-a7c5-8da380f22005:fresnocountyca.gov", "DisclID": "fresnocountyca.gov", "CountyLocalID": null, "GERS_ID": "65f7a9d1-cabd-4b6e-a7c5-8da380f22005", "ConflationStatus": "OVERTURE_ONLY", "Source": "OVERTURE_MAPS", "HNO": "3520", "PRD": null, "STN": "S HARDING AVE", "STS": null, "Unit": null, "CommunityName": "FRESNO", "County": "FRESNO", "State": "CA", "PostCode": "93725", "SpatialOffsetMeters": null}}, {"type": "Feature", "geometry": {"type": "Point", "coordinates": [-119.7332916, 36.6845471]}, "properties": {"SSAP_NGUID": "urn:emergency:uid:gis:SSAP:0b1a8fba-a2e4-48f2-b92b-09f9cde445d6:fresnocountyca.gov", "DisclID": "fresnocountyca.gov", "CountyLocalID": null, "GERS_ID": "0b1a8fba-a2e4-48f2-b92b-09f9cde445d6", "ConflationStatus": "OVERTURE_ONLY", "Source": "OVERTURE_MAPS", "HNO": "3316", "PRD": null, "STN": "E GRAND AVE", "STS": null, "Unit": null, "CommunityName": "FRESNO", "County": "FRESNO", "State": "CA", "PostCode": "93725", "SpatialOffsetMeters": null}}, {"type": "Feature", "geometry": {"type": "Point", "coordinates": [-119.7327118, 36.6840082]}, "properties": {"SSAP_NGUID": "urn:emergency:uid:gis:SSAP:f8d9794a-aaac-45e0-943a-704ce37da182:fresnocountyca.gov", "DisclID": "fresnocountyca.gov", "CountyLocalID": null, "GERS_ID": "f8d9794a-aaac-45e0-943a-704ce37da182", "ConflationStatus": "OVERTURE_ONLY", "Source": "OVERTURE_MAPS", "HNO": "3542", "PRD": null, "STN": "S FRANK AVE", "STS": null, "Unit": null, "CommunityName": "FRESNO", "County": "FRESNO", "State": "CA", "PostCode": "93725", "SpatialOffsetMeters": null}}, {"type": "Feature", "geometry": {"type": "Point", "coordinates": [-119.7352582, 36.6838675]}, "properties": {"SSAP_NGUID": "urn:emergency:uid:gis:SSAP:8915b4e5-f6e3-466f-92c3-c57be9aa5f1f:fresnocountyca.gov", "DisclID": "fresnocountyca.gov", "CountyLocalID": null, "GERS_ID": "8915b4e5-f6e3-466f-92c3-c57be9aa5f1f", "ConflationStatus": "OVERTURE_ONLY", "Source": "OVERTURE_MAPS", "HNO": "3535", "PRD": null, "STN": "S HARDING AVE", "STS": null, "Unit": null, "CommunityName": "FRESNO", "County": "FRESNO", "State": "CA", "PostCode": "93725", "SpatialOffsetMeters": null}}, {"type": "Feature", "geometry": {"type": "Point", "coordinates": [-119.7331953, 36.6835684]}, "properties": {"SSAP_NGUID": "urn:emergency:uid:gis:SSAP:efe363dc-ee85-43cd-b63d-c6e37173dbc4:fresnocountyca.gov", "DisclID": "fresnocountyca.gov", "CountyLocalID": null, "GERS_ID": "efe363dc-ee85-43cd-b63d-c6e37173dbc4", "ConflationStatus": "OVERTURE_ONLY", "Source": "OVERTURE_MAPS", "HNO": "3535", "PRD": null, "STN": "S FRANK AVE", "STS": null, "Unit": null, "CommunityName": "FRESNO", "County": "FRESNO", "State": "CA", "PostCode": "93725", "SpatialOffsetMeters": null}}, {"type": "Feature", "geometry": {"type": "Point", "coordinates": [-119.7317827, 36.6838587]}, "properties": {"SSAP_NGUID": "urn:emergency:uid:gis:SSAP:669f5a36-5b03-4d81-abd4-60b79fc29565:fresnocountyca.gov", "DisclID": "fresnocountyca.gov", "CountyLocalID": null, "GERS_ID": "669f5a36-5b03-4d81-abd4-60b79fc29565", "ConflationStatus": "OVERTURE_ONLY", "Source": "OVERTURE_MAPS", "HNO": "3573", "PRD": null, "STN": "S VICTORIA AVE", "STS": null, "Unit": null, "CommunityName": "FRESNO", "County": "FRESNO", "State": "CA", "PostCode": "93725", "SpatialOffsetMeters": null}}, {"type": "Feature", "geometry": {"type": "Point", "coordinates": [-119.7315986, 36.6844106]}, "properties": {"SSAP_NGUID": "urn:emergency:uid:gis:SSAP:4685706a-6b83-4f09-a109-290092167188:fresnocountyca.gov", "DisclID": "fresnocountyca.gov", "CountyLocalID": null, "GERS_ID": "4685706a-6b83-4f09-a109-290092167188", "ConflationStatus": "OVERTURE_ONLY", "Source": "OVERTURE_MAPS", "HNO": "3546", "PRD": null, "STN": "S VICTORIA AVE", "STS": null, "Unit": null, "CommunityName": "FRESNO", "County": "FRESNO", "State": "CA", "PostCode": "93725", "SpatialOffsetMeters": null}}, {"type": "Feature", "geometry": {"type": "Point", "coordinates": [-119.7319174, 36.6849402]}, "properties": {"SSAP_NGUID": "urn:emergency:uid:gis:SSAP:829b3f28-dc38-4786-b6b7-8a70a75546c9:fresnocountyca.gov", "DisclID": "fresnocountyca.gov", "CountyLocalID": null, "GERS_ID": "829b3f28-dc38-4786-b6b7-8a70a75546c9", "ConflationStatus": "OVERTURE_ONLY", "Source": "OVERTURE_MAPS", "HNO": "3514", "PRD": null, "STN": "S VICTORIA AVE", "STS": null, "Unit": null, "CommunityName": "FRESNO", "County": "FRESNO", "State": "CA", "PostCode": "93725", "SpatialOffsetMeters": null}}, {"type": "Feature", "geometry": {"type": "Point", "coordinates": [-119.7167178, 36.6875005]}, "properties": {"SSAP_NGUID": "urn:emergency:uid:gis:SSAP:9121ba9a-6a62-430b-b57b-0e110cf80618:fresnocountyca.gov", "DisclID": "fresnocountyca.gov", "CountyLocalID": null, "GERS_ID": "9121ba9a-6a62-430b-b57b-0e110cf80618", "ConflationStatus": "OVERTURE_ONLY", "Source": "OVERTURE_MAPS", "HNO": "3360", "PRD": null, "STN": "S PEACH AVE", "STS": null, "Unit": null, "CommunityName": "FRESNO", "County": "FRESNO", "State": "CA", "PostCode": "93725", "SpatialOffsetMeters": null}}, {"type": "Feature", "geometry": {"type": "Point", "coordinates": [-119.7144601, 36.6836601]}, "properties": {"SSAP_NGUID": "urn:emergency:uid:gis:SSAP:b5630e62-f8f5-483f-b4bc-ce4d66dff25e:fresnocountyca.gov", "DisclID": "fresnocountyca.gov", "CountyLocalID": null, "GERS_ID": "b5630e62-f8f5-483f-b4bc-ce4d66dff25e", "ConflationStatus": "OVERTURE_ONLY", "Source": "OVERTURE_MAPS", "HNO": "3628", "PRD": null, "STN": "S PEACH AVE", "STS": null, "Unit": null, "CommunityName": "FRESNO", "County": "FRESNO", "State": "CA", "PostCode": "93725", "SpatialOffsetMeters": null}}, {"type": "Feature", "geometry": {"type": "Point", "coordinates": [-119.6986466, 36.6909727]}, "properties": {"SSAP_NGUID": "urn:emergency:uid:gis:SSAP:15f2ca8c-29ee-4aab-879e-d7e942610750:fresnocountyca.gov", "DisclID": "fresnocountyca.gov", "CountyLocalID": null, "GERS_ID": "15f2ca8c-29ee-4aab-879e-d7e942610750", "ConflationStatus": "OVERTURE_ONLY", "Source": "OVERTURE_MAPS", "HNO": "3188", "PRD": null, "STN": "S CLOVIS AVE", "STS": null, "Unit": null, "CommunityName": "FRESNO", "County": "FRESNO", "State": "CA", "PostCode": "93725", "SpatialOffsetMeters": null}}, {"type": "Feature", "geometry": {"type": "Point", "coordinates": [-119.7174435, 36.6947605]}, "properties": {"SSAP_NGUID": "urn:emergency:uid:gis:SSAP:328fc96d-fe02-4d60-aea0-e71c1192890c:fresnocountyca.gov", "DisclID": "fresnocountyca.gov", "CountyLocalID": null, "GERS_ID": "328fc96d-fe02-4d60-aea0-e71c1192890c", "ConflationStatus": "OVERTURE_ONLY", "Source": "OVERTURE_MAPS", "HNO": "2939", "PRD": null, "STN": "S PEACH AVE", "STS": null, "Unit": null, "CommunityName": "FRESNO", "County": "FRESNO", "State": "CA", "PostCode": "93725", "SpatialOffsetMeters": null}}, {"type": "Feature", "geometry": {"type": "Point", "coordinates": [-119.7172702, 36.6924486]}, "properties": {"SSAP_NGUID": "urn:emergency:uid:gis:SSAP:43fa0e41-4d0e-4360-9584-1139592c3a29:fresnocountyca.gov", "DisclID": "fresnocountyca.gov", "CountyLocalID": null, "GERS_ID": "43fa0e41-4d0e-4360-9584-1139592c3a29", "ConflationStatus": "OVERTURE_ONLY", "Source": "OVERTURE_MAPS", "HNO": "4037", "PRD": null, "STN": "E NORTH AVE", "STS": null, "Unit": null, "CommunityName": "FRESNO", "County": "FRESNO", "State": "CA", "PostCode": "93725", "SpatialOffsetMeters": null}}, {"type": "Feature", "geometry": {"type": "Point", "coordinates": [-119.7171599, 36.6893823]}, "properties": {"SSAP_NGUID": "urn:emergency:uid:gis:SSAP:3621350a-6095-43a6-81f3-c564fb392c54:fresnocountyca.gov", "DisclID": "fresnocountyca.gov", "CountyLocalID": null, "GERS_ID": "3621350a-6095-43a6-81f3-c564fb392c54", "ConflationStatus": "OVERTURE_ONLY", "Source": "OVERTURE_MAPS", "HNO": "3232", "PRD": null, "STN": "S PEACH AVE", "STS": null, "Unit": null, "CommunityName": "FRESNO", "County": "FRESNO", "State": "CA", "PostCode": "93725", "SpatialOffsetMeters": null}}, {"type": "Feature", "geometry": {"type": "Point", "coordinates": [-119.7292467, 36.6895433]}, "properties": {"SSAP_NGUID": "urn:emergency:uid:gis:SSAP:4e3ae065-fc6e-48d6-a74e-aefa4c20c08e:fresnocountyca.gov", "DisclID": "fresnocountyca.gov", "CountyLocalID": null, "GERS_ID": "4e3ae065-fc6e-48d6-a74e-aefa4c20c08e", "ConflationStatus": "OVERTURE_ONLY", "Source": "OVERTURE_MAPS", "HNO": "3149", "PRD": null, "STN": "S WILLOW AVE", "STS": null, "Unit": null, "CommunityName": "FRESNO", "County": "FRESNO", "State": "CA", "PostCode": "93725", "SpatialOffsetMeters": null}}, {"type": "Feature", "geometry": {"type": "Point", "coordinates": [-119.7293622, 36.6914098]}, "properties": {"SSAP_NGUID": "urn:emergency:uid:gis:SSAP:850198b4-a63a-441d-8e12-cd0ea113f20b:fresnocountyca.gov", "DisclID": "fresnocountyca.gov", "CountyLocalID": null, "GERS_ID": "850198b4-a63a-441d-8e12-cd0ea113f20b", "ConflationStatus": "OVERTURE_ONLY", "Source": "OVERTURE_MAPS", "HNO": "3359", "PRD": null, "STN": "E NORTH AVE", "STS": null, "Unit": null, "CommunityName": "FRESNO", "County": "FRESNO", "State": "CA", "PostCode": "93725", "SpatialOffsetMeters": null}}, {"type": "Feature", "geometry": {"type": "Point", "coordinates": [-119.7293646, 36.6916644]}, "properties": {"SSAP_NGUID": "urn:emergency:uid:gis:SSAP:2903eb30-3f3a-469d-85b5-7b5f47defebb:fresnocountyca.gov", "DisclID": "fresnocountyca.gov", "CountyLocalID": null, "GERS_ID": "2903eb30-3f3a-469d-85b5-7b5f47defebb", "ConflationStatus": "OVERTURE_ONLY", "Source": "OVERTURE_MAPS", "HNO": "3395", "PRD": null, "STN": "E NORTH AVE", "STS": null, "Unit": null, "CommunityName": "FRESNO", "County": "FRESNO", "State": "CA", "PostCode": "93725", "SpatialOffsetMeters": null}}, {"type": "Feature", "geometry": {"type": "Point", "coordinates": [-119.7224667, 36.6938937]}, "properties": {"SSAP_NGUID": "urn:emergency:uid:gis:SSAP:c0e3d807-c3e6-45b2-8481-4b2ebdac58fe:fresnocountyca.gov", "DisclID": "fresnocountyca.gov", "CountyLocalID": null, "GERS_ID": "c0e3d807-c3e6-45b2-8481-4b2ebdac58fe", "ConflationStatus": "OVERTURE_ONLY", "Source": "OVERTURE_MAPS", "HNO": "3748", "PRD": null, "STN": "E NORTH AVE", "STS": null, "Unit": null, "CommunityName": "FRESNO", "County": "FRESNO", "State": "CA", "PostCode": "93725", "SpatialOffsetMeters": null}}, {"type": "Feature", "geometry": {"type": "Point", "coordinates": [-119.7262539, 36.6959412]}, "properties": {"SSAP_NGUID": "urn:emergency:uid:gis:SSAP:15f04a83-e9fc-4b05-97a2-d73405e30446:fresnocountyca.gov", "DisclID": "fresnocountyca.gov", "CountyLocalID": null, "GERS_ID": "15f04a83-e9fc-4b05-97a2-d73405e30446", "ConflationStatus": "OVERTURE_ONLY", "Source": "OVERTURE_MAPS", "HNO": "2935", "PRD": null, "STN": "S WILLOW", "STS": null, "Unit": null, "CommunityName": "FRESNO", "County": "FRESNO", "State": "CA", "PostCode": "93725", "SpatialOffsetMeters": null}}, {"type": "Feature", "geometry": {"type": "Point", "coordinates": [-119.7289028, 36.6981265]}, "properties": {"SSAP_NGUID": "urn:emergency:uid:gis:SSAP:f5e59e76-763e-450b-b092-1436362297ef:fresnocountyca.gov", "DisclID": "fresnocountyca.gov", "CountyLocalID": null, "GERS_ID": "f5e59e76-763e-450b-b092-1436362297ef", "ConflationStatus": "OVERTURE_ONLY", "Source": "OVERTURE_MAPS", "HNO": "2818", "PRD": null, "STN": "S WILLOW AVE", "STS": null, "Unit": null, "CommunityName": "FRESNO", "County": "FRESNO", "State": "CA", "PostCode": "93725", "SpatialOffsetMeters": null}}, {"type": "Feature", "geometry": {"type": "Point", "coordinates": [-119.726152, 36.7014736]}, "properties": {"SSAP_NGUID": "urn:emergency:uid:gis:SSAP:30a0e4c5-6189-40aa-b5cf-f9abf0dedcd4:fresnocountyca.gov", "DisclID": "fresnocountyca.gov", "CountyLocalID": null, "GERS_ID": "30a0e4c5-6189-40aa-b5cf-f9abf0dedcd4", "ConflationStatus": "OVERTURE_ONLY", "Source": "OVERTURE_MAPS", "HNO": "2761", "PRD": null, "STN": "S WILLOW AVE", "STS": null, "Unit": null, "CommunityName": "FRESNO", "County": "FRESNO", "State": "CA", "PostCode": "93725", "SpatialOffsetMeters": null}}, {"type": "Feature", "geometry": {"type": "Point", "coordinates": [-119.7284949, 36.7039343]}, "properties": {"SSAP_NGUID": "urn:emergency:uid:gis:SSAP:1d4ec38c-e851-484d-acfa-a59da1c63a5b:fresnocountyca.gov", "DisclID": "fresnocountyca.gov", "CountyLocalID": null, "GERS_ID": "1d4ec38c-e851-484d-acfa-a59da1c63a5b", "ConflationStatus": "OVERTURE_ONLY", "Source": "OVERTURE_MAPS", "HNO": "2696", "PRD": null, "STN": "S WILLOW AVE", "STS": null, "Unit": null, "CommunityName": "FRESNO", "County": "FRESNO", "State": "CA", "PostCode": "93725", "SpatialOffsetMeters": null}}, {"type": "Feature", "geometry": {"type": "Point", "coordinates": [-119.7267737, 36.7064555]}, "properties": {"SSAP_NGUID": "urn:emergency:uid:gis:SSAP:82e16c1b-ce67-493c-91b5-bf1071c66cab:fresnocountyca.gov", "DisclID": "fresnocountyca.gov", "CountyLocalID": null, "GERS_ID": "82e16c1b-ce67-493c-91b5-bf1071c66cab", "ConflationStatus": "OVERTURE_ONLY", "Source": "OVERTURE_MAPS", "HNO": "2629", "PRD": null, "STN": "S WILLOW AVE", "STS": null, "Unit": null, "CommunityName": "FRESNO", "County": "FRESNO", "State": "CA", "PostCode": "93725", "SpatialOffsetMeters": null}}, {"type": "Feature", "geometry": {"type": "Point", "coordinates": [-119.7173053, 36.7047393]}, "properties": {"SSAP_NGUID": "urn:emergency:uid:gis:SSAP:f40893e5-daaf-4a0c-afda-a433a9f0ac3e:fresnocountyca.gov", "DisclID": "fresnocountyca.gov", "CountyLocalID": null, "GERS_ID": "f40893e5-daaf-4a0c-afda-a433a9f0ac3e", "ConflationStatus": "OVERTURE_ONLY", "Source": "OVERTURE_MAPS", "HNO": "2691", "PRD": null, "STN": "S PEACH AVE", "STS": null, "Unit": null, "CommunityName": "FRESNO", "County": "FRESNO", "State": "CA", "PostCode": "93725", "SpatialOffsetMeters": null}}, {"type": "Feature", "geometry": {"type": "Point", "coordinates": [-119.7138923, 36.7047037]}, "properties": {"SSAP_NGUID": "urn:emergency:uid:gis:SSAP:255a4172-4a64-4115-b9ea-2145edc78bd1:fresnocountyca.gov", "DisclID": "fresnocountyca.gov", "CountyLocalID": null, "GERS_ID": "255a4172-4a64-4115-b9ea-2145edc78bd1", "ConflationStatus": "OVERTURE_ONLY", "Source": "OVERTURE_MAPS", "HNO": "5254", "PRD": null, "STN": "E JENSEN AVE", "STS": null, "Unit": null, "CommunityName": "FRESNO", "County": "FRESNO", "State": "CA", "PostCode": "93725", "SpatialOffsetMeters": null}}, {"type": "Feature", "geometry": {"type": "Point", "coordinates": [-119.7087391, 36.7063593]}, "properties": {"SSAP_NGUID": "urn:emergency:uid:gis:SSAP:5305e831-374f-496e-bbd9-044cf0ea3425:fresnocountyca.gov", "DisclID": "fresnocountyca.gov", "CountyLocalID": null, "GERS_ID": "5305e831-374f-496e-bbd9-044cf0ea3425", "ConflationStatus": "OVERTURE_ONLY", "Source": "OVERTURE_MAPS", "HNO": "5408", "PRD": null, "STN": "E JENSEN AVE", "STS": null, "Unit": null, "CommunityName": "FRESNO", "County": "FRESNO", "State": "CA", "PostCode": "93725", "SpatialOffsetMeters": null}}, {"type": "Feature", "geometry": {"type": "Point", "coordinates": [-119.6931449, 36.6964918]}, "properties": {"SSAP_NGUID": "urn:emergency:uid:gis:SSAP:88651cf6-f6dd-435a-943d-0283683bbe02:fresnocountyca.gov", "DisclID": "fresnocountyca.gov", "CountyLocalID": null, "GERS_ID": "88651cf6-f6dd-435a-943d-0283683bbe02", "ConflationStatus": "OVERTURE_ONLY", "Source": "OVERTURE_MAPS", "HNO": "5414", "PRD": null, "STN": "E NORTH AVE", "STS": null, "Unit": null, "CommunityName": "FRESNO", "County": "FRESNO", "State": "CA", "PostCode": "93725", "SpatialOffsetMeters": null}}, {"type": "Feature", "geometry": {"type": "Point", "coordinates": [-119.6794996, 36.6999023]}, "properties": {"SSAP_NGUID": "urn:emergency:uid:gis:SSAP:41b29716-1d2c-49bc-81b3-21c9c7cc7606:fresnocountyca.gov", "DisclID": "fresnocountyca.gov", "CountyLocalID": null, "GERS_ID": "41b29716-1d2c-49bc-81b3-21c9c7cc7606", "ConflationStatus": "OVERTURE_ONLY", "Source": "OVERTURE_MAPS", "HNO": "2500", "PRD": null, "STN": "S FOWLER AVE", "STS": null, "Unit": null, "CommunityName": "FRESNO", "County": "FRESNO", "State": "CA", "PostCode": "93725", "SpatialOffsetMeters": null}}, {"type": "Feature", "geometry": {"type": "Point", "coordinates": [-119.6815204, 36.7027544]}, "properties": {"SSAP_NGUID": "urn:emergency:uid:gis:SSAP:9e8af870-2c42-4456-af67-92d4f09a15ad:fresnocountyca.gov", "DisclID": "fresnocountyca.gov", "CountyLocalID": null, "GERS_ID": "9e8af870-2c42-4456-af67-92d4f09a15ad", "ConflationStatus": "OVERTURE_ONLY", "Source": "OVERTURE_MAPS", "HNO": "2314", "PRD": null, "STN": "S FOWLER AVE", "STS": null, "Unit": null, "CommunityName": "FRESNO", "County": "FRESNO", "State": "CA", "PostCode": "93725", "SpatialOffsetMeters": null}}, {"type": "Feature", "geometry": {"type": "Point", "coordinates": [-119.6707123, 36.704836]}, "properties": {"SSAP_NGUID": "urn:emergency:uid:gis:SSAP:9be52478-ed84-40c6-adc6-a84ce7ef2123:fresnocountyca.gov", "DisclID": "fresnocountyca.gov", "CountyLocalID": null, "GERS_ID": "9be52478-ed84-40c6-adc6-a84ce7ef2123", "ConflationStatus": "OVERTURE_ONLY", "Source": "OVERTURE_MAPS", "HNO": "2224", "PRD": null, "STN": "S ARMSTRONG AVE", "STS": null, "Unit": null, "CommunityName": "FRESNO", "County": "FRESNO", "State": "CA", "PostCode": "93725", "SpatialOffsetMeters": null}}, {"type": "Feature", "geometry": {"type": "Point", "coordinates": [-119.6546988, 36.70576]}, "properties": {"SSAP_NGUID": "urn:emergency:uid:gis:SSAP:9d91db9e-6d43-4148-9186-32be060c324e:fresnocountyca.gov", "DisclID": "fresnocountyca.gov", "CountyLocalID": null, "GERS_ID": "9d91db9e-6d43-4148-9186-32be060c324e", "ConflationStatus": "OVERTURE_ONLY", "Source": "OVERTURE_MAPS", "HNO": "7497", "PRD": null, "STN": "E JENSEN AVE", "STS": null, "Unit": null, "CommunityName": "FRESNO", "County": "FRESNO", "State": "CA", "PostCode": "93737", "SpatialOffsetMeters": null}}, {"type": "Feature", "geometry": {"type": "Point", "coordinates": [-119.6678054, 36.694153]}, "properties": {"SSAP_NGUID": "urn:emergency:uid:gis:SSAP:febd6782-4ec4-42cc-bc7d-24f149c9c419:fresnocountyca.gov", "DisclID": "fresnocountyca.gov", "CountyLocalID": null, "GERS_ID": "febd6782-4ec4-42cc-bc7d-24f149c9c419", "ConflationStatus": "OVERTURE_ONLY", "Source": "OVERTURE_MAPS", "HNO": "6766", "PRD": null, "STN": "E NORTH AVE", "STS": null, "Unit": null, "CommunityName": "FRESNO", "County": "FRESNO", "State": "CA", "PostCode": "93725", "SpatialOffsetMeters": null}}, {"type": "Feature", "geometry": {"type": "Point", "coordinates": [-119.6873758, 36.6904544]}, "properties": {"SSAP_NGUID": "urn:emergency:uid:gis:SSAP:a8953e34-38f6-4888-a62a-abc67f5acd3c:fresnocountyca.gov", "DisclID": "fresnocountyca.gov", "CountyLocalID": null, "GERS_ID": "a8953e34-38f6-4888-a62a-abc67f5acd3c", "ConflationStatus": "OVERTURE_ONLY", "Source": "OVERTURE_MAPS", "HNO": "5699", "PRD": null, "STN": "E NORTH AVE", "STS": null, "Unit": null, "CommunityName": "FRESNO", "County": "FRESNO", "State": "CA", "PostCode": "93725", "SpatialOffsetMeters": null}}, {"type": "Feature", "geometry": {"type": "Point", "coordinates": [-119.6814056, 36.6858752]}, "properties": {"SSAP_NGUID": "urn:emergency:uid:gis:SSAP:65720770-8831-456b-a407-e92ec238e28f:fresnocountyca.gov", "DisclID": "fresnocountyca.gov", "CountyLocalID": null, "GERS_ID": "65720770-8831-456b-a407-e92ec238e28f", "ConflationStatus": "OVERTURE_ONLY", "Source": "OVERTURE_MAPS", "HNO": "3434", "PRD": null, "STN": "S FOWLER AVE", "STS": null, "Unit": null, "CommunityName": "FRESNO", "County": "FRESNO", "State": "CA", "PostCode": "93725", "SpatialOffsetMeters": null}}, {"type": "Feature", "geometry": {"type": "Point", "coordinates": [-119.6615582, 36.6873933]}, "properties": {"SSAP_NGUID": "urn:emergency:uid:gis:SSAP:bb1c0ed0-2c43-4418-b330-209a0116fd87:fresnocountyca.gov", "DisclID": "fresnocountyca.gov", "CountyLocalID": null, "GERS_ID": "bb1c0ed0-2c43-4418-b330-209a0116fd87", "ConflationStatus": "OVERTURE_ONLY", "Source": "OVERTURE_MAPS", "HNO": "7126", "PRD": null, "STN": "E MUSCAT AVE", "STS": null, "Unit": null, "CommunityName": "FRESNO", "County": "FRESNO", "State": "CA", "PostCode": "93725", "SpatialOffsetMeters": null}}, {"type": "Feature", "geometry": {"type": "Point", "coordinates": [-119.6516619, 36.6859011]}, "properties": {"SSAP_NGUID": "urn:emergency:uid:gis:SSAP:ce1b36a8-2c0c-4de7-9add-339227d1e664:fresnocountyca.gov", "DisclID": "fresnocountyca.gov", "CountyLocalID": null, "GERS_ID": "ce1b36a8-2c0c-4de7-9add-339227d1e664", "ConflationStatus": "OVERTURE_ONLY", "Source": "OVERTURE_MAPS", "HNO": "7664", "PRD": null, "STN": "E MUSCAT AVE", "STS": null, "Unit": null, "CommunityName": "FRESNO", "County": "FRESNO", "State": "CA", "PostCode": "93725", "SpatialOffsetMeters": null}}, {"type": "Feature", "geometry": {"type": "Point", "coordinates": [-119.659358, 36.6732513]}, "properties": {"SSAP_NGUID": "urn:emergency:uid:gis:SSAP:cce4c100-7de5-4555-8018-55bd84a59113:fresnocountyca.gov", "DisclID": "fresnocountyca.gov", "CountyLocalID": null, "GERS_ID": "cce4c100-7de5-4555-8018-55bd84a59113", "ConflationStatus": "OVERTURE_ONLY", "Source": "OVERTURE_MAPS", "HNO": "4472", "PRD": null, "STN": "S TEMPERANCE AVE", "STS": null, "Unit": null, "CommunityName": "FRESNO", "County": "FRESNO", "State": "CA", "PostCode": "93725", "SpatialOffsetMeters": null}}, {"type": "Feature", "geometry": {"type": "Point", "coordinates": [-119.6774309, 36.6798985]}, "properties": {"SSAP_NGUID": "urn:emergency:uid:gis:SSAP:3d4e98f7-bc1b-4cb3-a9cc-72dd97c94a12:fresnocountyca.gov", "DisclID": "fresnocountyca.gov", "CountyLocalID": null, "GERS_ID": "3d4e98f7-bc1b-4cb3-a9cc-72dd97c94a12", "ConflationStatus": "OVERTURE_ONLY", "Source": "OVERTURE_MAPS", "HNO": "6218", "PRD": null, "STN": "E CENTRAL AVE", "STS": null, "Unit": null, "CommunityName": "FRESNO", "County": "FRESNO", "State": "CA", "PostCode": "93725", "SpatialOffsetMeters": null}}, {"type": "Feature", "geometry": {"type": "Point", "coordinates": [-119.6975578, 36.6827698]}, "properties": {"SSAP_NGUID": "urn:emergency:uid:gis:SSAP:2c67fa8d-683d-43bc-b11e-b3a98d24843e:fresnocountyca.gov", "DisclID": "fresnocountyca.gov", "CountyLocalID": null, "GERS_ID": "2c67fa8d-683d-43bc-b11e-b3a98d24843e", "ConflationStatus": "OVERTURE_ONLY", "Source": "OVERTURE_MAPS", "HNO": "3614", "PRD": null, "STN": "S CLOVIS AVE", "STS": null, "Unit": null, "CommunityName": "FRESNO", "County": "FRESNO", "State": "CA", "PostCode": "93725", "SpatialOffsetMeters": null}}, {"type": "Feature", "geometry": {"type": "Point", "coordinates": [-119.7060832, 36.6800565]}, "properties": {"SSAP_NGUID": "urn:emergency:uid:gis:SSAP:81cdbf35-039e-4834-a568-f96733e7c847:fresnocountyca.gov", "DisclID": "fresnocountyca.gov", "CountyLocalID": null, "GERS_ID": "81cdbf35-039e-4834-a568-f96733e7c847", "ConflationStatus": "OVERTURE_ONLY", "Source": "OVERTURE_MAPS", "HNO": "4560", "PRD": null, "STN": "E CENTRAL AVE", "STS": null, "Unit": null, "CommunityName": "FRESNO", "County": "FRESNO", "State": "CA", "PostCode": "93725", "SpatialOffsetMeters": null}}, {"type": "Feature", "geometry": {"type": "Point", "coordinates": [-119.7300434, 36.6831087]}, "properties": {"SSAP_NGUID": "urn:emergency:uid:gis:SSAP:6771228d-c4e5-40a3-a02e-34ae437da4c9:fresnocountyca.gov", "DisclID": "fresnocountyca.gov", "CountyLocalID": null, "GERS_ID": "6771228d-c4e5-40a3-a02e-34ae437da4c9", "ConflationStatus": "OVERTURE_ONLY", "Source": "OVERTURE_MAPS", "HNO": "3620", "PRD": null, "STN": "S PAULA AVE", "STS": null, "Unit": null, "CommunityName": "FRESNO", "County": "FRESNO", "State": "CA", "PostCode": "93725", "SpatialOffsetMeters": null}}, {"type": "Feature", "geometry": {"type": "Point", "coordinates": [-119.732098, 36.682578]}, "properties": {"SSAP_NGUID": "urn:emergency:uid:gis:SSAP:45978a68-3294-4693-ab0f-5a7d804215ec:fresnocountyca.gov", "DisclID": "fresnocountyca.gov", "CountyLocalID": null, "GERS_ID": "45978a68-3294-4693-ab0f-5a7d804215ec", "ConflationStatus": "OVERTURE_ONLY", "Source": "OVERTURE_MAPS", "HNO": "3639", "PRD": null, "STN": "S FRANK AVE", "STS": null, "Unit": null, "CommunityName": "FRESNO", "County": "FRESNO", "State": "CA", "PostCode": "93725", "SpatialOffsetMeters": null}}, {"type": "Feature", "geometry": {"type": "Point", "coordinates": [-119.7311665, 36.6823631]}, "properties": {"SSAP_NGUID": "urn:emergency:uid:gis:SSAP:0b334d27-121a-425a-ac74-8619a8f20216:fresnocountyca.gov", "DisclID": "fresnocountyca.gov", "CountyLocalID": null, "GERS_ID": "0b334d27-121a-425a-ac74-8619a8f20216", "ConflationStatus": "OVERTURE_ONLY", "Source": "OVERTURE_MAPS", "HNO": "3674", "PRD": null, "STN": "S WINERY AVE", "STS": null, "Unit": null, "CommunityName": "FRESNO", "County": "FRESNO", "State": "CA", "PostCode": "93725", "SpatialOffsetMeters": null}}, {"type": "Feature", "geometry": {"type": "Point", "coordinates": [-119.7300341, 36.6821218]}, "properties": {"SSAP_NGUID": "urn:emergency:uid:gis:SSAP:06340822-60c5-43dc-83af-2fad24111a55:fresnocountyca.gov", "DisclID": "fresnocountyca.gov", "CountyLocalID": null, "GERS_ID": "06340822-60c5-43dc-83af-2fad24111a55", "ConflationStatus": "OVERTURE_ONLY", "Source": "OVERTURE_MAPS", "HNO": "3692", "PRD": null, "STN": "S PAULA AVE", "STS": null, "Unit": null, "CommunityName": "FRESNO", "County": "FRESNO", "State": "CA", "PostCode": "93725", "SpatialOffsetMeters": null}}, {"type": "Feature", "geometry": {"type": "Point", "coordinates": [-119.7317147, 36.6813607]}, "properties": {"SSAP_NGUID": "urn:emergency:uid:gis:SSAP:c109c37a-83e2-4dcf-87e8-7d537538a6f9:fresnocountyca.gov", "DisclID": "fresnocountyca.gov", "CountyLocalID": null, "GERS_ID": "c109c37a-83e2-4dcf-87e8-7d537538a6f9", "ConflationStatus": "OVERTURE_ONLY", "Source": "OVERTURE_MAPS", "HNO": "3828", "PRD": null, "STN": "S HARDING AVE", "STS": null, "Unit": null, "CommunityName": "FRESNO", "County": "FRESNO", "State": "CA", "PostCode": "93725", "SpatialOffsetMeters": null}}, {"type": "Feature", "geometry": {"type": "Point", "coordinates": [-119.7257001, 36.6794303]}, "properties": {"SSAP_NGUID": "urn:emergency:uid:gis:SSAP:60b02516-86ba-4a7f-85c5-dca5584270f0:fresnocountyca.gov", "DisclID": "fresnocountyca.gov", "CountyLocalID": null, "GERS_ID": "60b02516-86ba-4a7f-85c5-dca5584270f0", "ConflationStatus": "OVERTURE_ONLY", "Source": "OVERTURE_MAPS", "HNO": "3878", "PRD": null, "STN": "S WILLOW AVE", "STS": null, "Unit": null, "CommunityName": "FRESNO", "County": "FRESNO", "State": "CA", "PostCode": "93725", "SpatialOffsetMeters": null}}, {"type": "Feature", "geometry": {"type": "Point", "coordinates": [-119.7235044, 36.6788575]}, "properties": {"SSAP_NGUID": "urn:emergency:uid:gis:SSAP:7b085582-b88c-41c6-abe5-6ba68e1bbe15:fresnocountyca.gov", "DisclID": "fresnocountyca.gov", "CountyLocalID": null, "GERS_ID": "7b085582-b88c-41c6-abe5-6ba68e1bbe15", "ConflationStatus": "OVERTURE_ONLY", "Source": "OVERTURE_MAPS", "HNO": "3688", "PRD": null, "STN": "E CENTRAL AVE", "STS": null, "Unit": null, "CommunityName": "FRESNO", "County": "FRESNO", "State": "CA", "PostCode": "93725", "SpatialOffsetMeters": null}}, {"type": "Feature", "geometry": {"type": "Point", "coordinates": [-119.7172166, 36.6758436]}, "properties": {"SSAP_NGUID": "urn:emergency:uid:gis:SSAP:8dc9ed28-73f7-4890-a0c9-ac78991a35f9:fresnocountyca.gov", "DisclID": "fresnocountyca.gov", "CountyLocalID": null, "GERS_ID": "8dc9ed28-73f7-4890-a0c9-ac78991a35f9", "ConflationStatus": "OVERTURE_ONLY", "Source": "OVERTURE_MAPS", "HNO": "4154", "PRD": null, "STN": "S PEACH AVE", "STS": null, "Unit": null, "CommunityName": "FRESNO", "County": "FRESNO", "State": "CA", "PostCode": "93725", "SpatialOffsetMeters": null}}, {"type": "Feature", "geometry": {"type": "Point", "coordinates": [-119.7272898, 36.6760846]}, "properties": {"SSAP_NGUID": "urn:emergency:uid:gis:SSAP:8b9f5954-14d5-4859-8140-36b4c4454296:fresnocountyca.gov", "DisclID": "fresnocountyca.gov", "CountyLocalID": null, "GERS_ID": "8b9f5954-14d5-4859-8140-36b4c4454296", "ConflationStatus": "OVERTURE_ONLY", "Source": "OVERTURE_MAPS", "HNO": "4129", "PRD": null, "STN": "S WILLOW AVE", "STS": null, "Unit": null, "CommunityName": "FRESNO", "County": "FRESNO", "State": "CA", "PostCode": "93725", "SpatialOffsetMeters": null}}, {"type": "Feature", "geometry": {"type": "Point", "coordinates": [-119.7273098, 36.6722801]}, "properties": {"SSAP_NGUID": "urn:emergency:uid:gis:SSAP:7dec57a5-8b93-458b-bb6c-c04b10a115d1:fresnocountyca.gov", "DisclID": "fresnocountyca.gov", "CountyLocalID": null, "GERS_ID": "7dec57a5-8b93-458b-bb6c-c04b10a115d1", "ConflationStatus": "OVERTURE_ONLY", "Source": "OVERTURE_MAPS", "HNO": "4365", "PRD": null, "STN": "S WILLOW AVE", "STS": null, "Unit": null, "CommunityName": "FRESNO", "County": "FRESNO", "State": "CA", "PostCode": "93725", "SpatialOffsetMeters": null}}, {"type": "Feature", "geometry": {"type": "Point", "coordinates": [-119.6975244, 36.6764314]}, "properties": {"SSAP_NGUID": "urn:emergency:uid:gis:SSAP:8aa265df-38b3-427f-a617-25d2fa419c7d:fresnocountyca.gov", "DisclID": "fresnocountyca.gov", "CountyLocalID": null, "GERS_ID": "8aa265df-38b3-427f-a617-25d2fa419c7d", "ConflationStatus": "OVERTURE_ONLY", "Source": "OVERTURE_MAPS", "HNO": "5089", "PRD": null, "STN": "E CENTRAL AVE", "STS": null, "Unit": null, "CommunityName": "FRESNO", "County": "FRESNO", "State": "CA", "PostCode": "93725", "SpatialOffsetMeters": null}}, {"type": "Feature", "geometry": {"type": "Point", "coordinates": [-119.7021792, 36.669089]}, "properties": {"SSAP_NGUID": "urn:emergency:uid:gis:SSAP:5e37d837-e820-45ab-857c-12fdb587c393:fresnocountyca.gov", "DisclID": "fresnocountyca.gov", "CountyLocalID": null, "GERS_ID": "5e37d837-e820-45ab-857c-12fdb587c393", "ConflationStatus": "OVERTURE_ONLY", "Source": "OVERTURE_MAPS", "HNO": "4611", "PRD": null, "STN": "S CLOVIS AVE", "STS": null, "Unit": null, "CommunityName": "FRESNO", "County": "FRESNO", "State": "CA", "PostCode": "93725", "SpatialOffsetMeters": null}}, {"type": "Feature", "geometry": {"type": "Point", "coordinates": [-119.7321251, 36.669788]}, "properties": {"SSAP_NGUID": "urn:emergency:uid:gis:SSAP:736089d1-c68c-4526-9cc1-5601f56b11fd:fresnocountyca.gov", "DisclID": "fresnocountyca.gov", "CountyLocalID": null, "GERS_ID": "736089d1-c68c-4526-9cc1-5601f56b11fd", "ConflationStatus": "OVERTURE_ONLY", "Source": "OVERTURE_MAPS", "HNO": "3173", "PRD": null, "STN": "E MALAGA AVE", "STS": null, "Unit": null, "CommunityName": "FRESNO", "County": "FRESNO", "State": "CA", "PostCode": "93725", "SpatialOffsetMeters": null}}, {"type": "Feature", "geometry": {"type": "Point", "coordinates": [-119.7111384, 36.6645982]}, "properties": {"SSAP_NGUID": "urn:emergency:uid:gis:SSAP:de21248c-0561-4722-8141-cfedadc88273:fresnocountyca.gov", "DisclID": "fresnocountyca.gov", "CountyLocalID": null, "GERS_ID": "de21248c-0561-4722-8141-cfedadc88273", "ConflationStatus": "OVERTURE_ONLY", "Source": "OVERTURE_MAPS", "HNO": "4925", "PRD": null, "STN": "S MINNEWAWA AVE", "STS": null, "Unit": null, "CommunityName": "FRESNO", "County": "FRESNO", "State": "CA", "PostCode": "93725", "SpatialOffsetMeters": null}}, {"type": "Feature", "geometry": {"type": "Point", "coordinates": [-119.7202151, 36.6616718]}, "properties": {"SSAP_NGUID": "urn:emergency:uid:gis:SSAP:a49c31e8-885b-44ec-87a2-cd9d76b44081:fresnocountyca.gov", "DisclID": "fresnocountyca.gov", "CountyLocalID": null, "GERS_ID": "a49c31e8-885b-44ec-87a2-cd9d76b44081", "ConflationStatus": "OVERTURE_ONLY", "Source": "OVERTURE_MAPS", "HNO": "3947", "PRD": null, "STN": "E AMERICAN AVE", "STS": null, "Unit": null, "CommunityName": "FRESNO", "County": "FRESNO", "State": "CA", "PostCode": "93725", "SpatialOffsetMeters": null}}, {"type": "Feature", "geometry": {"type": "Point", "coordinates": [-119.7006748, 36.6601812]}, "properties": {"SSAP_NGUID": "urn:emergency:uid:gis:SSAP:0fc54441-cf12-4f32-bed4-b76fc9dbfa53:fresnocountyca.gov", "DisclID": "fresnocountyca.gov", "CountyLocalID": null, "GERS_ID": "0fc54441-cf12-4f32-bed4-b76fc9dbfa53", "ConflationStatus": "OVERTURE_ONLY", "Source": "OVERTURE_MAPS", "HNO": "5231", "PRD": null, "STN": "S CLOVIS AVE", "STS": null, "Unit": null, "CommunityName": "FRESNO", "County": "FRESNO", "State": "CA", "PostCode": "93725", "SpatialOffsetMeters": null}}, {"type": "Feature", "geometry": {"type": "Point", "coordinates": [-119.6921051, 36.663059]}, "properties": {"SSAP_NGUID": "urn:emergency:uid:gis:SSAP:000827fb-6444-4f88-903d-a3b89ea7ec28:fresnocountyca.gov", "DisclID": "fresnocountyca.gov", "CountyLocalID": null, "GERS_ID": "000827fb-6444-4f88-903d-a3b89ea7ec28", "ConflationStatus": "OVERTURE_ONLY", "Source": "OVERTURE_MAPS", "HNO": "5515", "PRD": null, "STN": "E AMERICAN AVE", "STS": null, "Unit": null, "CommunityName": "FRESNO", "County": "FRESNO", "State": "CA", "PostCode": "93725", "SpatialOffsetMeters": null}}, {"type": "Feature", "geometry": {"type": "Point", "coordinates": [-119.6811019, 36.6616855]}, "properties": {"SSAP_NGUID": "urn:emergency:uid:gis:SSAP:25c0c076-1ce6-4d8b-bc44-ffadf77802cb:fresnocountyca.gov", "DisclID": "fresnocountyca.gov", "CountyLocalID": null, "GERS_ID": "25c0c076-1ce6-4d8b-bc44-ffadf77802cb", "ConflationStatus": "OVERTURE_ONLY", "Source": "OVERTURE_MAPS", "HNO": "5070", "PRD": null, "STN": "S FOWLER AVE", "STS": null, "Unit": null, "CommunityName": "FRESNO", "County": "FRESNO", "State": "CA", "PostCode": "93625", "SpatialOffsetMeters": null}}, {"type": "Feature", "geometry": {"type": "Point", "coordinates": [-119.6832288, 36.6628763]}, "properties": {"SSAP_NGUID": "urn:emergency:uid:gis:SSAP:cd5222a4-45d2-4004-a95a-cd0e9ff3a487:fresnocountyca.gov", "DisclID": "fresnocountyca.gov", "CountyLocalID": null, "GERS_ID": "cd5222a4-45d2-4004-a95a-cd0e9ff3a487", "ConflationStatus": "OVERTURE_ONLY", "Source": "OVERTURE_MAPS", "HNO": "5903", "PRD": null, "STN": "E AMERICAN AVE", "STS": null, "Unit": null, "CommunityName": "FRESNO", "County": "FRESNO", "State": "CA", "PostCode": "93725", "SpatialOffsetMeters": null}}, {"type": "Feature", "geometry": {"type": "Point", "coordinates": [-119.6533131, 36.6686716]}, "properties": {"SSAP_NGUID": "urn:emergency:uid:gis:SSAP:867d05e3-5ed3-484f-9eb9-4a8eb0a3e02c:fresnocountyca.gov", "DisclID": "fresnocountyca.gov", "CountyLocalID": null, "GERS_ID": "867d05e3-5ed3-484f-9eb9-4a8eb0a3e02c", "ConflationStatus": "OVERTURE_ONLY", "Source": "OVERTURE_MAPS", "HNO": "4668", "PRD": null, "STN": "S LOCAN AVE", "STS": null, "Unit": null, "CommunityName": "FRESNO", "County": "FRESNO", "State": "CA", "PostCode": "93725", "SpatialOffsetMeters": null}}, {"type": "Feature", "geometry": {"type": "Point", "coordinates": [-119.6519082, 36.6615949]}, "properties": {"SSAP_NGUID": "urn:emergency:uid:gis:SSAP:9e9cad0d-8774-41bc-b4e0-fcb9fa13a6ec:fresnocountyca.gov", "DisclID": "fresnocountyca.gov", "CountyLocalID": null, "GERS_ID": "9e9cad0d-8774-41bc-b4e0-fcb9fa13a6ec", "ConflationStatus": "OVERTURE_ONLY", "Source": "OVERTURE_MAPS", "HNO": "7683", "PRD": null, "STN": "E AMERICAN AVE", "STS": null, "Unit": null, "CommunityName": "FRESNO", "County": "FRESNO", "State": "CA", "PostCode": "93625", "SpatialOffsetMeters": null}}, {"type": "Feature", "geometry": {"type": "Point", "coordinates": [-119.6605871, 36.6543941]}, "properties": {"SSAP_NGUID": "urn:emergency:uid:gis:SSAP:ff5bf319-5c0a-410b-9fec-64fdf14d66d3:fresnocountyca.gov", "DisclID": "fresnocountyca.gov", "CountyLocalID": null, "GERS_ID": "ff5bf319-5c0a-410b-9fec-64fdf14d66d3", "ConflationStatus": "OVERTURE_ONLY", "Source": "OVERTURE_MAPS", "HNO": "5646", "PRD": null, "STN": "S TEMPERANCE AVE", "STS": null, "Unit": null, "CommunityName": "FRESNO", "County": "FRESNO", "State": "CA", "PostCode": "93625", "SpatialOffsetMeters": null}}, {"type": "Feature", "geometry": {"type": "Point", "coordinates": [-119.6831197, 36.6581324]}, "properties": {"SSAP_NGUID": "urn:emergency:uid:gis:SSAP:3366a836-4130-4a88-8cd8-00ba3a0cad94:fresnocountyca.gov", "DisclID": "fresnocountyca.gov", "CountyLocalID": null, "GERS_ID": "3366a836-4130-4a88-8cd8-00ba3a0cad94", "ConflationStatus": "OVERTURE_ONLY", "Source": "OVERTURE_MAPS", "HNO": "5844", "PRD": null, "STN": "E JEFFERSON AVE", "STS": null, "Unit": null, "CommunityName": "FRESNO", "County": "FRESNO", "State": "CA", "PostCode": "93725", "SpatialOffsetMeters": null}}, {"type": "Feature", "geometry": {"type": "Point", "coordinates": [-119.6854349, 36.6508545]}, "properties": {"SSAP_NGUID": "urn:emergency:uid:gis:SSAP:137d8788-2e71-4d76-96d5-31aa495f105f:fresnocountyca.gov", "DisclID": "fresnocountyca.gov", "CountyLocalID": null, "GERS_ID": "137d8788-2e71-4d76-96d5-31aa495f105f", "ConflationStatus": "OVERTURE_ONLY", "Source": "OVERTURE_MAPS", "HNO": "5737", "PRD": null, "STN": "S FOWLER AVE", "STS": null, "Unit": null, "CommunityName": "FRESNO", "County": "FRESNO", "State": "CA", "PostCode": "93725", "SpatialOffsetMeters": null}}, {"type": "Feature", "geometry": {"type": "Point", "coordinates": [-119.6561795, 36.6522846]}, "properties": {"SSAP_NGUID": "urn:emergency:uid:gis:SSAP:bf84d483-c40c-4266-b890-b89606027fea:fresnocountyca.gov", "DisclID": "fresnocountyca.gov", "CountyLocalID": null, "GERS_ID": "bf84d483-c40c-4266-b890-b89606027fea", "ConflationStatus": "OVERTURE_ONLY", "Source": "OVERTURE_MAPS", "HNO": "5711", "PRD": null, "STN": "S LOCAN AVE", "STS": null, "Unit": null, "CommunityName": "FRESNO", "County": "FRESNO", "State": "CA", "PostCode": "93625", "SpatialOffsetMeters": null}}, {"type": "Feature", "geometry": {"type": "Point", "coordinates": [-119.7184393, 36.6522912]}, "properties": {"SSAP_NGUID": "urn:emergency:uid:gis:SSAP:9d5d3230-6a62-4772-91f8-4c4353e4c149:fresnocountyca.gov", "DisclID": "fresnocountyca.gov", "CountyLocalID": null, "GERS_ID": "9d5d3230-6a62-4772-91f8-4c4353e4c149", "ConflationStatus": "OVERTURE_ONLY", "Source": "OVERTURE_MAPS", "HNO": "5749", "PRD": null, "STN": "S PEACH AVE", "STS": null, "Unit": null, "CommunityName": "FRESNO", "County": "FRESNO", "State": "CA", "PostCode": "93725", "SpatialOffsetMeters": null}}, {"type": "Feature", "geometry": {"type": "Point", "coordinates": [-119.7105562, 36.6525579]}, "properties": {"SSAP_NGUID": "urn:emergency:uid:gis:SSAP:6fbf2628-8da4-41c9-ad5f-d05515d4c745:fresnocountyca.gov", "DisclID": "fresnocountyca.gov", "CountyLocalID": null, "GERS_ID": "6fbf2628-8da4-41c9-ad5f-d05515d4c745", "ConflationStatus": "OVERTURE_ONLY", "Source": "OVERTURE_MAPS", "HNO": "5763", "PRD": null, "STN": "S ABSOLUT AVE", "STS": null, "Unit": null, "CommunityName": "FRESNO", "County": "FRESNO", "State": "CA", "PostCode": "93725", "SpatialOffsetMeters": null}}, {"type": "Feature", "geometry": {"type": "Point", "coordinates": [-119.7171983, 36.6505428]}, "properties": {"SSAP_NGUID": "urn:emergency:uid:gis:SSAP:67211433-5c22-43d9-a517-681a9953e761:fresnocountyca.gov", "DisclID": "fresnocountyca.gov", "CountyLocalID": null, "GERS_ID": "67211433-5c22-43d9-a517-681a9953e761", "ConflationStatus": "OVERTURE_ONLY", "Source": "OVERTURE_MAPS", "HNO": "5848", "PRD": null, "STN": "S PEACH AVE", "STS": null, "Unit": null, "CommunityName": "FRESNO", "County": "FRESNO", "State": "CA", "PostCode": "93725", "SpatialOffsetMeters": null}}, {"type": "Feature", "geometry": {"type": "Point", "coordinates": [-119.7077579, 36.6512075]}, "properties": {"SSAP_NGUID": "urn:emergency:uid:gis:SSAP:eaf4e07d-c6f7-4593-88cd-b6aed7813114:fresnocountyca.gov", "DisclID": "fresnocountyca.gov", "CountyLocalID": null, "GERS_ID": "eaf4e07d-c6f7-4593-88cd-b6aed7813114", "ConflationStatus": "OVERTURE_ONLY", "Source": "OVERTURE_MAPS", "HNO": "4533", "PRD": null, "STN": "E CITRON", "STS": null, "Unit": null, "CommunityName": "FRESNO", "County": "FRESNO", "State": "CA", "PostCode": "93725", "SpatialOffsetMeters": null}}, {"type": "Feature", "geometry": {"type": "Point", "coordinates": [-119.7095844, 36.6513994]}, "properties": {"SSAP_NGUID": "urn:emergency:uid:gis:SSAP:2104f3ab-3db8-4a9d-9dd1-2ab329c0d72c:fresnocountyca.gov", "DisclID": "fresnocountyca.gov", "CountyLocalID": null, "GERS_ID": "2104f3ab-3db8-4a9d-9dd1-2ab329c0d72c", "ConflationStatus": "OVERTURE_ONLY", "Source": "OVERTURE_MAPS", "HNO": "5825", "PRD": null, "STN": "TOYOTA PL", "STS": null, "Unit": null, "CommunityName": "FRESNO", "County": "FRESNO", "State": "CA", "PostCode": "93725", "SpatialOffsetMeters": null}}, {"type": "Feature", "geometry": {"type": "Point", "coordinates": [-119.7057673, 36.6530765]}, "properties": {"SSAP_NGUID": "urn:emergency:uid:gis:SSAP:98021a6e-0873-405b-82ce-94ab1058ec2e:fresnocountyca.gov", "DisclID": "fresnocountyca.gov", "CountyLocalID": null, "GERS_ID": "98021a6e-0873-405b-82ce-94ab1058ec2e", "ConflationStatus": "OVERTURE_ONLY", "Source": "OVERTURE_MAPS", "HNO": "5720", "PRD": null, "STN": "S GOLDEN STATE BLVD", "STS": null, "Unit": null, "CommunityName": "FRESNO", "County": "FRESNO", "State": "CA", "PostCode": "93725", "SpatialOffsetMeters": null}}, {"type": "Feature", "geometry": {"type": "Point", "coordinates": [-119.6974223, 36.659164]}, "properties": {"SSAP_NGUID": "urn:emergency:uid:gis:SSAP:c1a0f550-d43e-40ba-af21-b28e5cfb29a7:fresnocountyca.gov", "DisclID": "fresnocountyca.gov", "CountyLocalID": null, "GERS_ID": "c1a0f550-d43e-40ba-af21-b28e5cfb29a7", "ConflationStatus": "OVERTURE_ONLY", "Source": "OVERTURE_MAPS", "HNO": "5266", "PRD": null, "STN": "S CLOVIS AVE", "STS": null, "Unit": null, "CommunityName": "FRESNO", "County": "FRESNO", "State": "CA", "PostCode": "93725", "SpatialOffsetMeters": null}}, {"type": "Feature", "geometry": {"type": "Point", "coordinates": [-119.7015707, 36.6587028]}, "properties": {"SSAP_NGUID": "urn:emergency:uid:gis:SSAP:bc57b480-a188-45fc-8b37-16f58be3c896:fresnocountyca.gov", "DisclID": "fresnocountyca.gov", "CountyLocalID": null, "GERS_ID": "bc57b480-a188-45fc-8b37-16f58be3c896", "ConflationStatus": "OVERTURE_ONLY", "Source": "OVERTURE_MAPS", "HNO": "5333", "PRD": null, "STN": "S CLOVIS AVE", "STS": null, "Unit": null, "CommunityName": "FRESNO", "County": "FRESNO", "State": "CA", "PostCode": "93725", "SpatialOffsetMeters": null}}, {"type": "Feature", "geometry": {"type": "Point", "coordinates": [-119.7173177, 36.6595439]}, "properties": {"SSAP_NGUID": "urn:emergency:uid:gis:SSAP:3ee0b850-39ca-41b1-a336-57576df8b11d:fresnocountyca.gov", "DisclID": "fresnocountyca.gov", "CountyLocalID": null, "GERS_ID": "3ee0b850-39ca-41b1-a336-57576df8b11d", "ConflationStatus": "OVERTURE_ONLY", "Source": "OVERTURE_MAPS", "HNO": "5246", "PRD": null, "STN": "S PEACH AVE", "STS": null, "Unit": null, "CommunityName": "FRESNO", "County": "FRESNO", "State": "CA", "PostCode": "93725", "SpatialOffsetMeters": null}}, {"type": "Feature", "geometry": {"type": "Point", "coordinates": [-119.7107659, 36.6576959]}, "properties": {"SSAP_NGUID": "urn:emergency:uid:gis:SSAP:847c624b-288c-4cb9-a284-fc828bd4e1d2:fresnocountyca.gov", "DisclID": "fresnocountyca.gov", "CountyLocalID": null, "GERS_ID": "847c624b-288c-4cb9-a284-fc828bd4e1d2", "ConflationStatus": "OVERTURE_ONLY", "Source": "OVERTURE_MAPS", "HNO": "5464", "PRD": null, "STN": "S GOLDEN STATE BLVD", "STS": null, "Unit": null, "CommunityName": "FRESNO", "County": "FRESNO", "State": "CA", "PostCode": "93725", "SpatialOffsetMeters": null}}, {"type": "Feature", "geometry": {"type": "Point", "coordinates": [-119.7143196, 36.654628]}, "properties": {"SSAP_NGUID": "urn:emergency:uid:gis:SSAP:f9bf7b18-a4c2-4a49-9403-617c56d23145:fresnocountyca.gov", "DisclID": "fresnocountyca.gov", "CountyLocalID": null, "GERS_ID": "f9bf7b18-a4c2-4a49-9403-617c56d23145", "ConflationStatus": "OVERTURE_ONLY", "Source": "OVERTURE_MAPS", "HNO": "4199", "PRD": null, "STN": "E JEFFERSON AVE", "STS": null, "Unit": null, "CommunityName": "FRESNO", "County": "FRESNO", "State": "CA", "PostCode": "93725", "SpatialOffsetMeters": null}}, {"type": "Feature", "geometry": {"type": "Point", "coordinates": [-119.722144, 36.658106]}, "properties": {"SSAP_NGUID": "urn:emergency:uid:gis:SSAP:2793c831-1909-4a07-9bfc-0a979b3da24e:fresnocountyca.gov", "DisclID": "fresnocountyca.gov", "CountyLocalID": null, "GERS_ID": "2793c831-1909-4a07-9bfc-0a979b3da24e", "ConflationStatus": "OVERTURE_ONLY", "Source": "OVERTURE_MAPS", "HNO": "3740", "PRD": null, "STN": "E JEFFERSON AVE", "STS": null, "Unit": null, "CommunityName": "FRESNO", "County": "FRESNO", "State": "CA", "PostCode": "93725", "SpatialOffsetMeters": null}}, {"type": "Feature", "geometry": {"type": "Point", "coordinates": [-119.7410355, 36.6573188]}, "properties": {"SSAP_NGUID": "urn:emergency:uid:gis:SSAP:fdcd58d9-bd1f-4dd6-b6d5-875fe47f9230:fresnocountyca.gov", "DisclID": "fresnocountyca.gov", "CountyLocalID": null, "GERS_ID": "fdcd58d9-bd1f-4dd6-b6d5-875fe47f9230", "ConflationStatus": "OVERTURE_ONLY", "Source": "OVERTURE_MAPS", "HNO": "2738", "PRD": null, "STN": "E JEFFERSON AVE", "STS": null, "Unit": null, "CommunityName": "FRESNO", "County": "FRESNO", "State": "CA", "PostCode": "93725", "SpatialOffsetMeters": null}}, {"type": "Feature", "geometry": {"type": "Point", "coordinates": [-119.742615, 36.656738]}, "properties": {"SSAP_NGUID": "urn:emergency:uid:gis:SSAP:b904349a-209e-4db9-9008-e0ca6a5656a9:fresnocountyca.gov", "DisclID": "fresnocountyca.gov", "CountyLocalID": null, "GERS_ID": "b904349a-209e-4db9-9008-e0ca6a5656a9", "ConflationStatus": "OVERTURE_ONLY", "Source": "OVERTURE_MAPS", "HNO": "2662", "PRD": null, "STN": "E JEFFERSON AVE", "STS": null, "Unit": null, "CommunityName": "FRESNO", "County": "FRESNO", "State": "CA", "PostCode": "93725", "SpatialOffsetMeters": null}}, {"type": "Feature", "geometry": {"type": "Point", "coordinates": [-119.7402856, 36.6536045]}, "properties": {"SSAP_NGUID": "urn:emergency:uid:gis:SSAP:77317cae-fa83-4ebb-91c9-67c04110053d:fresnocountyca.gov", "DisclID": "fresnocountyca.gov", "CountyLocalID": null, "GERS_ID": "77317cae-fa83-4ebb-91c9-67c04110053d", "ConflationStatus": "OVERTURE_ONLY", "Source": "OVERTURE_MAPS", "HNO": "5619", "PRD": null, "STN": "S CHESTNUT AVE", "STS": null, "Unit": null, "CommunityName": "FRESNO", "County": "FRESNO", "State": "CA", "PostCode": "93725", "SpatialOffsetMeters": null}}, {"type": "Feature", "geometry": {"type": "Point", "coordinates": [-119.7541316, 36.6500691]}, "properties": {"SSAP_NGUID": "urn:emergency:uid:gis:SSAP:3b0e9356-55f8-431b-b1c6-c65752af39ed:fresnocountyca.gov", "DisclID": "fresnocountyca.gov", "CountyLocalID": null, "GERS_ID": "3b0e9356-55f8-431b-b1c6-c65752af39ed", "ConflationStatus": "OVERTURE_ONLY", "Source": "OVERTURE_MAPS", "HNO": "5860", "PRD": null, "STN": "S CEDAR AVE", "STS": null, "Unit": null, "CommunityName": "FRESNO", "County": "FRESNO", "State": "CA", "PostCode": "93725", "SpatialOffsetMeters": null}}, {"type": "Feature", "geometry": {"type": "Point", "coordinates": [-119.7633276, 36.6517919]}, "properties": {"SSAP_NGUID": "urn:emergency:uid:gis:SSAP:dd77f292-a8c9-470c-8e8c-7435e41a45d0:fresnocountyca.gov", "DisclID": "fresnocountyca.gov", "CountyLocalID": null, "GERS_ID": "dd77f292-a8c9-470c-8e8c-7435e41a45d0", "ConflationStatus": "OVERTURE_ONLY", "Source": "OVERTURE_MAPS", "HNO": "5755", "PRD": null, "STN": "S ORANGE AVE", "STS": null, "Unit": null, "CommunityName": "FRESNO", "County": "FRESNO", "State": "CA", "PostCode": "93725", "SpatialOffsetMeters": null}}, {"type": "Feature", "geometry": {"type": "Point", "coordinates": [-119.7751325, 36.6537127]}, "properties": {"SSAP_NGUID": "urn:emergency:uid:gis:SSAP:5fad9c51-7cc1-4e64-8eb9-913acf08a184:fresnocountyca.gov", "DisclID": "fresnocountyca.gov", "CountyLocalID": null, "GERS_ID": "5fad9c51-7cc1-4e64-8eb9-913acf08a184", "ConflationStatus": "OVERTURE_ONLY", "Source": "OVERTURE_MAPS", "HNO": "5631", "PRD": null, "STN": "S EAST AVE", "STS": null, "Unit": null, "CommunityName": "FRESNO", "County": "FRESNO", "State": "CA", "PostCode": "93725", "SpatialOffsetMeters": null}}, {"type": "Feature", "geometry": {"type": "Point", "coordinates": [-119.7721979, 36.6563551]}, "properties": {"SSAP_NGUID": "urn:emergency:uid:gis:SSAP:a7f6ceb3-9050-46f4-9008-bf0fced43f89:fresnocountyca.gov", "DisclID": "fresnocountyca.gov", "CountyLocalID": null, "GERS_ID": "a7f6ceb3-9050-46f4-9008-bf0fced43f89", "ConflationStatus": "OVERTURE_ONLY", "Source": "OVERTURE_MAPS", "HNO": "1040", "PRD": null, "STN": "E JEFFERSON AVE", "STS": null, "Unit": null, "CommunityName": "FRESNO", "County": "FRESNO", "State": "CA", "PostCode": "93725", "SpatialOffsetMeters": null}}, {"type": "Feature", "geometry": {"type": "Point", "coordinates": [-119.7607024, 36.6567163]}, "properties": {"SSAP_NGUID": "urn:emergency:uid:gis:SSAP:06a8c688-f875-4115-8b78-2e157894469a:fresnocountyca.gov", "DisclID": "fresnocountyca.gov", "CountyLocalID": null, "GERS_ID": "06a8c688-f875-4115-8b78-2e157894469a", "ConflationStatus": "OVERTURE_ONLY", "Source": "OVERTURE_MAPS", "HNO": "1632", "PRD": null, "STN": "E JEFFERSON AVE", "STS": null, "Unit": null, "CommunityName": "FRESNO", "County": "FRESNO", "State": "CA", "PostCode": "93725", "SpatialOffsetMeters": null}}, {"type": "Feature", "geometry": {"type": "Point", "coordinates": [-119.7751278, 36.6581559]}, "properties": {"SSAP_NGUID": "urn:emergency:uid:gis:SSAP:26fbb4e3-4343-42fe-adaa-ded36e9c013c:fresnocountyca.gov", "DisclID": "fresnocountyca.gov", "CountyLocalID": null, "GERS_ID": "26fbb4e3-4343-42fe-adaa-ded36e9c013c", "ConflationStatus": "OVERTURE_ONLY", "Source": "OVERTURE_MAPS", "HNO": "5365", "PRD": null, "STN": "S EAST AVE", "STS": null, "Unit": null, "CommunityName": "FRESNO", "County": "FRESNO", "State": "CA", "PostCode": "93725", "SpatialOffsetMeters": null}}, {"type": "Feature", "geometry": {"type": "Point", "coordinates": [-119.7810925, 36.6571514]}, "properties": {"SSAP_NGUID": "urn:emergency:uid:gis:SSAP:a845f2ad-2d2b-4a23-b6bc-fd895b54ee6a:fresnocountyca.gov", "DisclID": "fresnocountyca.gov", "CountyLocalID": null, "GERS_ID": "a845f2ad-2d2b-4a23-b6bc-fd895b54ee6a", "ConflationStatus": "OVERTURE_ONLY", "Source": "OVERTURE_MAPS", "HNO": "5406", "PRD": null, "STN": "S CHERRY AVE", "STS": null, "Unit": null, "CommunityName": "FRESNO", "County": "FRESNO", "State": "CA", "PostCode": "93706", "SpatialOffsetMeters": null}}, {"type": "Feature", "geometry": {"type": "Point", "coordinates": [-119.7882188, 36.6557049]}, "properties": {"SSAP_NGUID": "urn:emergency:uid:gis:SSAP:facbf8f9-d074-4fb7-b37d-3a4796462c77:fresnocountyca.gov", "DisclID": "fresnocountyca.gov", "CountyLocalID": null, "GERS_ID": "facbf8f9-d074-4fb7-b37d-3a4796462c77", "ConflationStatus": "OVERTURE_ONLY", "Source": "OVERTURE_MAPS", "HNO": "131", "PRD": null, "STN": "E JEFFERSON AVE", "STS": null, "Unit": null, "CommunityName": "FRESNO", "County": "FRESNO", "State": "CA", "PostCode": "93706", "SpatialOffsetMeters": null}}, {"type": "Feature", "geometry": {"type": "Point", "coordinates": [-119.7895142, 36.656357]}, "properties": {"SSAP_NGUID": "urn:emergency:uid:gis:SSAP:96eb136f-54c7-401b-85c0-3da4521a5fe3:fresnocountyca.gov", "DisclID": "fresnocountyca.gov", "CountyLocalID": null, "GERS_ID": "96eb136f-54c7-401b-85c0-3da4521a5fe3", "ConflationStatus": "OVERTURE_ONLY", "Source": "OVERTURE_MAPS", "HNO": "70", "PRD": null, "STN": "E JEFFERSON AVE", "STS": null, "Unit": null, "CommunityName": "FRESNO", "County": "FRESNO", "State": "CA", "PostCode": "93706", "SpatialOffsetMeters": null}}, {"type": "Feature", "geometry": {"type": "Point", "coordinates": [-119.7912327, 36.6562013]}, "properties": {"SSAP_NGUID": "urn:emergency:uid:gis:SSAP:088de94d-0a7a-4448-b939-53028cafb110:fresnocountyca.gov", "DisclID": "fresnocountyca.gov", "CountyLocalID": null, "GERS_ID": "088de94d-0a7a-4448-b939-53028cafb110", "ConflationStatus": "OVERTURE_ONLY", "Source": "OVERTURE_MAPS", "HNO": "5469", "PRD": null, "STN": "S ELM AVE", "STS": null, "Unit": null, "CommunityName": "FRESNO", "County": "FRESNO", "State": "CA", "PostCode": "93706", "SpatialOffsetMeters": null}}, {"type": "Feature", "geometry": {"type": "Point", "coordinates": [-119.7896574, 36.65469]}, "properties": {"SSAP_NGUID": "urn:emergency:uid:gis:SSAP:455b1856-c5d1-43f6-b61a-7435b81b079c:fresnocountyca.gov", "DisclID": "fresnocountyca.gov", "CountyLocalID": null, "GERS_ID": "455b1856-c5d1-43f6-b61a-7435b81b079c", "ConflationStatus": "OVERTURE_ONLY", "Source": "OVERTURE_MAPS", "HNO": "5568", "PRD": null, "STN": "S ELM AVE", "STS": null, "Unit": null, "CommunityName": "FRESNO", "County": "FRESNO", "State": "CA", "PostCode": "93706", "SpatialOffsetMeters": null}}, {"type": "Feature", "geometry": {"type": "Point", "coordinates": [-119.796, 36.6543112]}, "properties": {"SSAP_NGUID": "urn:emergency:uid:gis:SSAP:f71a4f58-b053-4d91-a361-b06b82c960f0:fresnocountyca.gov", "DisclID": "fresnocountyca.gov", "CountyLocalID": null, "GERS_ID": "f71a4f58-b053-4d91-a361-b06b82c960f0", "ConflationStatus": "OVERTURE_ONLY", "Source": "OVERTURE_MAPS", "HNO": "5593", "PRD": null, "STN": "S CLARA AVE", "STS": null, "Unit": null, "CommunityName": "FRESNO", "County": "FRESNO", "State": "CA", "PostCode": "93706", "SpatialOffsetMeters": null}}, {"type": "Feature", "geometry": {"type": "Point", "coordinates": [-119.7964056, 36.6556229]}, "properties": {"SSAP_NGUID": "urn:emergency:uid:gis:SSAP:6a0f463f-3cb9-45f6-9c67-c04087557228:fresnocountyca.gov", "DisclID": "fresnocountyca.gov", "CountyLocalID": null, "GERS_ID": "6a0f463f-3cb9-45f6-9c67-c04087557228", "ConflationStatus": "OVERTURE_ONLY", "Source": "OVERTURE_MAPS", "HNO": "299", "PRD": null, "STN": "W JEFFERSON AVE", "STS": null, "Unit": null, "CommunityName": "FRESNO", "County": "FRESNO", "State": "CA", "PostCode": "93706", "SpatialOffsetMeters": null}}, {"type": "Feature", "geometry": {"type": "Point", "coordinates": [-119.7972626, 36.6588051]}, "properties": {"SSAP_NGUID": "urn:emergency:uid:gis:SSAP:a28695ac-1cd1-47e7-9751-153e430f6f6a:fresnocountyca.gov", "DisclID": "fresnocountyca.gov", "CountyLocalID": null, "GERS_ID": "a28695ac-1cd1-47e7-9751-153e430f6f6a", "ConflationStatus": "OVERTURE_ONLY", "Source": "OVERTURE_MAPS", "HNO": "5252", "PRD": null, "STN": "S FIG AVE", "STS": null, "Unit": null, "CommunityName": "FRESNO", "County": "FRESNO", "State": "CA", "PostCode": "93706", "SpatialOffsetMeters": null}}, {"type": "Feature", "geometry": {"type": "Point", "coordinates": [-119.8166602, 36.6599372]}, "properties": {"SSAP_NGUID": "urn:emergency:uid:gis:SSAP:5a099e7b-d75f-4064-a242-d3ccd5099c75:fresnocountyca.gov", "DisclID": "fresnocountyca.gov", "CountyLocalID": null, "GERS_ID": "5a099e7b-d75f-4064-a242-d3ccd5099c75", "ConflationStatus": "OVERTURE_ONLY", "Source": "OVERTURE_MAPS", "HNO": "5220", "PRD": null, "STN": "S FRUIT AVE", "STS": null, "Unit": null, "CommunityName": "FRESNO", "County": "FRESNO", "State": "CA", "PostCode": "93706", "SpatialOffsetMeters": null}}, {"type": "Feature", "geometry": {"type": "Point", "coordinates": [-119.8092928, 36.6563894]}, "properties": {"SSAP_NGUID": "urn:emergency:uid:gis:SSAP:e1cdd87b-1f7a-4177-a5dc-ed2396f3e353:fresnocountyca.gov", "DisclID": "fresnocountyca.gov", "CountyLocalID": null, "GERS_ID": "e1cdd87b-1f7a-4177-a5dc-ed2396f3e353", "ConflationStatus": "OVERTURE_ONLY", "Source": "OVERTURE_MAPS", "HNO": "5463", "PRD": null, "STN": "S WALNUT AVE", "STS": null, "Unit": null, "CommunityName": "FRESNO", "County": "FRESNO", "State": "CA", "PostCode": "93706", "SpatialOffsetMeters": null}}, {"type": "Feature", "geometry": {"type": "Point", "coordinates": [-119.8003037, 36.6539239]}, "properties": {"SSAP_NGUID": "urn:emergency:uid:gis:SSAP:cb8827b2-68ca-463a-92a9-03b664dd6710:fresnocountyca.gov", "DisclID": "fresnocountyca.gov", "CountyLocalID": null, "GERS_ID": "cb8827b2-68ca-463a-92a9-03b664dd6710", "ConflationStatus": "OVERTURE_ONLY", "Source": "OVERTURE_MAPS", "HNO": "5615", "PRD": null, "STN": "S FIG AVE", "STS": null, "Unit": null, "CommunityName": "FRESNO", "County": "FRESNO", "State": "CA", "PostCode": "93706", "SpatialOffsetMeters": null}}, {"type": "Feature", "geometry": {"type": "Point", "coordinates": [-119.8199436, 36.6514224]}, "properties": {"SSAP_NGUID": "urn:emergency:uid:gis:SSAP:84f16f94-471b-483f-a6cd-33e68d53639d:fresnocountyca.gov", "DisclID": "fresnocountyca.gov", "CountyLocalID": null, "GERS_ID": "84f16f94-471b-483f-a6cd-33e68d53639d", "ConflationStatus": "OVERTURE_ONLY", "Source": "OVERTURE_MAPS", "HNO": "5773", "PRD": null, "STN": "S FRUIT AVE", "STS": null, "Unit": null, "CommunityName": "FRESNO", "County": "FRESNO", "State": "CA", "PostCode": "93706", "SpatialOffsetMeters": null}}, {"type": "Feature", "geometry": {"type": "Point", "coordinates": [-119.793482, 36.6504685]}, "properties": {"SSAP_NGUID": "urn:emergency:uid:gis:SSAP:4d126f5a-2d03-40b3-a434-5db7c2055470:fresnocountyca.gov", "DisclID": "fresnocountyca.gov", "CountyLocalID": null, "GERS_ID": "4d126f5a-2d03-40b3-a434-5db7c2055470", "ConflationStatus": "OVERTURE_ONLY", "Source": "OVERTURE_MAPS", "HNO": "5850", "PRD": null, "STN": "S EUNICE AVE", "STS": null, "Unit": null, "CommunityName": "FRESNO", "County": "FRESNO", "State": "CA", "PostCode": "93706", "SpatialOffsetMeters": null}}, {"type": "Feature", "geometry": {"type": "Point", "coordinates": [-119.7889152, 36.6502764]}, "properties": {"SSAP_NGUID": "urn:emergency:uid:gis:SSAP:04ac9e4b-1d3c-4273-9bef-33477a981ee7:fresnocountyca.gov", "DisclID": "fresnocountyca.gov", "CountyLocalID": null, "GERS_ID": "04ac9e4b-1d3c-4273-9bef-33477a981ee7", "ConflationStatus": "OVERTURE_ONLY", "Source": "OVERTURE_MAPS", "HNO": "102", "PRD": null, "STN": "E WILLAMETTE AVE", "STS": null, "Unit": null, "CommunityName": "FRESNO", "County": "FRESNO", "State": "CA", "PostCode": "93706", "SpatialOffsetMeters": null}}, {"type": "Feature", "geometry": {"type": "Point", "coordinates": [-119.790557, 36.6506418]}, "properties": {"SSAP_NGUID": "urn:emergency:uid:gis:SSAP:ff3a1f96-1b04-47db-b790-a8f2458f29cd:fresnocountyca.gov", "DisclID": "fresnocountyca.gov", "CountyLocalID": null, "GERS_ID": "ff3a1f96-1b04-47db-b790-a8f2458f29cd", "ConflationStatus": "OVERTURE_ONLY", "Source": "OVERTURE_MAPS", "HNO": "5836", "PRD": null, "STN": "S ELM AVE", "STS": null, "Unit": null, "CommunityName": "FRESNO", "County": "FRESNO", "State": "CA", "PostCode": "93706", "SpatialOffsetMeters": null}}, {"type": "Feature", "geometry": {"type": "Point", "coordinates": [-119.7965102, 36.6507271]}, "properties": {"SSAP_NGUID": "urn:emergency:uid:gis:SSAP:c600c972-a19b-46a8-952e-671bd6d0ee72:fresnocountyca.gov", "DisclID": "fresnocountyca.gov", "CountyLocalID": null, "GERS_ID": "c600c972-a19b-46a8-952e-671bd6d0ee72", "ConflationStatus": "OVERTURE_ONLY", "Source": "OVERTURE_MAPS", "HNO": "5819", "PRD": null, "STN": "S CLARA AVE", "STS": null, "Unit": null, "CommunityName": "FRESNO", "County": "FRESNO", "State": "CA", "PostCode": "93706", "SpatialOffsetMeters": null}}, {"type": "Feature", "geometry": {"type": "Point", "coordinates": [-119.7942776, 36.650102]}, "properties": {"SSAP_NGUID": "urn:emergency:uid:gis:SSAP:a49eebff-a06b-41e8-9b9d-10dd492a67a6:fresnocountyca.gov", "DisclID": "fresnocountyca.gov", "CountyLocalID": null, "GERS_ID": "a49eebff-a06b-41e8-9b9d-10dd492a67a6", "ConflationStatus": "OVERTURE_ONLY", "Source": "OVERTURE_MAPS", "HNO": "184", "PRD": null, "STN": "W WILLAMETTE AVE", "STS": null, "Unit": null, "CommunityName": "FRESNO", "County": "FRESNO", "State": "CA", "PostCode": "93706", "SpatialOffsetMeters": null}}, {"type": "Feature", "geometry": {"type": "Point", "coordinates": [-119.7959809, 36.6517979]}, "properties": {"SSAP_NGUID": "urn:emergency:uid:gis:SSAP:4b39c2dd-b2c8-4bc8-9b0d-cbe4043292d1:fresnocountyca.gov", "DisclID": "fresnocountyca.gov", "CountyLocalID": null, "GERS_ID": "4b39c2dd-b2c8-4bc8-9b0d-cbe4043292d1", "ConflationStatus": "OVERTURE_ONLY", "Source": "OVERTURE_MAPS", "HNO": "285", "PRD": null, "STN": "W FANTZ AVE", "STS": null, "Unit": null, "CommunityName": "FRESNO", "County": "FRESNO", "State": "CA", "PostCode": "93706", "SpatialOffsetMeters": null}}, {"type": "Feature", "geometry": {"type": "Point", "coordinates": [-119.7978813, 36.6529265]}, "properties": {"SSAP_NGUID": "urn:emergency:uid:gis:SSAP:b5b0070d-2fd1-4f31-ad40-0302448147cc:fresnocountyca.gov", "DisclID": "fresnocountyca.gov", "CountyLocalID": null, "GERS_ID": "b5b0070d-2fd1-4f31-ad40-0302448147cc", "ConflationStatus": "OVERTURE_ONLY", "Source": "OVERTURE_MAPS", "HNO": "374", "PRD": null, "STN": "W FANTZ AVE", "STS": null, "Unit": null, "CommunityName": "FRESNO", "County": "FRESNO", "State": "CA", "PostCode": "93706", "SpatialOffsetMeters": null}}, {"type": "Feature", "geometry": {"type": "Point", "coordinates": [-119.7936565, 36.6526924]}, "properties": {"SSAP_NGUID": "urn:emergency:uid:gis:SSAP:1cdb23e7-5fa4-42ba-897d-05de1749869e:fresnocountyca.gov", "DisclID": "fresnocountyca.gov", "CountyLocalID": null, "GERS_ID": "1cdb23e7-5fa4-42ba-897d-05de1749869e", "ConflationStatus": "OVERTURE_ONLY", "Source": "OVERTURE_MAPS", "HNO": "160", "PRD": null, "STN": "W FANTZ AVE", "STS": null, "Unit": null, "CommunityName": "FRESNO", "County": "FRESNO", "State": "CA", "PostCode": "93706", "SpatialOffsetMeters": null}}, {"type": "Feature", "geometry": {"type": "Point", "coordinates": [-119.7897129, 36.652948]}, "properties": {"SSAP_NGUID": "urn:emergency:uid:gis:SSAP:b7040ac4-e86d-4ab7-8142-ee13f2df4266:fresnocountyca.gov", "DisclID": "fresnocountyca.gov", "CountyLocalID": null, "GERS_ID": "b7040ac4-e86d-4ab7-8142-ee13f2df4266", "ConflationStatus": "OVERTURE_ONLY", "Source": "OVERTURE_MAPS", "HNO": "5688", "PRD": null, "STN": "S ELM AVE", "STS": null, "Unit": null, "CommunityName": "FRESNO", "County": "FRESNO", "State": "CA", "PostCode": "93706", "SpatialOffsetMeters": null}}, {"type": "Feature", "geometry": {"type": "Point", "coordinates": [-119.7899309, 36.652095]}, "properties": {"SSAP_NGUID": "urn:emergency:uid:gis:SSAP:df7927ba-d7e6-4809-9b1c-677b76cf77b8:fresnocountyca.gov", "DisclID": "fresnocountyca.gov", "CountyLocalID": null, "GERS_ID": "df7927ba-d7e6-4809-9b1c-677b76cf77b8", "ConflationStatus": "OVERTURE_ONLY", "Source": "OVERTURE_MAPS", "HNO": "51", "PRD": null, "STN": "E FANTZ AVE", "STS": null, "Unit": null, "CommunityName": "FRESNO", "County": "FRESNO", "State": "CA", "PostCode": "93706", "SpatialOffsetMeters": null}}, {"type": "Feature", "geometry": {"type": "Point", "coordinates": [-119.7928074, 36.6520072]}, "properties": {"SSAP_NGUID": "urn:emergency:uid:gis:SSAP:2a844b25-75f0-4422-85e6-0e3eb502fcde:fresnocountyca.gov", "DisclID": "fresnocountyca.gov", "CountyLocalID": null, "GERS_ID": "2a844b25-75f0-4422-85e6-0e3eb502fcde", "ConflationStatus": "OVERTURE_ONLY", "Source": "OVERTURE_MAPS", "HNO": "5745", "PRD": null, "STN": "S GENEVA AVE", "STS": null, "Unit": null, "CommunityName": "FRESNO", "County": "FRESNO", "State": "CA", "PostCode": "93706", "SpatialOffsetMeters": null}}, {"type": "Feature", "geometry": {"type": "Point", "coordinates": [-119.7921582, 36.6513632]}, "properties": {"SSAP_NGUID": "urn:emergency:uid:gis:SSAP:d5486dcb-3e69-4a7d-8df1-57e56c3602c7:fresnocountyca.gov", "DisclID": "fresnocountyca.gov", "CountyLocalID": null, "GERS_ID": "d5486dcb-3e69-4a7d-8df1-57e56c3602c7", "ConflationStatus": "OVERTURE_ONLY", "Source": "OVERTURE_MAPS", "HNO": "66", "PRD": null, "STN": "W HOPKINS AVE", "STS": null, "Unit": null, "CommunityName": "FRESNO", "County": "FRESNO", "State": "CA", "PostCode": "93706", "SpatialOffsetMeters": null}}, {"type": "Feature", "geometry": {"type": "Point", "coordinates": [-119.7913252, 36.6515899]}, "properties": {"SSAP_NGUID": "urn:emergency:uid:gis:SSAP:fc424783-6488-4651-b485-70688336e159:fresnocountyca.gov", "DisclID": "fresnocountyca.gov", "CountyLocalID": null, "GERS_ID": "fc424783-6488-4651-b485-70688336e159", "ConflationStatus": "OVERTURE_ONLY", "Source": "OVERTURE_MAPS", "HNO": "5769", "PRD": null, "STN": "S ELM AVE", "STS": null, "Unit": null, "CommunityName": "FRESNO", "County": "FRESNO", "State": "CA", "PostCode": "93706", "SpatialOffsetMeters": null}}, {"type": "Feature", "geometry": {"type": "Point", "coordinates": [-119.7891994, 36.651398]}, "properties": {"SSAP_NGUID": "urn:emergency:uid:gis:SSAP:60808c89-9a8a-4533-a42d-1e891188b518:fresnocountyca.gov", "DisclID": "fresnocountyca.gov", "CountyLocalID": null, "GERS_ID": "60808c89-9a8a-4533-a42d-1e891188b518", "ConflationStatus": "OVERTURE_ONLY", "Source": "OVERTURE_MAPS", "HNO": "5796", "PRD": null, "STN": "S POPPY AVE", "STS": null, "Unit": null, "CommunityName": "FRESNO", "County": "FRESNO", "State": "CA", "PostCode": "93706", "SpatialOffsetMeters": null}}, {"type": "Feature", "geometry": {"type": "Point", "coordinates": [-119.7834765, 36.6518437]}, "properties": {"SSAP_NGUID": "urn:emergency:uid:gis:SSAP:ea961176-285d-4f93-8095-7c66db61ceb6:fresnocountyca.gov", "DisclID": "fresnocountyca.gov", "CountyLocalID": null, "GERS_ID": "ea961176-285d-4f93-8095-7c66db61ceb6", "ConflationStatus": "OVERTURE_ONLY", "Source": "OVERTURE_MAPS", "HNO": "389", "PRD": null, "STN": "E FANTZ AVE", "STS": null, "Unit": null, "CommunityName": "FRESNO", "County": "FRESNO", "State": "CA", "PostCode": "93706", "SpatialOffsetMeters": null}}, {"type": "Feature", "geometry": {"type": "Point", "coordinates": [-119.7868474, 36.6532801]}, "properties": {"SSAP_NGUID": "urn:emergency:uid:gis:SSAP:37615607-5e41-4c8f-80e6-c60ff3d802d9:fresnocountyca.gov", "DisclID": "fresnocountyca.gov", "CountyLocalID": null, "GERS_ID": "37615607-5e41-4c8f-80e6-c60ff3d802d9", "ConflationStatus": "OVERTURE_ONLY", "Source": "OVERTURE_MAPS", "HNO": "210", "PRD": null, "STN": "E FANTZ AVE", "STS": null, "Unit": null, "CommunityName": "FRESNO", "County": "FRESNO", "State": "CA", "PostCode": "93706", "SpatialOffsetMeters": null}}, {"type": "Feature", "geometry": {"type": "Point", "coordinates": [-119.7790621, 36.6522325]}, "properties": {"SSAP_NGUID": "urn:emergency:uid:gis:SSAP:a240355f-2090-46bf-af71-9557e68141ac:fresnocountyca.gov", "DisclID": "fresnocountyca.gov", "CountyLocalID": null, "GERS_ID": "a240355f-2090-46bf-af71-9557e68141ac", "ConflationStatus": "OVERTURE_ONLY", "Source": "OVERTURE_MAPS", "HNO": "626", "PRD": null, "STN": "E FANTZ AVE", "STS": null, "Unit": null, "CommunityName": "FRESNO", "County": "FRESNO", "State": "CA", "PostCode": "93706", "SpatialOffsetMeters": null}}, {"type": "Feature", "geometry": {"type": "Point", "coordinates": [-119.7826156, 36.6518384]}, "properties": {"SSAP_NGUID": "urn:emergency:uid:gis:SSAP:704a6c0e-86b6-44a8-a7dc-ed0f7ef26e07:fresnocountyca.gov", "DisclID": "fresnocountyca.gov", "CountyLocalID": null, "GERS_ID": "704a6c0e-86b6-44a8-a7dc-ed0f7ef26e07", "ConflationStatus": "OVERTURE_ONLY", "Source": "OVERTURE_MAPS", "HNO": "447", "PRD": null, "STN": "E FANTZ AVE", "STS": null, "Unit": null, "CommunityName": "FRESNO", "County": "FRESNO", "State": "CA", "PostCode": "93706", "SpatialOffsetMeters": null}}, {"type": "Feature", "geometry": {"type": "Point", "coordinates": [-119.7795402, 36.6514671]}, "properties": {"SSAP_NGUID": "urn:emergency:uid:gis:SSAP:3415bc2e-8f87-475e-bbf6-e42978a7b275:fresnocountyca.gov", "DisclID": "fresnocountyca.gov", "CountyLocalID": null, "GERS_ID": "3415bc2e-8f87-475e-bbf6-e42978a7b275", "ConflationStatus": "OVERTURE_ONLY", "Source": "OVERTURE_MAPS", "HNO": "604", "PRD": null, "STN": "E HOPKINS AVE", "STS": null, "Unit": null, "CommunityName": "FRESNO", "County": "FRESNO", "State": "CA", "PostCode": "93706", "SpatialOffsetMeters": null}}, {"type": "Feature", "geometry": {"type": "Point", "coordinates": [-119.778137, 36.6517798]}, "properties": {"SSAP_NGUID": "urn:emergency:uid:gis:SSAP:edb927e7-53cb-435d-9aa6-e90a16a9b51e:fresnocountyca.gov", "DisclID": "fresnocountyca.gov", "CountyLocalID": null, "GERS_ID": "edb927e7-53cb-435d-9aa6-e90a16a9b51e", "ConflationStatus": "OVERTURE_ONLY", "Source": "OVERTURE_MAPS", "HNO": "673", "PRD": null, "STN": "E FANTZ AVE", "STS": null, "Unit": null, "CommunityName": "FRESNO", "County": "FRESNO", "State": "CA", "PostCode": "93706", "SpatialOffsetMeters": null}}, {"type": "Feature", "geometry": {"type": "Point", "coordinates": [-119.7784055, 36.651024]}, "properties": {"SSAP_NGUID": "urn:emergency:uid:gis:SSAP:b9ccdd2c-c8ff-4b51-b54d-ef282a4ceb7a:fresnocountyca.gov", "DisclID": "fresnocountyca.gov", "CountyLocalID": null, "GERS_ID": "b9ccdd2c-c8ff-4b51-b54d-ef282a4ceb7a", "ConflationStatus": "OVERTURE_ONLY", "Source": "OVERTURE_MAPS", "HNO": "661", "PRD": null, "STN": "E HOPKINS AVE", "STS": null, "Unit": null, "CommunityName": "FRESNO", "County": "FRESNO", "State": "CA", "PostCode": "93706", "SpatialOffsetMeters": null}}, {"type": "Feature", "geometry": {"type": "Point", "coordinates": [-119.7796486, 36.6507302]}, "properties": {"SSAP_NGUID": "urn:emergency:uid:gis:SSAP:d80d8943-e0b2-4f6d-ab5c-388b99601e39:fresnocountyca.gov", "DisclID": "fresnocountyca.gov", "CountyLocalID": null, "GERS_ID": "d80d8943-e0b2-4f6d-ab5c-388b99601e39", "ConflationStatus": "OVERTURE_ONLY", "Source": "OVERTURE_MAPS", "HNO": "598", "PRD": null, "STN": "E JOY AVE", "STS": null, "Unit": null, "CommunityName": "FRESNO", "County": "FRESNO", "State": "CA", "PostCode": "93706", "SpatialOffsetMeters": null}}, {"type": "Feature", "geometry": {"type": "Point", "coordinates": [-119.780077, 36.6502783]}, "properties": {"SSAP_NGUID": "urn:emergency:uid:gis:SSAP:aeb6d470-3f46-4cb9-9abb-2d9f490bc33e:fresnocountyca.gov", "DisclID": "fresnocountyca.gov", "CountyLocalID": null, "GERS_ID": "aeb6d470-3f46-4cb9-9abb-2d9f490bc33e", "ConflationStatus": "OVERTURE_ONLY", "Source": "OVERTURE_MAPS", "HNO": "577", "PRD": null, "STN": "E JOY AVE", "STS": null, "Unit": null, "CommunityName": "FRESNO", "County": "FRESNO", "State": "CA", "PostCode": "93706", "SpatialOffsetMeters": null}}, {"type": "Feature", "geometry": {"type": "Point", "coordinates": [-119.7803741, 36.6510057]}, "properties": {"SSAP_NGUID": "urn:emergency:uid:gis:SSAP:1a29c68b-258e-401f-87e7-4aa47ef543ef:fresnocountyca.gov", "DisclID": "fresnocountyca.gov", "CountyLocalID": null, "GERS_ID": "1a29c68b-258e-401f-87e7-4aa47ef543ef", "ConflationStatus": "OVERTURE_ONLY", "Source": "OVERTURE_MAPS", "HNO": "559", "PRD": null, "STN": "E HOPKINS AVE", "STS": null, "Unit": null, "CommunityName": "FRESNO", "County": "FRESNO", "State": "CA", "PostCode": "93706", "SpatialOffsetMeters": null}}, {"type": "Feature", "geometry": {"type": "Point", "coordinates": [-119.7869341, 36.65024]}, "properties": {"SSAP_NGUID": "urn:emergency:uid:gis:SSAP:eed126cb-b780-40b4-93e0-b86f520a6a01:fresnocountyca.gov", "DisclID": "fresnocountyca.gov", "CountyLocalID": null, "GERS_ID": "eed126cb-b780-40b4-93e0-b86f520a6a01", "ConflationStatus": "OVERTURE_ONLY", "Source": "OVERTURE_MAPS", "HNO": "208", "PRD": null, "STN": "E WILLAMETTE AVE", "STS": null, "Unit": null, "CommunityName": "FRESNO", "County": "FRESNO", "State": "CA", "PostCode": "93706", "SpatialOffsetMeters": null}}, {"type": "Feature", "geometry": {"type": "Point", "coordinates": [-119.9200265, 36.7134076]}, "properties": {"SSAP_NGUID": "urn:emergency:uid:gis:SSAP:b6b1c67f-5468-4935-b99f-052b9a1f075e:fresnocountyca.gov", "DisclID": "fresnocountyca.gov", "CountyLocalID": null, "GERS_ID": "b6b1c67f-5468-4935-b99f-052b9a1f075e", "ConflationStatus": "OVERTURE_ONLY", "Source": "OVERTURE_MAPS", "HNO": "1705", "PRD": null, "STN": "S GRANTLAND AVE", "STS": null, "Unit": null, "CommunityName": "FRESNO", "County": "FRESNO", "State": "CA", "PostCode": "93706", "SpatialOffsetMeters": null}}, {"type": "Feature", "geometry": {"type": "Point", "coordinates": [-119.9298278, 36.7243795]}, "properties": {"SSAP_NGUID": "urn:emergency:uid:gis:SSAP:f992d17c-b894-4997-9dc4-b68c1bca3d18:fresnocountyca.gov", "DisclID": "fresnocountyca.gov", "CountyLocalID": null, "GERS_ID": "f992d17c-b894-4997-9dc4-b68c1bca3d18", "ConflationStatus": "OVERTURE_ONLY", "Source": "OVERTURE_MAPS", "HNO": "7650", "PRD": null, "STN": "W CALIFORNIA AVE", "STS": null, "Unit": null, "CommunityName": "FRESNO", "County": "FRESNO", "State": "CA", "PostCode": "93706", "SpatialOffsetMeters": null}}, {"type": "Feature", "geometry": {"type": "Point", "coordinates": [-119.9479234, 36.7201632]}, "properties": {"SSAP_NGUID": "urn:emergency:uid:gis:SSAP:a272a2b9-8d2c-4268-a83f-ac145819e067:fresnocountyca.gov", "DisclID": "fresnocountyca.gov", "CountyLocalID": null, "GERS_ID": "a272a2b9-8d2c-4268-a83f-ac145819e067", "ConflationStatus": "OVERTURE_ONLY", "Source": "OVERTURE_MAPS", "HNO": "8731", "PRD": null, "STN": "W CALIFORNIA AVE", "STS": null, "Unit": null, "CommunityName": "FRESNO", "County": "FRESNO", "State": "CA", "PostCode": "93706", "SpatialOffsetMeters": null}}, {"type": "Feature", "geometry": {"type": "Point", "coordinates": [-119.949623, 36.7260117]}, "properties": {"SSAP_NGUID": "urn:emergency:uid:gis:SSAP:8e97a099-f37d-493d-930b-1c4dff01e6a1:fresnocountyca.gov", "DisclID": "fresnocountyca.gov", "CountyLocalID": null, "GERS_ID": "8e97a099-f37d-493d-930b-1c4dff01e6a1", "ConflationStatus": "OVERTURE_ONLY", "Source": "OVERTURE_MAPS", "HNO": "8751", "PRD": null, "STN": "W KEARNEY BLVD", "STS": null, "Unit": null, "CommunityName": "FRESNO", "County": "FRESNO", "State": "CA", "PostCode": "93706", "SpatialOffsetMeters": null}}, {"type": "Feature", "geometry": {"type": "Point", "coordinates": [-119.9120805, 36.7299447]}, "properties": {"SSAP_NGUID": "urn:emergency:uid:gis:SSAP:6c60164a-6ce7-4d66-bdf4-bc3f5801243f:fresnocountyca.gov", "DisclID": "fresnocountyca.gov", "CountyLocalID": null, "GERS_ID": "6c60164a-6ce7-4d66-bdf4-bc3f5801243f", "ConflationStatus": "OVERTURE_ONLY", "Source": "OVERTURE_MAPS", "HNO": "6494", "PRD": null, "STN": "W KEARNEY BLVD", "STS": null, "Unit": null, "CommunityName": "FRESNO", "County": "FRESNO", "State": "CA", "PostCode": "93706", "SpatialOffsetMeters": null}}, {"type": "Feature", "geometry": {"type": "Point", "coordinates": [-119.9319027, 36.7371078]}, "properties": {"SSAP_NGUID": "urn:emergency:uid:gis:SSAP:3cbcf3f0-d3f6-45c7-97d0-66f274f58f39:fresnocountyca.gov", "DisclID": "fresnocountyca.gov", "CountyLocalID": null, "GERS_ID": "3cbcf3f0-d3f6-45c7-97d0-66f274f58f39", "ConflationStatus": "OVERTURE_ONLY", "Source": "OVERTURE_MAPS", "HNO": "80", "PRD": null, "STN": "N CHATEAU FRESNO AVE", "STS": null, "Unit": null, "CommunityName": "FRESNO", "County": "FRESNO", "State": "CA", "PostCode": "93723", "SpatialOffsetMeters": null}}, {"type": "Feature", "geometry": {"type": "Point", "coordinates": [-119.9492091, 36.74341]}, "properties": {"SSAP_NGUID": "urn:emergency:uid:gis:SSAP:c29c73a3-ef2a-4612-bdd2-54ba94a81cf7:fresnocountyca.gov", "DisclID": "fresnocountyca.gov", "CountyLocalID": null, "GERS_ID": "c29c73a3-ef2a-4612-bdd2-54ba94a81cf7", "ConflationStatus": "OVERTURE_ONLY", "Source": "OVERTURE_MAPS", "HNO": "586", "PRD": null, "STN": "N WESTLAWN AVE", "STS": null, "Unit": null, "CommunityName": "FRESNO", "County": "FRESNO", "State": "CA", "PostCode": "93723", "SpatialOffsetMeters": null}}, {"type": "Feature", "geometry": {"type": "Point", "coordinates": [-119.9455499, 36.7686317]}, "properties": {"SSAP_NGUID": "urn:emergency:uid:gis:SSAP:60d9fc37-96d0-42ee-9bb5-aeacaec5f24e:fresnocountyca.gov", "DisclID": "fresnocountyca.gov", "CountyLocalID": null, "GERS_ID": "60d9fc37-96d0-42ee-9bb5-aeacaec5f24e", "ConflationStatus": "OVERTURE_ONLY", "Source": "OVERTURE_MAPS", "HNO": "2329", "PRD": null, "STN": "N MONROE AVE", "STS": null, "Unit": null, "CommunityName": "FRESNO", "County": "FRESNO", "State": "CA", "PostCode": "93723", "SpatialOffsetMeters": null}}, {"type": "Feature", "geometry": {"type": "Point", "coordinates": [-119.946078, 36.779544]}, "properties": {"SSAP_NGUID": "urn:emergency:uid:gis:SSAP:ad5d8c7e-6e79-48ab-8cc5-9c46f482d3f9:fresnocountyca.gov", "DisclID": "fresnocountyca.gov", "CountyLocalID": null, "GERS_ID": "ad5d8c7e-6e79-48ab-8cc5-9c46f482d3f9", "ConflationStatus": "OVERTURE_ONLY", "Source": "OVERTURE_MAPS", "HNO": "8634", "PRD": null, "STN": "W SHIELDS AVE", "STS": null, "Unit": null, "CommunityName": "FRESNO", "County": "FRESNO", "State": "CA", "PostCode": "93723", "SpatialOffsetMeters": null}}, {"type": "Feature", "geometry": {"type": "Point", "coordinates": [-119.9409495, 36.7741332]}, "properties": {"SSAP_NGUID": "urn:emergency:uid:gis:SSAP:9918ef7e-8107-4829-bc57-fc1dfd95962d:fresnocountyca.gov", "DisclID": "fresnocountyca.gov", "CountyLocalID": null, "GERS_ID": "9918ef7e-8107-4829-bc57-fc1dfd95962d", "ConflationStatus": "OVERTURE_ONLY", "Source": "OVERTURE_MAPS", "HNO": "2686", "PRD": null, "STN": "N MONROE AVE", "STS": null, "Unit": null, "CommunityName": "FRESNO", "County": "FRESNO", "State": "CA", "PostCode": "93723", "SpatialOffsetMeters": null}}, {"type": "Feature", "geometry": {"type": "Point", "coordinates": [-119.933028, 36.7768628]}, "properties": {"SSAP_NGUID": "urn:emergency:uid:gis:SSAP:e4c58095-42af-4b9b-a1a1-d20be6fa46c3:fresnocountyca.gov", "DisclID": "fresnocountyca.gov", "CountyLocalID": null, "GERS_ID": "e4c58095-42af-4b9b-a1a1-d20be6fa46c3", "ConflationStatus": "OVERTURE_ONLY", "Source": "OVERTURE_MAPS", "HNO": "7893", "PRD": null, "STN": "W SHIELDS AVE", "STS": null, "Unit": null, "CommunityName": "FRESNO", "County": "FRESNO", "State": "CA", "PostCode": "93723", "SpatialOffsetMeters": null}}, {"type": "Feature", "geometry": {"type": "Point", "coordinates": [-119.9244886, 36.7785116]}, "properties": {"SSAP_NGUID": "urn:emergency:uid:gis:SSAP:92337dbe-e9e4-4090-89c9-7dd32d635940:fresnocountyca.gov", "DisclID": "fresnocountyca.gov", "CountyLocalID": null, "GERS_ID": "92337dbe-e9e4-4090-89c9-7dd32d635940", "ConflationStatus": "OVERTURE_ONLY", "Source": "OVERTURE_MAPS", "HNO": "7447", "PRD": null, "STN": "W SHIELDS AVE", "STS": null, "Unit": null, "CommunityName": "FRESNO", "County": "FRESNO", "State": "CA", "PostCode": "93723", "SpatialOffsetMeters": null}}, {"type": "Feature", "geometry": {"type": "Point", "coordinates": [-119.9156754, 36.7784093]}, "properties": {"SSAP_NGUID": "urn:emergency:uid:gis:SSAP:9d5070b7-521d-4233-b808-19094e87cf2a:fresnocountyca.gov", "DisclID": "fresnocountyca.gov", "CountyLocalID": null, "GERS_ID": "9d5070b7-521d-4233-b808-19094e87cf2a", "ConflationStatus": "OVERTURE_ONLY", "Source": "OVERTURE_MAPS", "HNO": "6945", "PRD": null, "STN": "W SHIELDS AVE", "STS": null, "Unit": null, "CommunityName": "FRESNO", "County": "FRESNO", "State": "CA", "PostCode": "93723", "SpatialOffsetMeters": null}}, {"type": "Feature", "geometry": {"type": "Point", "coordinates": [-119.9150974, 36.7750157]}, "properties": {"SSAP_NGUID": "urn:emergency:uid:gis:SSAP:c904a9a6-de93-43f0-986f-65c86e76b437:fresnocountyca.gov", "DisclID": "fresnocountyca.gov", "CountyLocalID": null, "GERS_ID": "c904a9a6-de93-43f0-986f-65c86e76b437", "ConflationStatus": "OVERTURE_ONLY", "Source": "OVERTURE_MAPS", "HNO": "2718", "PRD": null, "STN": "N GRANTLAND AVE", "STS": null, "Unit": null, "CommunityName": "FRESNO", "County": "FRESNO", "State": "CA", "PostCode": "93723", "SpatialOffsetMeters": null}}, {"type": "Feature", "geometry": {"type": "Point", "coordinates": [-119.9224233, 36.7733441]}, "properties": {"SSAP_NGUID": "urn:emergency:uid:gis:SSAP:75e021eb-0d8f-434a-89d6-a4723444bf77:fresnocountyca.gov", "DisclID": "fresnocountyca.gov", "CountyLocalID": null, "GERS_ID": "75e021eb-0d8f-434a-89d6-a4723444bf77", "ConflationStatus": "OVERTURE_ONLY", "Source": "OVERTURE_MAPS", "HNO": "2607", "PRD": null, "STN": "N CLEVELAND AVE", "STS": null, "Unit": null, "CommunityName": "FRESNO", "County": "FRESNO", "State": "CA", "PostCode": "93723", "SpatialOffsetMeters": null}}, {"type": "Feature", "geometry": {"type": "Point", "coordinates": [-119.9145683, 36.7738839]}, "properties": {"SSAP_NGUID": "urn:emergency:uid:gis:SSAP:95e51523-fdcd-480b-b6a3-3a98298be455:fresnocountyca.gov", "DisclID": "fresnocountyca.gov", "CountyLocalID": null, "GERS_ID": "95e51523-fdcd-480b-b6a3-3a98298be455", "ConflationStatus": "OVERTURE_ONLY", "Source": "OVERTURE_MAPS", "HNO": "6872", "PRD": null, "STN": "W HARVARD AVE", "STS": null, "Unit": null, "CommunityName": "FRESNO", "County": "FRESNO", "State": "CA", "PostCode": "93723", "SpatialOffsetMeters": null}}, {"type": "Feature", "geometry": {"type": "Point", "coordinates": [-119.9141566, 36.771136]}, "properties": {"SSAP_NGUID": "urn:emergency:uid:gis:SSAP:db0cc42b-b4c2-4b63-b843-5b479ce6a9ef:fresnocountyca.gov", "DisclID": "fresnocountyca.gov", "CountyLocalID": null, "GERS_ID": "db0cc42b-b4c2-4b63-b843-5b479ce6a9ef", "ConflationStatus": "OVERTURE_ONLY", "Source": "OVERTURE_MAPS", "HNO": "6847", "PRD": null, "STN": "W CLINTON AVE", "STS": null, "Unit": null, "CommunityName": "FRESNO", "County": "FRESNO", "State": "CA", "PostCode": "93723", "SpatialOffsetMeters": null}}, {"type": "Feature", "geometry": {"type": "Point", "coordinates": [-119.9174296, 36.7699901]}, "properties": {"SSAP_NGUID": "urn:emergency:uid:gis:SSAP:9822f5fb-6994-431a-9e2d-40c2ed5b68ca:fresnocountyca.gov", "DisclID": "fresnocountyca.gov", "CountyLocalID": null, "GERS_ID": "9822f5fb-6994-431a-9e2d-40c2ed5b68ca", "ConflationStatus": "OVERTURE_ONLY", "Source": "OVERTURE_MAPS", "HNO": "2373", "PRD": null, "STN": "N GRANTLAND AVE", "STS": null, "Unit": null, "CommunityName": "FRESNO", "County": "FRESNO", "State": "CA", "PostCode": "93723", "SpatialOffsetMeters": null}}, {"type": "Feature", "geometry": {"type": "Point", "coordinates": [-119.9126084, 36.7688294]}, "properties": {"SSAP_NGUID": "urn:emergency:uid:gis:SSAP:2392843f-6f94-4dd5-84df-854c5ec9b025:fresnocountyca.gov", "DisclID": "fresnocountyca.gov", "CountyLocalID": null, "GERS_ID": "2392843f-6f94-4dd5-84df-854c5ec9b025", "ConflationStatus": "OVERTURE_ONLY", "Source": "OVERTURE_MAPS", "HNO": "6769", "PRD": null, "STN": "W YALE AVE", "STS": null, "Unit": null, "CommunityName": "FRESNO", "County": "FRESNO", "State": "CA", "PostCode": "93723", "SpatialOffsetMeters": null}}, {"type": "Feature", "geometry": {"type": "Point", "coordinates": [-119.9185496, 36.7676973]}, "properties": {"SSAP_NGUID": "urn:emergency:uid:gis:SSAP:1cebdafa-4b42-4256-a01c-417abd8afeb8:fresnocountyca.gov", "DisclID": "fresnocountyca.gov", "CountyLocalID": null, "GERS_ID": "1cebdafa-4b42-4256-a01c-417abd8afeb8", "ConflationStatus": "OVERTURE_ONLY", "Source": "OVERTURE_MAPS", "HNO": "2219", "PRD": null, "STN": "N GRANTLAND AVE", "STS": null, "Unit": null, "CommunityName": "FRESNO", "County": "FRESNO", "State": "CA", "PostCode": "93723", "SpatialOffsetMeters": null}}, {"type": "Feature", "geometry": {"type": "Point", "coordinates": [-119.9258297, 36.7698867]}, "properties": {"SSAP_NGUID": "urn:emergency:uid:gis:SSAP:b3043bb8-fb4f-4e79-a8e4-eda411208555:fresnocountyca.gov", "DisclID": "fresnocountyca.gov", "CountyLocalID": null, "GERS_ID": "b3043bb8-fb4f-4e79-a8e4-eda411208555", "ConflationStatus": "OVERTURE_ONLY", "Source": "OVERTURE_MAPS", "HNO": "2375", "PRD": null, "STN": "N GARFIELD AVE", "STS": null, "Unit": null, "CommunityName": "FRESNO", "County": "FRESNO", "State": "CA", "PostCode": "93723", "SpatialOffsetMeters": null}}, {"type": "Feature", "geometry": {"type": "Point", "coordinates": [-119.9364553, 36.7669166]}, "properties": {"SSAP_NGUID": "urn:emergency:uid:gis:SSAP:231b6a9d-c83b-4229-899a-66ade7af1c29:fresnocountyca.gov", "DisclID": "fresnocountyca.gov", "CountyLocalID": null, "GERS_ID": "231b6a9d-c83b-4229-899a-66ade7af1c29", "ConflationStatus": "OVERTURE_ONLY", "Source": "OVERTURE_MAPS", "HNO": "2231", "PRD": null, "STN": "N CHATEAU FRESNO AVE", "STS": null, "Unit": null, "CommunityName": "FRESNO", "County": "FRESNO", "State": "CA", "PostCode": "93723", "SpatialOffsetMeters": null}}, {"type": "Feature", "geometry": {"type": "Point", "coordinates": [-119.9300307, 36.7634631]}, "properties": {"SSAP_NGUID": "urn:emergency:uid:gis:SSAP:e845d9f6-c342-46b1-a120-5cd869f08b7b:fresnocountyca.gov", "DisclID": "fresnocountyca.gov", "CountyLocalID": null, "GERS_ID": "e845d9f6-c342-46b1-a120-5cd869f08b7b", "ConflationStatus": "OVERTURE_ONLY", "Source": "OVERTURE_MAPS", "HNO": "7735", "PRD": null, "STN": "W MCKINLEY AVE", "STS": null, "Unit": null, "CommunityName": "FRESNO", "County": "FRESNO", "State": "CA", "PostCode": "93723", "SpatialOffsetMeters": null}}, {"type": "Feature", "geometry": {"type": "Point", "coordinates": [-119.9185422, 36.7667813]}, "properties": {"SSAP_NGUID": "urn:emergency:uid:gis:SSAP:2fc1a493-8b60-403a-8a7a-ba789d7df0be:fresnocountyca.gov", "DisclID": "fresnocountyca.gov", "CountyLocalID": null, "GERS_ID": "2fc1a493-8b60-403a-8a7a-ba789d7df0be", "ConflationStatus": "OVERTURE_ONLY", "Source": "OVERTURE_MAPS", "HNO": "2135", "PRD": null, "STN": "N GRANTLAND AVE", "STS": null, "Unit": null, "CommunityName": "FRESNO", "County": "FRESNO", "State": "CA", "PostCode": "93723", "SpatialOffsetMeters": null}}, {"type": "Feature", "geometry": {"type": "Point", "coordinates": [-119.9155817, 36.7661122]}, "properties": {"SSAP_NGUID": "urn:emergency:uid:gis:SSAP:5d50f9c6-55b6-40dc-8c54-eb810c45991e:fresnocountyca.gov", "DisclID": "fresnocountyca.gov", "CountyLocalID": null, "GERS_ID": "5d50f9c6-55b6-40dc-8c54-eb810c45991e", "ConflationStatus": "OVERTURE_ONLY", "Source": "OVERTURE_MAPS", "HNO": "2108", "PRD": null, "STN": "N GRANTLAND AVE", "STS": null, "Unit": null, "CommunityName": "FRESNO", "County": "FRESNO", "State": "CA", "PostCode": "93723", "SpatialOffsetMeters": null}}, {"type": "Feature", "geometry": {"type": "Point", "coordinates": [-119.9123187, 36.7639612]}, "properties": {"SSAP_NGUID": "urn:emergency:uid:gis:SSAP:5ed9d69d-cffa-45e3-9fcb-3896baec2ecb:fresnocountyca.gov", "DisclID": "fresnocountyca.gov", "CountyLocalID": null, "GERS_ID": "5ed9d69d-cffa-45e3-9fcb-3896baec2ecb", "ConflationStatus": "OVERTURE_ONLY", "Source": "OVERTURE_MAPS", "HNO": "6763", "PRD": null, "STN": "W MCKINLEY AVE", "STS": null, "Unit": null, "CommunityName": "FRESNO", "County": "FRESNO", "State": "CA", "PostCode": "93723", "SpatialOffsetMeters": null}}, {"type": "Feature", "geometry": {"type": "Point", "coordinates": [-119.9156562, 36.7616708]}, "properties": {"SSAP_NGUID": "urn:emergency:uid:gis:SSAP:34cb87ca-0138-4896-88f7-1b2ac91ef5f7:fresnocountyca.gov", "DisclID": "fresnocountyca.gov", "CountyLocalID": null, "GERS_ID": "34cb87ca-0138-4896-88f7-1b2ac91ef5f7", "ConflationStatus": "OVERTURE_ONLY", "Source": "OVERTURE_MAPS", "HNO": "1772", "PRD": null, "STN": "N GRANTLAND AVE", "STS": null, "Unit": null, "CommunityName": "FRESNO", "County": "FRESNO", "State": "CA", "PostCode": "93723", "SpatialOffsetMeters": null}}, {"type": "Feature", "geometry": {"type": "Point", "coordinates": [-119.9209386, 36.7580137]}, "properties": {"SSAP_NGUID": "urn:emergency:uid:gis:SSAP:ba51d8ff-53c3-4ff8-9f4d-49460e509194:fresnocountyca.gov", "DisclID": "fresnocountyca.gov", "CountyLocalID": null, "GERS_ID": "ba51d8ff-53c3-4ff8-9f4d-49460e509194", "ConflationStatus": "OVERTURE_ONLY", "Source": "OVERTURE_MAPS", "HNO": "7248", "PRD": null, "STN": "W OLIVE AVE", "STS": null, "Unit": null, "CommunityName": "FRESNO", "County": "FRESNO", "State": "CA", "PostCode": "93723", "SpatialOffsetMeters": null}}, {"type": "Feature", "geometry": {"type": "Point", "coordinates": [-119.9150007, 36.7586445]}, "properties": {"SSAP_NGUID": "urn:emergency:uid:gis:SSAP:30ad8594-a0c5-4325-a579-326bdbbd4dd7:fresnocountyca.gov", "DisclID": "fresnocountyca.gov", "CountyLocalID": null, "GERS_ID": "30ad8594-a0c5-4325-a579-326bdbbd4dd7", "ConflationStatus": "OVERTURE_ONLY", "Source": "OVERTURE_MAPS", "HNO": "1610", "PRD": null, "STN": "N GRANTLAND AVE", "STS": null, "Unit": null, "CommunityName": "FRESNO", "County": "FRESNO", "State": "CA", "PostCode": "93723", "SpatialOffsetMeters": null}}, {"type": "Feature", "geometry": {"type": "Point", "coordinates": [-119.9142099, 36.7561563]}, "properties": {"SSAP_NGUID": "urn:emergency:uid:gis:SSAP:a95d7e30-25f7-479b-bfe3-8e2a77d4a4d9:fresnocountyca.gov", "DisclID": "fresnocountyca.gov", "CountyLocalID": null, "GERS_ID": "a95d7e30-25f7-479b-bfe3-8e2a77d4a4d9", "ConflationStatus": "OVERTURE_ONLY", "Source": "OVERTURE_MAPS", "HNO": "6853", "PRD": null, "STN": "W OLIVE AVE", "STS": null, "Unit": null, "CommunityName": "FRESNO", "County": "FRESNO", "State": "CA", "PostCode": "93723", "SpatialOffsetMeters": null}}, {"type": "Feature", "geometry": {"type": "Point", "coordinates": [-119.9184647, 36.7552404]}, "properties": {"SSAP_NGUID": "urn:emergency:uid:gis:SSAP:37d16386-8072-4ef3-8d89-9351e5eb9c16:fresnocountyca.gov", "DisclID": "fresnocountyca.gov", "CountyLocalID": null, "GERS_ID": "37d16386-8072-4ef3-8d89-9351e5eb9c16", "ConflationStatus": "OVERTURE_ONLY", "Source": "OVERTURE_MAPS", "HNO": "7143", "PRD": null, "STN": "W OLIVE AVE", "STS": null, "Unit": null, "CommunityName": "FRESNO", "County": "FRESNO", "State": "CA", "PostCode": "93723", "SpatialOffsetMeters": null}}, {"type": "Feature", "geometry": {"type": "Point", "coordinates": [-119.9257048, 36.7581076]}, "properties": {"SSAP_NGUID": "urn:emergency:uid:gis:SSAP:1012bfb9-e99c-4e4a-95e4-567e2ab2d4a4:fresnocountyca.gov", "DisclID": "fresnocountyca.gov", "CountyLocalID": null, "GERS_ID": "1012bfb9-e99c-4e4a-95e4-567e2ab2d4a4", "ConflationStatus": "OVERTURE_ONLY", "Source": "OVERTURE_MAPS", "HNO": "1545", "PRD": null, "STN": "N GARFIELD AVE", "STS": null, "Unit": null, "CommunityName": "FRESNO", "County": "FRESNO", "State": "CA", "PostCode": "93723", "SpatialOffsetMeters": null}}, {"type": "Feature", "geometry": {"type": "Point", "coordinates": [-119.9414434, 36.7622678]}, "properties": {"SSAP_NGUID": "urn:emergency:uid:gis:SSAP:9a583565-3a93-4d74-b7d9-63c4b2505e50:fresnocountyca.gov", "DisclID": "fresnocountyca.gov", "CountyLocalID": null, "GERS_ID": "9a583565-3a93-4d74-b7d9-63c4b2505e50", "ConflationStatus": "OVERTURE_ONLY", "Source": "OVERTURE_MAPS", "HNO": "1738", "PRD": null, "STN": "N MONROE AVE", "STS": null, "Unit": null, "CommunityName": "FRESNO", "County": "FRESNO", "State": "CA", "PostCode": "93723", "SpatialOffsetMeters": null}}, {"type": "Feature", "geometry": {"type": "Point", "coordinates": [-119.9415987, 36.7520491]}, "properties": {"SSAP_NGUID": "urn:emergency:uid:gis:SSAP:90c0f707-6029-4aee-a4f9-4c834d06d2de:fresnocountyca.gov", "DisclID": "fresnocountyca.gov", "CountyLocalID": null, "GERS_ID": "90c0f707-6029-4aee-a4f9-4c834d06d2de", "ConflationStatus": "OVERTURE_ONLY", "Source": "OVERTURE_MAPS", "HNO": "8382", "PRD": null, "STN": "W BELMONT AVE", "STS": null, "Unit": null, "CommunityName": "FRESNO", "County": "FRESNO", "State": "CA", "PostCode": "93723", "SpatialOffsetMeters": null}}, {"type": "Feature", "geometry": {"type": "Point", "coordinates": [-119.926741, 36.7479491]}, "properties": {"SSAP_NGUID": "urn:emergency:uid:gis:SSAP:44473327-983c-43bf-b854-610fd60ba2ed:fresnocountyca.gov", "DisclID": "fresnocountyca.gov", "CountyLocalID": null, "GERS_ID": "44473327-983c-43bf-b854-610fd60ba2ed", "ConflationStatus": "OVERTURE_ONLY", "Source": "OVERTURE_MAPS", "HNO": "7557", "PRD": null, "STN": "W BELMONT AVE", "STS": null, "Unit": null, "CommunityName": "FRESNO", "County": "FRESNO", "State": "CA", "PostCode": "93723", "SpatialOffsetMeters": null}}, {"type": "Feature", "geometry": {"type": "Point", "coordinates": [-119.9191778, 36.7502961]}, "properties": {"SSAP_NGUID": "urn:emergency:uid:gis:SSAP:59bea0e6-e871-4881-bc47-87560e509623:fresnocountyca.gov", "DisclID": "fresnocountyca.gov", "CountyLocalID": null, "GERS_ID": "59bea0e6-e871-4881-bc47-87560e509623", "ConflationStatus": "OVERTURE_ONLY", "Source": "OVERTURE_MAPS", "HNO": "7160", "PRD": null, "STN": "W BELMONT AVE", "STS": null, "Unit": null, "CommunityName": "FRESNO", "County": "FRESNO", "State": "CA", "PostCode": "93723", "SpatialOffsetMeters": null}}, {"type": "Feature", "geometry": {"type": "Point", "coordinates": [-119.9173234, 36.7517042]}, "properties": {"SSAP_NGUID": "urn:emergency:uid:gis:SSAP:3e460d12-8dfd-4034-a9b1-f3d3374e76ab:fresnocountyca.gov", "DisclID": "fresnocountyca.gov", "CountyLocalID": null, "GERS_ID": "3e460d12-8dfd-4034-a9b1-f3d3374e76ab", "ConflationStatus": "OVERTURE_ONLY", "Source": "OVERTURE_MAPS", "HNO": "1091", "PRD": null, "STN": "N GRANTLAND AVE", "STS": null, "Unit": null, "CommunityName": "FRESNO", "County": "FRESNO", "State": "CA", "PostCode": "93723", "SpatialOffsetMeters": null}}, {"type": "Feature", "geometry": {"type": "Point", "coordinates": [-119.9174325, 36.7479607]}, "properties": {"SSAP_NGUID": "urn:emergency:uid:gis:SSAP:b034699a-8070-46f4-b641-f53abb037fb0:fresnocountyca.gov", "DisclID": "fresnocountyca.gov", "CountyLocalID": null, "GERS_ID": "b034699a-8070-46f4-b641-f53abb037fb0", "ConflationStatus": "OVERTURE_ONLY", "Source": "OVERTURE_MAPS", "HNO": "7093", "PRD": null, "STN": "W BELMONT AVE", "STS": null, "Unit": null, "CommunityName": "FRESNO", "County": "FRESNO", "State": "CA", "PostCode": "93723", "SpatialOffsetMeters": null}}, {"type": "Feature", "geometry": {"type": "Point", "coordinates": [-119.9083707, 36.7480452]}, "properties": {"SSAP_NGUID": "urn:emergency:uid:gis:SSAP:b9d8ba47-5717-414e-90a0-6129fdb8653e:fresnocountyca.gov", "DisclID": "fresnocountyca.gov", "CountyLocalID": null, "GERS_ID": "b9d8ba47-5717-414e-90a0-6129fdb8653e", "ConflationStatus": "OVERTURE_ONLY", "Source": "OVERTURE_MAPS", "HNO": "6537", "PRD": null, "STN": "W BELMONT AVE", "STS": null, "Unit": null, "CommunityName": "FRESNO", "County": "FRESNO", "State": "CA", "PostCode": "93723", "SpatialOffsetMeters": null}}, {"type": "Feature", "geometry": {"type": "Point", "coordinates": [-119.9059621, 36.7531029]}, "properties": {"SSAP_NGUID": "urn:emergency:uid:gis:SSAP:4c3e8871-dfc8-4565-8903-b5bf81496668:fresnocountyca.gov", "DisclID": "fresnocountyca.gov", "CountyLocalID": null, "GERS_ID": "4c3e8871-dfc8-4565-8903-b5bf81496668", "ConflationStatus": "OVERTURE_ONLY", "Source": "OVERTURE_MAPS", "HNO": "1212", "PRD": null, "STN": "N RING AVE", "STS": null, "Unit": null, "CommunityName": "FRESNO", "County": "FRESNO", "State": "CA", "PostCode": "93723", "SpatialOffsetMeters": null}}, {"type": "Feature", "geometry": {"type": "Point", "coordinates": [-119.9009359, 36.7531458]}, "properties": {"SSAP_NGUID": "urn:emergency:uid:gis:SSAP:393d94f7-6642-4425-b973-628feca02a23:fresnocountyca.gov", "DisclID": "fresnocountyca.gov", "CountyLocalID": null, "GERS_ID": "393d94f7-6642-4425-b973-628feca02a23", "ConflationStatus": "OVERTURE_ONLY", "Source": "OVERTURE_MAPS", "HNO": "6138", "PRD": null, "STN": "W DUDLEY AVE", "STS": null, "Unit": null, "CommunityName": "FRESNO", "County": "FRESNO", "State": "CA", "PostCode": "93723", "SpatialOffsetMeters": null}}, {"type": "Feature", "geometry": {"type": "Point", "coordinates": [-119.9054171, 36.7508737]}, "properties": {"SSAP_NGUID": "urn:emergency:uid:gis:SSAP:00ba1103-3717-4762-aeb3-122a64c1a336:fresnocountyca.gov", "DisclID": "fresnocountyca.gov", "CountyLocalID": null, "GERS_ID": "00ba1103-3717-4762-aeb3-122a64c1a336", "ConflationStatus": "OVERTURE_ONLY", "Source": "OVERTURE_MAPS", "HNO": "6370", "PRD": null, "STN": "W BELMONT AVE", "STS": null, "Unit": null, "CommunityName": "FRESNO", "County": "FRESNO", "State": "CA", "PostCode": "93723", "SpatialOffsetMeters": null}}, {"type": "Feature", "geometry": {"type": "Point", "coordinates": [-119.8969685, 36.7529443]}, "properties": {"SSAP_NGUID": "urn:emergency:uid:gis:SSAP:3b8c3e0d-7eab-4350-9b35-d501a79b66c9:fresnocountyca.gov", "DisclID": "fresnocountyca.gov", "CountyLocalID": null, "GERS_ID": "3b8c3e0d-7eab-4350-9b35-d501a79b66c9", "ConflationStatus": "OVERTURE_ONLY", "Source": "OVERTURE_MAPS", "HNO": "1188", "PRD": null, "STN": "N HAYES AVE", "STS": null, "Unit": null, "CommunityName": "FRESNO", "County": "FRESNO", "State": "CA", "PostCode": "93723", "SpatialOffsetMeters": null}}, {"type": "Feature", "geometry": {"type": "Point", "coordinates": [-119.8950787, 36.7509865]}, "properties": {"SSAP_NGUID": "urn:emergency:uid:gis:SSAP:cbd1e6d2-f846-4581-921c-0410acba52df:fresnocountyca.gov", "DisclID": "fresnocountyca.gov", "CountyLocalID": null, "GERS_ID": "cbd1e6d2-f846-4581-921c-0410acba52df", "ConflationStatus": "OVERTURE_ONLY", "Source": "OVERTURE_MAPS", "HNO": "5746", "PRD": null, "STN": "W BELMONT AVE", "STS": null, "Unit": null, "CommunityName": "FRESNO", "County": "FRESNO", "State": "CA", "PostCode": "93723", "SpatialOffsetMeters": null}}, {"type": "Feature", "geometry": {"type": "Point", "coordinates": [-119.8918964, 36.7476848]}, "properties": {"SSAP_NGUID": "urn:emergency:uid:gis:SSAP:015a9b2d-d88a-4138-a3da-cd137bed76d7:fresnocountyca.gov", "DisclID": "fresnocountyca.gov", "CountyLocalID": null, "GERS_ID": "015a9b2d-d88a-4138-a3da-cd137bed76d7", "ConflationStatus": "OVERTURE_ONLY", "Source": "OVERTURE_MAPS", "HNO": "5502", "PRD": null, "STN": "W MCKENZIE AVE", "STS": null, "Unit": null, "CommunityName": "FRESNO", "County": "FRESNO", "State": "CA", "PostCode": "93723", "SpatialOffsetMeters": null}}, {"type": "Feature", "geometry": {"type": "Point", "coordinates": [-119.8833715, 36.7482936]}, "properties": {"SSAP_NGUID": "urn:emergency:uid:gis:SSAP:add8cbeb-747d-459d-a69a-a055cdc36bdc:fresnocountyca.gov", "DisclID": "fresnocountyca.gov", "CountyLocalID": null, "GERS_ID": "add8cbeb-747d-459d-a69a-a055cdc36bdc", "ConflationStatus": "OVERTURE_ONLY", "Source": "OVERTURE_MAPS", "HNO": "5127", "PRD": null, "STN": "W BELMONT AVE", "STS": null, "Unit": null, "CommunityName": "FRESNO", "County": "FRESNO", "State": "CA", "PostCode": "93723", "SpatialOffsetMeters": null}}, {"type": "Feature", "geometry": {"type": "Point", "coordinates": [-119.8780043, 36.7450452]}, "properties": {"SSAP_NGUID": "urn:emergency:uid:gis:SSAP:3da9cff4-18ad-4fe9-81ba-b83cba545f33:fresnocountyca.gov", "DisclID": "fresnocountyca.gov", "CountyLocalID": null, "GERS_ID": "3da9cff4-18ad-4fe9-81ba-b83cba545f33", "ConflationStatus": "OVERTURE_ONLY", "Source": "OVERTURE_MAPS", "HNO": "602", "PRD": null, "STN": "N CORNELIA AVE", "STS": null, "Unit": null, "CommunityName": "FRESNO", "County": "FRESNO", "State": "CA", "PostCode": "93706", "SpatialOffsetMeters": null}}, {"type": "Feature", "geometry": {"type": "Point", "coordinates": [-119.8609404, 36.7459046]}, "properties": {"SSAP_NGUID": "urn:emergency:uid:gis:SSAP:03022423-a1f0-4450-9117-1f55a96b053e:fresnocountyca.gov", "DisclID": "fresnocountyca.gov", "CountyLocalID": null, "GERS_ID": "03022423-a1f0-4450-9117-1f55a96b053e", "ConflationStatus": "OVERTURE_ONLY", "Source": "OVERTURE_MAPS", "HNO": "580", "PRD": null, "STN": "N BRAWLEY AVE", "STS": null, "Unit": null, "CommunityName": "FRESNO", "County": "FRESNO", "State": "CA", "PostCode": "93706", "SpatialOffsetMeters": null}}, {"type": "Feature", "geometry": {"type": "Point", "coordinates": [-119.8629388, 36.747118]}, "properties": {"SSAP_NGUID": "urn:emergency:uid:gis:SSAP:e8230134-b5cf-4d36-93e0-ff96767611e7:fresnocountyca.gov", "DisclID": "fresnocountyca.gov", "CountyLocalID": null, "GERS_ID": "e8230134-b5cf-4d36-93e0-ff96767611e7", "ConflationStatus": "OVERTURE_ONLY", "Source": "OVERTURE_MAPS", "HNO": "643", "PRD": null, "STN": "N BRAWLEY AVE", "STS": null, "Unit": null, "CommunityName": "FRESNO", "County": "FRESNO", "State": "CA", "PostCode": "93706", "SpatialOffsetMeters": null}}, {"type": "Feature", "geometry": {"type": "Point", "coordinates": [-119.8634265, 36.7475388]}, "properties": {"SSAP_NGUID": "urn:emergency:uid:gis:SSAP:640799ef-c3bb-478d-81ce-4537adb17b73:fresnocountyca.gov", "DisclID": "fresnocountyca.gov", "CountyLocalID": null, "GERS_ID": "640799ef-c3bb-478d-81ce-4537adb17b73", "ConflationStatus": "OVERTURE_ONLY", "Source": "OVERTURE_MAPS", "HNO": "655", "PRD": null, "STN": "N BRAWLEY AVE", "STS": null, "Unit": null, "CommunityName": "FRESNO", "County": "FRESNO", "State": "CA", "PostCode": "93706", "SpatialOffsetMeters": null}}, {"type": "Feature", "geometry": {"type": "Point", "coordinates": [-119.8663765, 36.750491]}, "properties": {"SSAP_NGUID": "urn:emergency:uid:gis:SSAP:4f4dd613-3929-4b2d-9efd-bb09478c7442:fresnocountyca.gov", "DisclID": "fresnocountyca.gov", "CountyLocalID": null, "GERS_ID": "4f4dd613-3929-4b2d-9efd-bb09478c7442", "ConflationStatus": "OVERTURE_ONLY", "Source": "OVERTURE_MAPS", "HNO": "4196", "PRD": null, "STN": "W BELMONT AVE", "STS": null, "Unit": null, "CommunityName": "FRESNO", "County": "FRESNO", "State": "CA", "PostCode": "93722", "SpatialOffsetMeters": null}}, {"type": "Feature", "geometry": {"type": "Point", "coordinates": [-119.8633005, 36.7494575]}, "properties": {"SSAP_NGUID": "urn:emergency:uid:gis:SSAP:4f4b08f1-1867-46a0-88eb-1ba3f6a852da:fresnocountyca.gov", "DisclID": "fresnocountyca.gov", "CountyLocalID": null, "GERS_ID": "4f4b08f1-1867-46a0-88eb-1ba3f6a852da", "ConflationStatus": "OVERTURE_ONLY", "Source": "OVERTURE_MAPS", "HNO": "4061", "PRD": null, "STN": "W BELMONT AVE", "STS": null, "Unit": null, "CommunityName": "FRESNO", "County": "FRESNO", "State": "CA", "PostCode": "93722", "SpatialOffsetMeters": null}}, {"type": "Feature", "geometry": {"type": "Point", "coordinates": [-119.8626101, 36.7505403]}, "properties": {"SSAP_NGUID": "urn:emergency:uid:gis:SSAP:bb9a58ec-1745-4eef-ad33-c7421be2a75f:fresnocountyca.gov", "DisclID": "fresnocountyca.gov", "CountyLocalID": null, "GERS_ID": "bb9a58ec-1745-4eef-ad33-c7421be2a75f", "ConflationStatus": "OVERTURE_ONLY", "Source": "OVERTURE_MAPS", "HNO": "4046", "PRD": null, "STN": "W BELMONT AVE", "STS": null, "Unit": null, "CommunityName": "FRESNO", "County": "FRESNO", "State": "CA", "PostCode": "93722", "SpatialOffsetMeters": null}}, {"type": "Feature", "geometry": {"type": "Point", "coordinates": [-119.8626267, 36.7517186]}, "properties": {"SSAP_NGUID": "urn:emergency:uid:gis:SSAP:2267fa49-27a5-4cbe-85c9-c232738ae38a:fresnocountyca.gov", "DisclID": "fresnocountyca.gov", "CountyLocalID": null, "GERS_ID": "2267fa49-27a5-4cbe-85c9-c232738ae38a", "ConflationStatus": "OVERTURE_ONLY", "Source": "OVERTURE_MAPS", "HNO": "1085", "PRD": null, "STN": "N BRAWLEY AVE", "STS": null, "Unit": null, "CommunityName": "FRESNO", "County": "FRESNO", "State": "CA", "PostCode": "93722", "SpatialOffsetMeters": null}}, {"type": "Feature", "geometry": {"type": "Point", "coordinates": [-119.8700311, 36.7530987]}, "properties": {"SSAP_NGUID": "urn:emergency:uid:gis:SSAP:ee743dd0-aaf1-414f-9dc1-17a5ab9b2219:fresnocountyca.gov", "DisclID": "fresnocountyca.gov", "CountyLocalID": null, "GERS_ID": "ee743dd0-aaf1-414f-9dc1-17a5ab9b2219", "ConflationStatus": "OVERTURE_ONLY", "Source": "OVERTURE_MAPS", "HNO": "4403", "PRD": null, "STN": "W DUDLEY AVE", "STS": null, "Unit": null, "CommunityName": "FRESNO", "County": "FRESNO", "State": "CA", "PostCode": "93722", "SpatialOffsetMeters": null}}, {"type": "Feature", "geometry": {"type": "Point", "coordinates": [-119.8754726, 36.7506937]}, "properties": {"SSAP_NGUID": "urn:emergency:uid:gis:SSAP:74d7e39b-d992-4e5c-b0e2-745b87a25460:fresnocountyca.gov", "DisclID": "fresnocountyca.gov", "CountyLocalID": null, "GERS_ID": "74d7e39b-d992-4e5c-b0e2-745b87a25460", "ConflationStatus": "OVERTURE_ONLY", "Source": "OVERTURE_MAPS", "HNO": "4598", "PRD": null, "STN": "W BELMONT AVE", "STS": null, "Unit": null, "CommunityName": "FRESNO", "County": "FRESNO", "State": "CA", "PostCode": "93722", "SpatialOffsetMeters": null}}, {"type": "Feature", "geometry": {"type": "Point", "coordinates": [-119.8826685, 36.7510032]}, "properties": {"SSAP_NGUID": "urn:emergency:uid:gis:SSAP:95677f6c-2fa4-4ac5-8221-3c226b4a0165:fresnocountyca.gov", "DisclID": "fresnocountyca.gov", "CountyLocalID": null, "GERS_ID": "95677f6c-2fa4-4ac5-8221-3c226b4a0165", "ConflationStatus": "OVERTURE_ONLY", "Source": "OVERTURE_MAPS", "HNO": "5114", "PRD": null, "STN": "W BELMONT AVE", "STS": null, "Unit": null, "CommunityName": "FRESNO", "County": "FRESNO", "State": "CA", "PostCode": "93723", "SpatialOffsetMeters": null}}, {"type": "Feature", "geometry": {"type": "Point", "coordinates": [-119.8797414, 36.7541564]}, "properties": {"SSAP_NGUID": "urn:emergency:uid:gis:SSAP:6320037b-3a34-44a2-9ba7-1d140f514084:fresnocountyca.gov", "DisclID": "fresnocountyca.gov", "CountyLocalID": null, "GERS_ID": "6320037b-3a34-44a2-9ba7-1d140f514084", "ConflationStatus": "OVERTURE_ONLY", "Source": "OVERTURE_MAPS", "HNO": "1272", "PRD": null, "STN": "N CORNELIA AVE", "STS": null, "Unit": null, "CommunityName": "FRESNO", "County": "FRESNO", "State": "CA", "PostCode": "93722", "SpatialOffsetMeters": null}}, {"type": "Feature", "geometry": {"type": "Point", "coordinates": [-119.8857507, 36.7575728]}, "properties": {"SSAP_NGUID": "urn:emergency:uid:gis:SSAP:09867ddb-bfa1-416f-80b8-921ed4d847a2:fresnocountyca.gov", "DisclID": "fresnocountyca.gov", "CountyLocalID": null, "GERS_ID": "09867ddb-bfa1-416f-80b8-921ed4d847a2", "ConflationStatus": "OVERTURE_ONLY", "Source": "OVERTURE_MAPS", "HNO": "5295", "PRD": null, "STN": "W HAMMOND AVE", "STS": null, "Unit": null, "CommunityName": "FRESNO", "County": "FRESNO", "State": "CA", "PostCode": "93722", "SpatialOffsetMeters": null}}, {"type": "Feature", "geometry": {"type": "Point", "coordinates": [-119.8821239, 36.7575601]}, "properties": {"SSAP_NGUID": "urn:emergency:uid:gis:SSAP:eb82320d-eae2-4e72-a2b7-402d9533b4e2:fresnocountyca.gov", "DisclID": "fresnocountyca.gov", "CountyLocalID": null, "GERS_ID": "eb82320d-eae2-4e72-a2b7-402d9533b4e2", "ConflationStatus": "OVERTURE_ONLY", "Source": "OVERTURE_MAPS", "HNO": "5086", "PRD": null, "STN": "W OLIVE AVE", "STS": null, "Unit": null, "CommunityName": "FRESNO", "County": "FRESNO", "State": "CA", "PostCode": "93722", "SpatialOffsetMeters": null}}, {"type": "Feature", "geometry": {"type": "Point", "coordinates": [-119.88094, 36.7558356]}, "properties": {"SSAP_NGUID": "urn:emergency:uid:gis:SSAP:59f112ef-0824-4205-85e9-522ab575a4d5:fresnocountyca.gov", "DisclID": "fresnocountyca.gov", "CountyLocalID": null, "GERS_ID": "59f112ef-0824-4205-85e9-522ab575a4d5", "ConflationStatus": "OVERTURE_ONLY", "Source": "OVERTURE_MAPS", "HNO": "1387", "PRD": null, "STN": "N CORNELIA AVE", "STS": null, "Unit": null, "CommunityName": "FRESNO", "County": "FRESNO", "State": "CA", "PostCode": "93722", "SpatialOffsetMeters": null}}, {"type": "Feature", "geometry": {"type": "Point", "coordinates": [-119.8764087, 36.7575323]}, "properties": {"SSAP_NGUID": "urn:emergency:uid:gis:SSAP:e4c545f8-21e0-451c-9e7a-d163cd18a467:fresnocountyca.gov", "DisclID": "fresnocountyca.gov", "CountyLocalID": null, "GERS_ID": "e4c545f8-21e0-451c-9e7a-d163cd18a467", "ConflationStatus": "OVERTURE_ONLY", "Source": "OVERTURE_MAPS", "HNO": "4630", "PRD": null, "STN": "W OLIVE AVE", "STS": null, "Unit": null, "CommunityName": "FRESNO", "County": "FRESNO", "State": "CA", "PostCode": "93722", "SpatialOffsetMeters": null}}, {"type": "Feature", "geometry": {"type": "Point", "coordinates": [-119.8736573, 36.7578588]}, "properties": {"SSAP_NGUID": "urn:emergency:uid:gis:SSAP:f2b92475-b12f-46ee-bb9c-35e8bdb88a6c:fresnocountyca.gov", "DisclID": "fresnocountyca.gov", "CountyLocalID": null, "GERS_ID": "f2b92475-b12f-46ee-bb9c-35e8bdb88a6c", "ConflationStatus": "OVERTURE_ONLY", "Source": "OVERTURE_MAPS", "HNO": "4514", "PRD": null, "STN": "W OLIVE AVE", "STS": null, "Unit": null, "CommunityName": "FRESNO", "County": "FRESNO", "State": "CA", "PostCode": "93722", "SpatialOffsetMeters": null}}, {"type": "Feature", "geometry": {"type": "Point", "coordinates": [-119.8722549, 36.7537939]}, "properties": {"SSAP_NGUID": "urn:emergency:uid:gis:SSAP:d67795d8-faff-4783-93d7-7c88fd0ecce2:fresnocountyca.gov", "DisclID": "fresnocountyca.gov", "CountyLocalID": null, "GERS_ID": "d67795d8-faff-4783-93d7-7c88fd0ecce2", "ConflationStatus": "OVERTURE_ONLY", "Source": "OVERTURE_MAPS", "HNO": "1211", "PRD": null, "STN": "N BLYTHE AVE", "STS": null, "Unit": null, "CommunityName": "FRESNO", "County": "FRESNO", "State": "CA", "PostCode": "93722", "SpatialOffsetMeters": null}}, {"type": "Feature", "geometry": {"type": "Point", "coordinates": [-119.8668147, 36.7533474]}, "properties": {"SSAP_NGUID": "urn:emergency:uid:gis:SSAP:fb6af20a-2871-4573-94a2-d1c02130ff1c:fresnocountyca.gov", "DisclID": "fresnocountyca.gov", "CountyLocalID": null, "GERS_ID": "fb6af20a-2871-4573-94a2-d1c02130ff1c", "ConflationStatus": "OVERTURE_ONLY", "Source": "OVERTURE_MAPS", "HNO": "4243", "PRD": null, "STN": "W DUDLEY AVE", "STS": null, "Unit": null, "CommunityName": "FRESNO", "County": "FRESNO", "State": "CA", "PostCode": "93722", "SpatialOffsetMeters": null}}, {"type": "Feature", "geometry": {"type": "Point", "coordinates": [-119.8652417, 36.7558435]}, "properties": {"SSAP_NGUID": "urn:emergency:uid:gis:SSAP:09e2651f-004e-41b2-acc2-2d48b00dceb1:fresnocountyca.gov", "DisclID": "fresnocountyca.gov", "CountyLocalID": null, "GERS_ID": "09e2651f-004e-41b2-acc2-2d48b00dceb1", "ConflationStatus": "OVERTURE_ONLY", "Source": "OVERTURE_MAPS", "HNO": "4144", "PRD": null, "STN": "W DENNETT AVE", "STS": null, "Unit": null, "CommunityName": "FRESNO", "County": "FRESNO", "State": "CA", "PostCode": "93722", "SpatialOffsetMeters": null}}, {"type": "Feature", "geometry": {"type": "Point", "coordinates": [-119.8653753, 36.7566542]}, "properties": {"SSAP_NGUID": "urn:emergency:uid:gis:SSAP:79f3c389-af32-49be-94fd-e3e7a0e23bbf:fresnocountyca.gov", "DisclID": "fresnocountyca.gov", "CountyLocalID": null, "GERS_ID": "79f3c389-af32-49be-94fd-e3e7a0e23bbf", "ConflationStatus": "OVERTURE_ONLY", "Source": "OVERTURE_MAPS", "HNO": "4146", "PRD": null, "STN": "W ALHAMBRA AVE", "STS": null, "Unit": null, "CommunityName": "FRESNO", "County": "FRESNO", "State": "CA", "PostCode": "93722", "SpatialOffsetMeters": null}}, {"type": "Feature", "geometry": {"type": "Point", "coordinates": [-119.8614638, 36.7559532]}, "properties": {"SSAP_NGUID": "urn:emergency:uid:gis:SSAP:4a2c56b3-0237-4544-a32d-4137c1736097:fresnocountyca.gov", "DisclID": "fresnocountyca.gov", "CountyLocalID": null, "GERS_ID": "4a2c56b3-0237-4544-a32d-4137c1736097", "ConflationStatus": "OVERTURE_ONLY", "Source": "OVERTURE_MAPS", "HNO": "1346", "PRD": null, "STN": "N BRAWLEY AVE", "STS": null, "Unit": null, "CommunityName": "FRESNO", "County": "FRESNO", "State": "CA", "PostCode": "93722", "SpatialOffsetMeters": null}}, {"type": "Feature", "geometry": {"type": "Point", "coordinates": [-119.8638002, 36.7568346]}, "properties": {"SSAP_NGUID": "urn:emergency:uid:gis:SSAP:fe8cc967-2140-4470-9209-0f3d07cacbd6:fresnocountyca.gov", "DisclID": "fresnocountyca.gov", "CountyLocalID": null, "GERS_ID": "fe8cc967-2140-4470-9209-0f3d07cacbd6", "ConflationStatus": "OVERTURE_ONLY", "Source": "OVERTURE_MAPS", "HNO": "4069", "PRD": null, "STN": "W OLIVE AVE", "STS": null, "Unit": null, "CommunityName": "FRESNO", "County": "FRESNO", "State": "CA", "PostCode": "93722", "SpatialOffsetMeters": null}}, {"type": "Feature", "geometry": {"type": "Point", "coordinates": [-119.8656287, 36.7570273]}, "properties": {"SSAP_NGUID": "urn:emergency:uid:gis:SSAP:da06cf7f-e21a-43a6-b226-a0822ff43f73:fresnocountyca.gov", "DisclID": "fresnocountyca.gov", "CountyLocalID": null, "GERS_ID": "da06cf7f-e21a-43a6-b226-a0822ff43f73", "ConflationStatus": "OVERTURE_ONLY", "Source": "OVERTURE_MAPS", "HNO": "4167", "PRD": null, "STN": "W OLIVE AVE", "STS": null, "Unit": null, "CommunityName": "FRESNO", "County": "FRESNO", "State": "CA", "PostCode": "93722", "SpatialOffsetMeters": null}}, {"type": "Feature", "geometry": {"type": "Point", "coordinates": [-119.8666153, 36.7570229]}, "properties": {"SSAP_NGUID": "urn:emergency:uid:gis:SSAP:95454751-eaa9-4033-81bd-d9b25084a3fb:fresnocountyca.gov", "DisclID": "fresnocountyca.gov", "CountyLocalID": null, "GERS_ID": "95454751-eaa9-4033-81bd-d9b25084a3fb", "ConflationStatus": "OVERTURE_ONLY", "Source": "OVERTURE_MAPS", "HNO": "4201", "PRD": null, "STN": "W OLIVE AVE", "STS": null, "Unit": null, "CommunityName": "FRESNO", "County": "FRESNO", "State": "CA", "PostCode": "93722", "SpatialOffsetMeters": null}}, {"type": "Feature", "geometry": {"type": "Point", "coordinates": [-119.8676768, 36.7561273]}, "properties": {"SSAP_NGUID": "urn:emergency:uid:gis:SSAP:73c4a38c-914c-4f7b-a810-1fd4ac86f90b:fresnocountyca.gov", "DisclID": "fresnocountyca.gov", "CountyLocalID": null, "GERS_ID": "73c4a38c-914c-4f7b-a810-1fd4ac86f90b", "ConflationStatus": "OVERTURE_ONLY", "Source": "OVERTURE_MAPS", "HNO": "4243", "PRD": null, "STN": "W ALHAMBRA AVE", "STS": null, "Unit": null, "CommunityName": "FRESNO", "County": "FRESNO", "State": "CA", "PostCode": "93722", "SpatialOffsetMeters": null}}, {"type": "Feature", "geometry": {"type": "Point", "coordinates": [-119.8671776, 36.7557532]}, "properties": {"SSAP_NGUID": "urn:emergency:uid:gis:SSAP:2ed7fcde-7f32-410f-bba0-21ebb8808010:fresnocountyca.gov", "DisclID": "fresnocountyca.gov", "CountyLocalID": null, "GERS_ID": "2ed7fcde-7f32-410f-bba0-21ebb8808010", "ConflationStatus": "OVERTURE_ONLY", "Source": "OVERTURE_MAPS", "HNO": "4220", "PRD": null, "STN": "W DENNETT AVE", "STS": null, "Unit": null, "CommunityName": "FRESNO", "County": "FRESNO", "State": "CA", "PostCode": "93722", "SpatialOffsetMeters": null}}, {"type": "Feature", "geometry": {"type": "Point", "coordinates": [-119.8684015, 36.7563328]}, "properties": {"SSAP_NGUID": "urn:emergency:uid:gis:SSAP:ae264d21-3205-4208-a420-374e4e03cda7:fresnocountyca.gov", "DisclID": "fresnocountyca.gov", "CountyLocalID": null, "GERS_ID": "ae264d21-3205-4208-a420-374e4e03cda7", "ConflationStatus": "OVERTURE_ONLY", "Source": "OVERTURE_MAPS", "HNO": "1349", "PRD": null, "STN": "N EL CAPITAN AVE", "STS": null, "Unit": null, "CommunityName": "FRESNO", "County": "FRESNO", "State": "CA", "PostCode": "93722", "SpatialOffsetMeters": null}}, {"type": "Feature", "geometry": {"type": "Point", "coordinates": [-119.8724998, 36.7567808]}, "properties": {"SSAP_NGUID": "urn:emergency:uid:gis:SSAP:d8a65ca9-139c-42fc-88df-dd2f4dc8a96b:fresnocountyca.gov", "DisclID": "fresnocountyca.gov", "CountyLocalID": null, "GERS_ID": "d8a65ca9-139c-42fc-88df-dd2f4dc8a96b", "ConflationStatus": "OVERTURE_ONLY", "Source": "OVERTURE_MAPS", "HNO": "4465", "PRD": null, "STN": "W OLIVE AVE", "STS": null, "Unit": null, "CommunityName": "FRESNO", "County": "FRESNO", "State": "CA", "PostCode": "93722", "SpatialOffsetMeters": null}}, {"type": "Feature", "geometry": {"type": "Point", "coordinates": [-119.8723669, 36.7575537]}, "properties": {"SSAP_NGUID": "urn:emergency:uid:gis:SSAP:6d2cf3a7-0197-4c9d-80cd-c97faddea25d:fresnocountyca.gov", "DisclID": "fresnocountyca.gov", "CountyLocalID": null, "GERS_ID": "6d2cf3a7-0197-4c9d-80cd-c97faddea25d", "ConflationStatus": "OVERTURE_ONLY", "Source": "OVERTURE_MAPS", "HNO": "4452", "PRD": null, "STN": "W OLIVE AVE", "STS": null, "Unit": null, "CommunityName": "FRESNO", "County": "FRESNO", "State": "CA", "PostCode": "93722", "SpatialOffsetMeters": null}}, {"type": "Feature", "geometry": {"type": "Point", "coordinates": [-119.8723823, 36.7594816]}, "properties": {"SSAP_NGUID": "urn:emergency:uid:gis:SSAP:61412e9c-78d3-4b33-b259-97c464777030:fresnocountyca.gov", "DisclID": "fresnocountyca.gov", "CountyLocalID": null, "GERS_ID": "61412e9c-78d3-4b33-b259-97c464777030", "ConflationStatus": "OVERTURE_ONLY", "Source": "OVERTURE_MAPS", "HNO": "1523", "PRD": null, "STN": "N BLYTHE AVE", "STS": null, "Unit": null, "CommunityName": "FRESNO", "County": "FRESNO", "State": "CA", "PostCode": "93722", "SpatialOffsetMeters": null}}, {"type": "Feature", "geometry": {"type": "Point", "coordinates": [-119.8635088, 36.7590192]}, "properties": {"SSAP_NGUID": "urn:emergency:uid:gis:SSAP:3c4adc71-90f2-41ae-afca-feb59e4f2df4:fresnocountyca.gov", "DisclID": "fresnocountyca.gov", "CountyLocalID": null, "GERS_ID": "3c4adc71-90f2-41ae-afca-feb59e4f2df4", "ConflationStatus": "OVERTURE_ONLY", "Source": "OVERTURE_MAPS", "HNO": "1515", "PRD": null, "STN": "N BRAWLEY AVE", "STS": null, "Unit": null, "CommunityName": "FRESNO", "County": "FRESNO", "State": "CA", "PostCode": "93722", "SpatialOffsetMeters": null}}, {"type": "Feature", "geometry": {"type": "Point", "coordinates": [-119.8615486, 36.7600401]}, "properties": {"SSAP_NGUID": "urn:emergency:uid:gis:SSAP:672e6276-5984-48a7-a3cf-1ccb029e663c:fresnocountyca.gov", "DisclID": "fresnocountyca.gov", "CountyLocalID": null, "GERS_ID": "672e6276-5984-48a7-a3cf-1ccb029e663c", "ConflationStatus": "OVERTURE_ONLY", "Source": "OVERTURE_MAPS", "HNO": "1512", "PRD": null, "STN": "N BRAWLEY AVE", "STS": null, "Unit": null, "CommunityName": "FRESNO", "County": "FRESNO", "State": "CA", "PostCode": "93722", "SpatialOffsetMeters": null}}, {"type": "Feature", "geometry": {"type": "Point", "coordinates": [-119.8689107, 36.7613835]}, "properties": {"SSAP_NGUID": "urn:emergency:uid:gis:SSAP:1f15e8ae-7041-43ea-b2dd-956bfb9216ea:fresnocountyca.gov", "DisclID": "fresnocountyca.gov", "CountyLocalID": null, "GERS_ID": "1f15e8ae-7041-43ea-b2dd-956bfb9216ea", "ConflationStatus": "OVERTURE_ONLY", "Source": "OVERTURE_MAPS", "HNO": "1614", "PRD": null, "STN": "N BLYTHE AVE", "STS": null, "Unit": null, "CommunityName": "FRESNO", "County": "FRESNO", "State": "CA", "PostCode": "93722", "SpatialOffsetMeters": null}}, {"type": "Feature", "geometry": {"type": "Point", "coordinates": [-119.8723718, 36.7624016]}, "properties": {"SSAP_NGUID": "urn:emergency:uid:gis:SSAP:71e670d9-836a-4d0e-bf4b-bd8f458fb2ca:fresnocountyca.gov", "DisclID": "fresnocountyca.gov", "CountyLocalID": null, "GERS_ID": "71e670d9-836a-4d0e-bf4b-bd8f458fb2ca", "ConflationStatus": "OVERTURE_ONLY", "Source": "OVERTURE_MAPS", "HNO": "1679", "PRD": null, "STN": "N BLYTHE AVE", "STS": null, "Unit": null, "CommunityName": "FRESNO", "County": "FRESNO", "State": "CA", "PostCode": "93722", "SpatialOffsetMeters": null}}, {"type": "Feature", "geometry": {"type": "Point", "coordinates": [-119.8736877, 36.7614526]}, "properties": {"SSAP_NGUID": "urn:emergency:uid:gis:SSAP:195df364-7602-40db-b389-7c87fd885484:fresnocountyca.gov", "DisclID": "fresnocountyca.gov", "CountyLocalID": null, "GERS_ID": "195df364-7602-40db-b389-7c87fd885484", "ConflationStatus": "OVERTURE_ONLY", "Source": "OVERTURE_MAPS", "HNO": "1644", "PRD": null, "STN": "N CECELIA AVE", "STS": null, "Unit": null, "CommunityName": "FRESNO", "County": "FRESNO", "State": "CA", "PostCode": "93722", "SpatialOffsetMeters": null}}, {"type": "Feature", "geometry": {"type": "Point", "coordinates": [-119.874702, 36.7614672]}, "properties": {"SSAP_NGUID": "urn:emergency:uid:gis:SSAP:5efcefbf-1957-488f-905a-93681220d6c8:fresnocountyca.gov", "DisclID": "fresnocountyca.gov", "CountyLocalID": null, "GERS_ID": "5efcefbf-1957-488f-905a-93681220d6c8", "ConflationStatus": "OVERTURE_ONLY", "Source": "OVERTURE_MAPS", "HNO": "4550", "PRD": null, "STN": "W PINE AVE", "STS": null, "Unit": null, "CommunityName": "FRESNO", "County": "FRESNO", "State": "CA", "PostCode": "93722", "SpatialOffsetMeters": null}}, {"type": "Feature", "geometry": {"type": "Point", "coordinates": [-119.8755937, 36.7620988]}, "properties": {"SSAP_NGUID": "urn:emergency:uid:gis:SSAP:7bf683f2-79ac-4e52-9690-ea59bde6a0d0:fresnocountyca.gov", "DisclID": "fresnocountyca.gov", "CountyLocalID": null, "GERS_ID": "7bf683f2-79ac-4e52-9690-ea59bde6a0d0", "ConflationStatus": "OVERTURE_ONLY", "Source": "OVERTURE_MAPS", "HNO": "1689", "PRD": null, "STN": "N MILBURN AVE", "STS": null, "Unit": null, "CommunityName": "FRESNO", "County": "FRESNO", "State": "CA", "PostCode": "93722", "SpatialOffsetMeters": null}}, {"type": "Feature", "geometry": {"type": "Point", "coordinates": [-119.8760694, 36.7624763]}, "properties": {"SSAP_NGUID": "urn:emergency:uid:gis:SSAP:ba0eadea-f09d-42e5-885a-021bb4264fe3:fresnocountyca.gov", "DisclID": "fresnocountyca.gov", "CountyLocalID": null, "GERS_ID": "ba0eadea-f09d-42e5-885a-021bb4264fe3", "ConflationStatus": "OVERTURE_ONLY", "Source": "OVERTURE_MAPS", "HNO": "4605", "PRD": null, "STN": "W OSLIN AVE", "STS": null, "Unit": null, "CommunityName": "FRESNO", "County": "FRESNO", "State": "CA", "PostCode": "93722", "SpatialOffsetMeters": null}}, {"type": "Feature", "geometry": {"type": "Point", "coordinates": [-119.8773906, 36.7624976]}, "properties": {"SSAP_NGUID": "urn:emergency:uid:gis:SSAP:acd93bd5-e6f2-4b07-b0a3-12233e18df23:fresnocountyca.gov", "DisclID": "fresnocountyca.gov", "CountyLocalID": null, "GERS_ID": "acd93bd5-e6f2-4b07-b0a3-12233e18df23", "ConflationStatus": "OVERTURE_ONLY", "Source": "OVERTURE_MAPS", "HNO": "4663", "PRD": null, "STN": "W OSLIN AVE", "STS": null, "Unit": null, "CommunityName": "FRESNO", "County": "FRESNO", "State": "CA", "PostCode": "93722", "SpatialOffsetMeters": null}}, {"type": "Feature", "geometry": {"type": "Point", "coordinates": [-119.8771729, 36.7614744]}, "properties": {"SSAP_NGUID": "urn:emergency:uid:gis:SSAP:f099fcb3-6e51-473c-ae22-4f9a2636462c:fresnocountyca.gov", "DisclID": "fresnocountyca.gov", "CountyLocalID": null, "GERS_ID": "f099fcb3-6e51-473c-ae22-4f9a2636462c", "ConflationStatus": "OVERTURE_ONLY", "Source": "OVERTURE_MAPS", "HNO": "4656", "PRD": null, "STN": "W PINE AVE", "STS": null, "Unit": null, "CommunityName": "FRESNO", "County": "FRESNO", "State": "CA", "PostCode": "93722", "SpatialOffsetMeters": null}}, {"type": "Feature", "geometry": {"type": "Point", "coordinates": [-119.8760999, 36.7614768]}, "properties": {"SSAP_NGUID": "urn:emergency:uid:gis:SSAP:bcb9694d-0a55-403a-89e5-ff7f50ca81d0:fresnocountyca.gov", "DisclID": "fresnocountyca.gov", "CountyLocalID": null, "GERS_ID": "bcb9694d-0a55-403a-89e5-ff7f50ca81d0", "ConflationStatus": "OVERTURE_ONLY", "Source": "OVERTURE_MAPS", "HNO": "4618", "PRD": null, "STN": "W PINE AVE", "STS": null, "Unit": null, "CommunityName": "FRESNO", "County": "FRESNO", "State": "CA", "PostCode": "93722", "SpatialOffsetMeters": null}}, {"type": "Feature", "geometry": {"type": "Point", "coordinates": [-119.8753318, 36.7604192]}, "properties": {"SSAP_NGUID": "urn:emergency:uid:gis:SSAP:bcecca09-3971-4e64-bb78-ed64fd2b7f2e:fresnocountyca.gov", "DisclID": "fresnocountyca.gov", "CountyLocalID": null, "GERS_ID": "bcecca09-3971-4e64-bb78-ed64fd2b7f2e", "ConflationStatus": "OVERTURE_ONLY", "Source": "OVERTURE_MAPS", "HNO": "1567", "PRD": null, "STN": "N KATY LN", "STS": null, "Unit": null, "CommunityName": "FRESNO", "County": "FRESNO", "State": "CA", "PostCode": "93722", "SpatialOffsetMeters": null}}, {"type": "Feature", "geometry": {"type": "Point", "coordinates": [-119.8742265, 36.7610616]}, "properties": {"SSAP_NGUID": "urn:emergency:uid:gis:SSAP:3063d13b-2692-49bc-acbb-c12c72aefbac:fresnocountyca.gov", "DisclID": "fresnocountyca.gov", "CountyLocalID": null, "GERS_ID": "3063d13b-2692-49bc-acbb-c12c72aefbac", "ConflationStatus": "OVERTURE_ONLY", "Source": "OVERTURE_MAPS", "HNO": "4527", "PRD": null, "STN": "W PINE AVE", "STS": null, "Unit": null, "CommunityName": "FRESNO", "County": "FRESNO", "State": "CA", "PostCode": "93722", "SpatialOffsetMeters": null}}, {"type": "Feature", "geometry": {"type": "Point", "coordinates": [-119.8753393, 36.7600412]}, "properties": {"SSAP_NGUID": "urn:emergency:uid:gis:SSAP:fa3e1038-517b-4c9e-b681-bc97b4967d8b:fresnocountyca.gov", "DisclID": "fresnocountyca.gov", "CountyLocalID": null, "GERS_ID": "fa3e1038-517b-4c9e-b681-bc97b4967d8b", "ConflationStatus": "OVERTURE_ONLY", "Source": "OVERTURE_MAPS", "HNO": "1555", "PRD": null, "STN": "N KATY LN", "STS": null, "Unit": null, "CommunityName": "FRESNO", "County": "FRESNO", "State": "CA", "PostCode": "93722", "SpatialOffsetMeters": null}}, {"type": "Feature", "geometry": {"type": "Point", "coordinates": [-119.8739877, 36.7585431]}, "properties": {"SSAP_NGUID": "urn:emergency:uid:gis:SSAP:fa81a0e1-51dd-415c-b1cd-759e1d123135:fresnocountyca.gov", "DisclID": "fresnocountyca.gov", "CountyLocalID": null, "GERS_ID": "fa81a0e1-51dd-415c-b1cd-759e1d123135", "ConflationStatus": "OVERTURE_ONLY", "Source": "OVERTURE_MAPS", "HNO": "1466", "PRD": null, "STN": "N KATY LN", "STS": null, "Unit": null, "CommunityName": "FRESNO", "County": "FRESNO", "State": "CA", "PostCode": "93722", "SpatialOffsetMeters": null}}, {"type": "Feature", "geometry": {"type": "Point", "coordinates": [-119.8754649, 36.7589058]}, "properties": {"SSAP_NGUID": "urn:emergency:uid:gis:SSAP:33c1f91b-ed7d-421e-95e7-a8a1f151b2f4:fresnocountyca.gov", "DisclID": "fresnocountyca.gov", "CountyLocalID": null, "GERS_ID": "33c1f91b-ed7d-421e-95e7-a8a1f151b2f4", "ConflationStatus": "OVERTURE_ONLY", "Source": "OVERTURE_MAPS", "HNO": "1490", "PRD": null, "STN": "N MILBURN AVE", "STS": null, "Unit": null, "CommunityName": "FRESNO", "County": "FRESNO", "State": "CA", "PostCode": "93722", "SpatialOffsetMeters": null}}, {"type": "Feature", "geometry": {"type": "Point", "coordinates": [-119.8771928, 36.7578918]}, "properties": {"SSAP_NGUID": "urn:emergency:uid:gis:SSAP:7190cbf6-0374-4aaf-9b18-6cf95e434aa9:fresnocountyca.gov", "DisclID": "fresnocountyca.gov", "CountyLocalID": null, "GERS_ID": "7190cbf6-0374-4aaf-9b18-6cf95e434aa9", "ConflationStatus": "OVERTURE_ONLY", "Source": "OVERTURE_MAPS", "HNO": "4665", "PRD": null, "STN": "W HAMMOND AVE", "STS": null, "Unit": null, "CommunityName": "FRESNO", "County": "FRESNO", "State": "CA", "PostCode": "93722", "SpatialOffsetMeters": null}}, {"type": "Feature", "geometry": {"type": "Point", "coordinates": [-119.8787554, 36.7584077]}, "properties": {"SSAP_NGUID": "urn:emergency:uid:gis:SSAP:b83d4a54-7996-4e2d-a986-6fbf404f33ed:fresnocountyca.gov", "DisclID": "fresnocountyca.gov", "CountyLocalID": null, "GERS_ID": "b83d4a54-7996-4e2d-a986-6fbf404f33ed", "ConflationStatus": "OVERTURE_ONLY", "Source": "OVERTURE_MAPS", "HNO": "4734", "PRD": null, "STN": "W HAMMOND AVE", "STS": null, "Unit": null, "CommunityName": "FRESNO", "County": "FRESNO", "State": "CA", "PostCode": "93722", "SpatialOffsetMeters": null}}, {"type": "Feature", "geometry": {"type": "Point", "coordinates": [-119.879454, 36.7595444]}, "properties": {"SSAP_NGUID": "urn:emergency:uid:gis:SSAP:bb25c375-0b56-48e9-b2e1-fed82c41beb2:fresnocountyca.gov", "DisclID": "fresnocountyca.gov", "CountyLocalID": null, "GERS_ID": "bb25c375-0b56-48e9-b2e1-fed82c41beb2", "ConflationStatus": "OVERTURE_ONLY", "Source": "OVERTURE_MAPS", "HNO": "4762", "PRD": null, "STN": "W HEDGES AVE", "STS": null, "Unit": null, "CommunityName": "FRESNO", "County": "FRESNO", "State": "CA", "PostCode": "93722", "SpatialOffsetMeters": null}}, {"type": "Feature", "geometry": {"type": "Point", "coordinates": [-119.8814104, 36.7580091]}, "properties": {"SSAP_NGUID": "urn:emergency:uid:gis:SSAP:ca59f64a-2973-4248-b1c0-738e1565dc01:fresnocountyca.gov", "DisclID": "fresnocountyca.gov", "CountyLocalID": null, "GERS_ID": "ca59f64a-2973-4248-b1c0-738e1565dc01", "ConflationStatus": "OVERTURE_ONLY", "Source": "OVERTURE_MAPS", "HNO": "1541", "PRD": null, "STN": "N CORNELIA AVE", "STS": null, "Unit": null, "CommunityName": "FRESNO", "County": "FRESNO", "State": "CA", "PostCode": "93722", "SpatialOffsetMeters": null}}, {"type": "Feature", "geometry": {"type": "Point", "coordinates": [-119.8857195, 36.7579477]}, "properties": {"SSAP_NGUID": "urn:emergency:uid:gis:SSAP:5ad59d31-02e8-47ec-865f-48182c2bc1cc:fresnocountyca.gov", "DisclID": "fresnocountyca.gov", "CountyLocalID": null, "GERS_ID": "5ad59d31-02e8-47ec-865f-48182c2bc1cc", "ConflationStatus": "OVERTURE_ONLY", "Source": "OVERTURE_MAPS", "HNO": "5290", "PRD": null, "STN": "W HAMMOND AVE", "STS": null, "Unit": null, "CommunityName": "FRESNO", "County": "FRESNO", "State": "CA", "PostCode": "93722", "SpatialOffsetMeters": null}}, {"type": "Feature", "geometry": {"type": "Point", "coordinates": [-119.8854528, 36.7589573]}, "properties": {"SSAP_NGUID": "urn:emergency:uid:gis:SSAP:aa78222a-cedb-4e8d-adfe-9b40078f3eb0:fresnocountyca.gov", "DisclID": "fresnocountyca.gov", "CountyLocalID": null, "GERS_ID": "aa78222a-cedb-4e8d-adfe-9b40078f3eb0", "ConflationStatus": "OVERTURE_ONLY", "Source": "OVERTURE_MAPS", "HNO": "5275", "PRD": null, "STN": "W HUFFMAN AVE", "STS": null, "Unit": null, "CommunityName": "FRESNO", "County": "FRESNO", "State": "CA", "PostCode": "93722", "SpatialOffsetMeters": null}}, {"type": "Feature", "geometry": {"type": "Point", "coordinates": [-119.8827114, 36.7593839]}, "properties": {"SSAP_NGUID": "urn:emergency:uid:gis:SSAP:2a042a93-24ec-4fd6-bf7d-2a552b665890:fresnocountyca.gov", "DisclID": "fresnocountyca.gov", "CountyLocalID": null, "GERS_ID": "2a042a93-24ec-4fd6-bf7d-2a552b665890", "ConflationStatus": "OVERTURE_ONLY", "Source": "OVERTURE_MAPS", "HNO": "5133", "PRD": null, "STN": "W LAMONA AVE", "STS": null, "Unit": null, "CommunityName": "FRESNO", "County": "FRESNO", "State": "CA", "PostCode": "93722", "SpatialOffsetMeters": null}}, {"type": "Feature", "geometry": {"type": "Point", "coordinates": [-119.8857315, 36.760066]}, "properties": {"SSAP_NGUID": "urn:emergency:uid:gis:SSAP:4802cd82-45f5-43a1-ba5f-5895abc2a84f:fresnocountyca.gov", "DisclID": "fresnocountyca.gov", "CountyLocalID": null, "GERS_ID": "4802cd82-45f5-43a1-ba5f-5895abc2a84f", "ConflationStatus": "OVERTURE_ONLY", "Source": "OVERTURE_MAPS", "HNO": "5296", "PRD": null, "STN": "W LAMONA AVE", "STS": null, "Unit": null, "CommunityName": "FRESNO", "County": "FRESNO", "State": "CA", "PostCode": "93722", "SpatialOffsetMeters": null}}, {"type": "Feature", "geometry": {"type": "Point", "coordinates": [-119.8858224, 36.760726]}, "properties": {"SSAP_NGUID": "urn:emergency:uid:gis:SSAP:2726e03c-e6be-4245-acb2-d39cf6317bcb:fresnocountyca.gov", "DisclID": "fresnocountyca.gov", "CountyLocalID": null, "GERS_ID": "2726e03c-e6be-4245-acb2-d39cf6317bcb", "ConflationStatus": "OVERTURE_ONLY", "Source": "OVERTURE_MAPS", "HNO": "5298", "PRD": null, "STN": "W FLORADORA AVE", "STS": null, "Unit": null, "CommunityName": "FRESNO", "County": "FRESNO", "State": "CA", "PostCode": "93722", "SpatialOffsetMeters": null}}, {"type": "Feature", "geometry": {"type": "Point", "coordinates": [-119.8828498, 36.761043]}, "properties": {"SSAP_NGUID": "urn:emergency:uid:gis:SSAP:d2d497f4-681d-41b8-a0a3-35bee3d5d984:fresnocountyca.gov", "DisclID": "fresnocountyca.gov", "CountyLocalID": null, "GERS_ID": "d2d497f4-681d-41b8-a0a3-35bee3d5d984", "ConflationStatus": "OVERTURE_ONLY", "Source": "OVERTURE_MAPS", "HNO": "5135", "PRD": null, "STN": "W PINE AVE", "STS": null, "Unit": null, "CommunityName": "FRESNO", "County": "FRESNO", "State": "CA", "PostCode": "93722", "SpatialOffsetMeters": null}}, {"type": "Feature", "geometry": {"type": "Point", "coordinates": [-119.8814126, 36.7620965]}, "properties": {"SSAP_NGUID": "urn:emergency:uid:gis:SSAP:762d790d-9007-4441-a90b-ab4fd46d73e4:fresnocountyca.gov", "DisclID": "fresnocountyca.gov", "CountyLocalID": null, "GERS_ID": "762d790d-9007-4441-a90b-ab4fd46d73e4", "ConflationStatus": "OVERTURE_ONLY", "Source": "OVERTURE_MAPS", "HNO": "1807", "PRD": null, "STN": "N CORNELIA AVE", "STS": null, "Unit": null, "CommunityName": "FRESNO", "County": "FRESNO", "State": "CA", "PostCode": "93722", "SpatialOffsetMeters": null}}, {"type": "Feature", "geometry": {"type": "Point", "coordinates": [-119.8837341, 36.7621431]}, "properties": {"SSAP_NGUID": "urn:emergency:uid:gis:SSAP:369352a2-ac7a-4b5b-891a-751fc4361541:fresnocountyca.gov", "DisclID": "fresnocountyca.gov", "CountyLocalID": null, "GERS_ID": "369352a2-ac7a-4b5b-891a-751fc4361541", "ConflationStatus": "OVERTURE_ONLY", "Source": "OVERTURE_MAPS", "HNO": "5170", "PRD": null, "STN": "W HOME AVE", "STS": null, "Unit": null, "CommunityName": "FRESNO", "County": "FRESNO", "State": "CA", "PostCode": "93722", "SpatialOffsetMeters": null}}, {"type": "Feature", "geometry": {"type": "Point", "coordinates": [-119.8826672, 36.7615626]}, "properties": {"SSAP_NGUID": "urn:emergency:uid:gis:SSAP:7fa7e6e9-6bed-48e2-9783-195a93c15662:fresnocountyca.gov", "DisclID": "fresnocountyca.gov", "CountyLocalID": null, "GERS_ID": "7fa7e6e9-6bed-48e2-9783-195a93c15662", "ConflationStatus": "OVERTURE_ONLY", "Source": "OVERTURE_MAPS", "HNO": "1798", "PRD": null, "STN": "N FORESTIERE AVE", "STS": null, "Unit": null, "CommunityName": "FRESNO", "County": "FRESNO", "State": "CA", "PostCode": "93722", "SpatialOffsetMeters": null}}, {"type": "Feature", "geometry": {"type": "Point", "coordinates": [-119.8835259, 36.7617359]}, "properties": {"SSAP_NGUID": "urn:emergency:uid:gis:SSAP:8018a967-b033-4760-a122-53e42b82a3b0:fresnocountyca.gov", "DisclID": "fresnocountyca.gov", "CountyLocalID": null, "GERS_ID": "8018a967-b033-4760-a122-53e42b82a3b0", "ConflationStatus": "OVERTURE_ONLY", "Source": "OVERTURE_MAPS", "HNO": "5157", "PRD": null, "STN": "W HOME AVE", "STS": null, "Unit": null, "CommunityName": "FRESNO", "County": "FRESNO", "State": "CA", "PostCode": "93722", "SpatialOffsetMeters": null}}, {"type": "Feature", "geometry": {"type": "Point", "coordinates": [-119.8858559, 36.7614516]}, "properties": {"SSAP_NGUID": "urn:emergency:uid:gis:SSAP:a1c3d880-7fa8-42ec-9e6f-f8496ecfae1b:fresnocountyca.gov", "DisclID": "fresnocountyca.gov", "CountyLocalID": null, "GERS_ID": "a1c3d880-7fa8-42ec-9e6f-f8496ecfae1b", "ConflationStatus": "OVERTURE_ONLY", "Source": "OVERTURE_MAPS", "HNO": "5340", "PRD": null, "STN": "W PINE AVE", "STS": null, "Unit": null, "CommunityName": "FRESNO", "County": "FRESNO", "State": "CA", "PostCode": "93722", "SpatialOffsetMeters": null}}, {"type": "Feature", "geometry": {"type": "Point", "coordinates": [-119.8845992, 36.7622408]}, "properties": {"SSAP_NGUID": "urn:emergency:uid:gis:SSAP:70941459-8618-4cef-a517-f61bc54f543a:fresnocountyca.gov", "DisclID": "fresnocountyca.gov", "CountyLocalID": null, "GERS_ID": "70941459-8618-4cef-a517-f61bc54f543a", "ConflationStatus": "OVERTURE_ONLY", "Source": "OVERTURE_MAPS", "HNO": "1851", "PRD": null, "STN": "N DANTE AVE", "STS": null, "Unit": null, "CommunityName": "FRESNO", "County": "FRESNO", "State": "CA", "PostCode": "93722", "SpatialOffsetMeters": null}}, {"type": "Feature", "geometry": {"type": "Point", "coordinates": [-119.8860692, 36.7621788]}, "properties": {"SSAP_NGUID": "urn:emergency:uid:gis:SSAP:22dac1e8-1748-40ee-8cca-013e216b4cd8:fresnocountyca.gov", "DisclID": "fresnocountyca.gov", "CountyLocalID": null, "GERS_ID": "22dac1e8-1748-40ee-8cca-013e216b4cd8", "ConflationStatus": "OVERTURE_ONLY", "Source": "OVERTURE_MAPS", "HNO": "5344", "PRD": null, "STN": "W HOME AVE", "STS": null, "Unit": null, "CommunityName": "FRESNO", "County": "FRESNO", "State": "CA", "PostCode": "93722", "SpatialOffsetMeters": null}}, {"type": "Feature", "geometry": {"type": "Point", "coordinates": [-119.8872903, 36.7624829]}, "properties": {"SSAP_NGUID": "urn:emergency:uid:gis:SSAP:4ba94195-bb17-44fe-b432-b4bbe4d932a3:fresnocountyca.gov", "DisclID": "fresnocountyca.gov", "CountyLocalID": null, "GERS_ID": "4ba94195-bb17-44fe-b432-b4bbe4d932a3", "ConflationStatus": "OVERTURE_ONLY", "Source": "OVERTURE_MAPS", "HNO": "5395", "PRD": null, "STN": "W OSLIN AVE", "STS": null, "Unit": null, "CommunityName": "FRESNO", "County": "FRESNO", "State": "CA", "PostCode": "93722", "SpatialOffsetMeters": null}}, {"type": "Feature", "geometry": {"type": "Point", "coordinates": [-119.8879013, 36.7621582]}, "properties": {"SSAP_NGUID": "urn:emergency:uid:gis:SSAP:683672d7-8bd8-4784-9e3d-c036041e4c4e:fresnocountyca.gov", "DisclID": "fresnocountyca.gov", "CountyLocalID": null, "GERS_ID": "683672d7-8bd8-4784-9e3d-c036041e4c4e", "ConflationStatus": "OVERTURE_ONLY", "Source": "OVERTURE_MAPS", "HNO": "5428", "PRD": null, "STN": "W HOME AVE", "STS": null, "Unit": null, "CommunityName": "FRESNO", "County": "FRESNO", "State": "CA", "PostCode": "93722", "SpatialOffsetMeters": null}}, {"type": "Feature", "geometry": {"type": "Point", "coordinates": [-119.8881191, 36.7614533]}, "properties": {"SSAP_NGUID": "urn:emergency:uid:gis:SSAP:50326b86-2aa8-4e62-8e77-f842ed379668:fresnocountyca.gov", "DisclID": "fresnocountyca.gov", "CountyLocalID": null, "GERS_ID": "50326b86-2aa8-4e62-8e77-f842ed379668", "ConflationStatus": "OVERTURE_ONLY", "Source": "OVERTURE_MAPS", "HNO": "5432", "PRD": null, "STN": "W PINE AVE", "STS": null, "Unit": null, "CommunityName": "FRESNO", "County": "FRESNO", "State": "CA", "PostCode": "93722", "SpatialOffsetMeters": null}}, {"type": "Feature", "geometry": {"type": "Point", "coordinates": [-119.8868783, 36.7617714]}, "properties": {"SSAP_NGUID": "urn:emergency:uid:gis:SSAP:181bb8a1-f05c-4f4d-9f93-26200ea27649:fresnocountyca.gov", "DisclID": "fresnocountyca.gov", "CountyLocalID": null, "GERS_ID": "181bb8a1-f05c-4f4d-9f93-26200ea27649", "ConflationStatus": "OVERTURE_ONLY", "Source": "OVERTURE_MAPS", "HNO": "5375", "PRD": null, "STN": "W HOME AVE", "STS": null, "Unit": null, "CommunityName": "FRESNO", "County": "FRESNO", "State": "CA", "PostCode": "93722", "SpatialOffsetMeters": null}}, {"type": "Feature", "geometry": {"type": "Point", "coordinates": [-119.8867997, 36.7610526]}, "properties": {"SSAP_NGUID": "urn:emergency:uid:gis:SSAP:fccd1657-8726-4998-9fe4-f6ab6f4fef62:fresnocountyca.gov", "DisclID": "fresnocountyca.gov", "CountyLocalID": null, "GERS_ID": "fccd1657-8726-4998-9fe4-f6ab6f4fef62", "ConflationStatus": "OVERTURE_ONLY", "Source": "OVERTURE_MAPS", "HNO": "5367", "PRD": null, "STN": "W PINE AVE", "STS": null, "Unit": null, "CommunityName": "FRESNO", "County": "FRESNO", "State": "CA", "PostCode": "93722", "SpatialOffsetMeters": null}}, {"type": "Feature", "geometry": {"type": "Point", "coordinates": [-119.8861669, 36.760752]}, "properties": {"SSAP_NGUID": "urn:emergency:uid:gis:SSAP:31342c52-0c15-47cd-b5f1-bb42eb576ab0:fresnocountyca.gov", "DisclID": "fresnocountyca.gov", "CountyLocalID": null, "GERS_ID": "31342c52-0c15-47cd-b5f1-bb42eb576ab0", "ConflationStatus": "OVERTURE_ONLY", "Source": "OVERTURE_MAPS", "HNO": "5322", "PRD": null, "STN": "W FLORADORA AVE", "STS": null, "Unit": null, "CommunityName": "FRESNO", "County": "FRESNO", "State": "CA", "PostCode": "93722", "SpatialOffsetMeters": null}}, {"type": "Feature", "geometry": {"type": "Point", "coordinates": [-119.8867255, 36.7605064]}, "properties": {"SSAP_NGUID": "urn:emergency:uid:gis:SSAP:11cf791c-a573-4a44-8c8b-40f6e7d034cb:fresnocountyca.gov", "DisclID": "fresnocountyca.gov", "CountyLocalID": null, "GERS_ID": "11cf791c-a573-4a44-8c8b-40f6e7d034cb", "ConflationStatus": "OVERTURE_ONLY", "Source": "OVERTURE_MAPS", "HNO": "1733", "PRD": null, "STN": "N STATE ST", "STS": null, "Unit": null, "CommunityName": "FRESNO", "County": "FRESNO", "State": "CA", "PostCode": "93722", "SpatialOffsetMeters": null}}, {"type": "Feature", "geometry": {"type": "Point", "coordinates": [-119.8878561, 36.7603228]}, "properties": {"SSAP_NGUID": "urn:emergency:uid:gis:SSAP:2db4b21c-3f64-4797-b86e-576ddd8f6203:fresnocountyca.gov", "DisclID": "fresnocountyca.gov", "CountyLocalID": null, "GERS_ID": "2db4b21c-3f64-4797-b86e-576ddd8f6203", "ConflationStatus": "OVERTURE_ONLY", "Source": "OVERTURE_MAPS", "HNO": "5429", "PRD": null, "STN": "W FLORADORA AVE", "STS": null, "Unit": null, "CommunityName": "FRESNO", "County": "FRESNO", "State": "CA", "PostCode": "93722", "SpatialOffsetMeters": null}}, {"type": "Feature", "geometry": {"type": "Point", "coordinates": [-119.8876116, 36.7610379]}, "properties": {"SSAP_NGUID": "urn:emergency:uid:gis:SSAP:bac247b5-8a70-4004-9541-a8dfb30b4216:fresnocountyca.gov", "DisclID": "fresnocountyca.gov", "CountyLocalID": null, "GERS_ID": "bac247b5-8a70-4004-9541-a8dfb30b4216", "ConflationStatus": "OVERTURE_ONLY", "Source": "OVERTURE_MAPS", "HNO": "5407", "PRD": null, "STN": "W PINE AVE", "STS": null, "Unit": null, "CommunityName": "FRESNO", "County": "FRESNO", "State": "CA", "PostCode": "93722", "SpatialOffsetMeters": null}}, {"type": "Feature", "geometry": {"type": "Point", "coordinates": [-119.8899739, 36.7604076]}, "properties": {"SSAP_NGUID": "urn:emergency:uid:gis:SSAP:db33f418-2f93-465f-927c-5bf8800572ea:fresnocountyca.gov", "DisclID": "fresnocountyca.gov", "CountyLocalID": null, "GERS_ID": "db33f418-2f93-465f-927c-5bf8800572ea", "ConflationStatus": "OVERTURE_ONLY", "Source": "OVERTURE_MAPS", "HNO": "5526", "PRD": null, "STN": "W LAMONA AVE", "STS": null, "Unit": null, "CommunityName": "FRESNO", "County": "FRESNO", "State": "CA", "PostCode": "93722", "SpatialOffsetMeters": null}}, {"type": "Feature", "geometry": {"type": "Point", "coordinates": [-119.8912022, 36.7602936]}, "properties": {"SSAP_NGUID": "urn:emergency:uid:gis:SSAP:f2fcff2a-bb1f-4e4c-b887-cb8663263851:fresnocountyca.gov", "DisclID": "fresnocountyca.gov", "CountyLocalID": null, "GERS_ID": "f2fcff2a-bb1f-4e4c-b887-cb8663263851", "ConflationStatus": "OVERTURE_ONLY", "Source": "OVERTURE_MAPS", "HNO": "5583", "PRD": null, "STN": "W FLORADORA AVE", "STS": null, "Unit": null, "CommunityName": "FRESNO", "County": "FRESNO", "State": "CA", "PostCode": "93722", "SpatialOffsetMeters": null}}, {"type": "Feature", "geometry": {"type": "Point", "coordinates": [-119.8922258, 36.7609837]}, "properties": {"SSAP_NGUID": "urn:emergency:uid:gis:SSAP:f83e4444-5627-4e44-8726-1c0b07ea3478:fresnocountyca.gov", "DisclID": "fresnocountyca.gov", "CountyLocalID": null, "GERS_ID": "f83e4444-5627-4e44-8726-1c0b07ea3478", "ConflationStatus": "OVERTURE_ONLY", "Source": "OVERTURE_MAPS", "HNO": "5635", "PRD": null, "STN": "W PINE AVE", "STS": null, "Unit": null, "CommunityName": "FRESNO", "County": "FRESNO", "State": "CA", "PostCode": "93722", "SpatialOffsetMeters": null}}, {"type": "Feature", "geometry": {"type": "Point", "coordinates": [-119.8916203, 36.7613941]}, "properties": {"SSAP_NGUID": "urn:emergency:uid:gis:SSAP:8148db19-37b7-4ffc-a4db-e82a839746ec:fresnocountyca.gov", "DisclID": "fresnocountyca.gov", "CountyLocalID": null, "GERS_ID": "8148db19-37b7-4ffc-a4db-e82a839746ec", "ConflationStatus": "OVERTURE_ONLY", "Source": "OVERTURE_MAPS", "HNO": "5604", "PRD": null, "STN": "W PINE AVE", "STS": null, "Unit": null, "CommunityName": "FRESNO", "County": "FRESNO", "State": "CA", "PostCode": "93722", "SpatialOffsetMeters": null}}, {"type": "Feature", "geometry": {"type": "Point", "coordinates": [-119.8909979, 36.7613899]}, "properties": {"SSAP_NGUID": "urn:emergency:uid:gis:SSAP:a814a5d4-c8d7-4027-8cf3-dee7ade13dec:fresnocountyca.gov", "DisclID": "fresnocountyca.gov", "CountyLocalID": null, "GERS_ID": "a814a5d4-c8d7-4027-8cf3-dee7ade13dec", "ConflationStatus": "OVERTURE_ONLY", "Source": "OVERTURE_MAPS", "HNO": "5574", "PRD": null, "STN": "W PINE AVE", "STS": null, "Unit": null, "CommunityName": "FRESNO", "County": "FRESNO", "State": "CA", "PostCode": "93722", "SpatialOffsetMeters": null}}, {"type": "Feature", "geometry": {"type": "Point", "coordinates": [-119.8908478, 36.7623284]}, "properties": {"SSAP_NGUID": "urn:emergency:uid:gis:SSAP:498ed6ef-6d96-49d9-b5e0-f6a6062a2df1:fresnocountyca.gov", "DisclID": "fresnocountyca.gov", "CountyLocalID": null, "GERS_ID": "498ed6ef-6d96-49d9-b5e0-f6a6062a2df1", "ConflationStatus": "OVERTURE_ONLY", "Source": "OVERTURE_MAPS", "HNO": "5559", "PRD": null, "STN": "W OSLIN AVE", "STS": null, "Unit": null, "CommunityName": "FRESNO", "County": "FRESNO", "State": "CA", "PostCode": "93722", "SpatialOffsetMeters": null}}, {"type": "Feature", "geometry": {"type": "Point", "coordinates": [-119.8920601, 36.7623527]}, "properties": {"SSAP_NGUID": "urn:emergency:uid:gis:SSAP:a0d97e1c-e77f-4494-8064-0941331ca94a:fresnocountyca.gov", "DisclID": "fresnocountyca.gov", "CountyLocalID": null, "GERS_ID": "a0d97e1c-e77f-4494-8064-0941331ca94a", "ConflationStatus": "OVERTURE_ONLY", "Source": "OVERTURE_MAPS", "HNO": "5617", "PRD": null, "STN": "W OSLIN AVE", "STS": null, "Unit": null, "CommunityName": "FRESNO", "County": "FRESNO", "State": "CA", "PostCode": "93722", "SpatialOffsetMeters": null}}, {"type": "Feature", "geometry": {"type": "Point", "coordinates": [-119.8580284, 36.6504041]}, "properties": {"SSAP_NGUID": "urn:emergency:uid:gis:SSAP:0ce0a887-4755-458a-8e4e-d00649cbb77f:fresnocountyca.gov", "DisclID": "fresnocountyca.gov", "CountyLocalID": null, "GERS_ID": "0ce0a887-4755-458a-8e4e-d00649cbb77f", "ConflationStatus": "OVERTURE_ONLY", "Source": "OVERTURE_MAPS", "HNO": "5733", "PRD": null, "STN": "S VALENTINE AVE", "STS": null, "Unit": null, "CommunityName": "FRESNO", "County": "FRESNO", "State": "CA", "PostCode": "93706", "SpatialOffsetMeters": null}}, {"type": "Feature", "geometry": {"type": "Point", "coordinates": [-119.8422362, 36.6516153]}, "properties": {"SSAP_NGUID": "urn:emergency:uid:gis:SSAP:a2504b88-b554-4d92-ac82-2d635e5d7a8b:fresnocountyca.gov", "DisclID": "fresnocountyca.gov", "CountyLocalID": null, "GERS_ID": "a2504b88-b554-4d92-ac82-2d635e5d7a8b", "ConflationStatus": "OVERTURE_ONLY", "Source": "OVERTURE_MAPS", "HNO": "5827", "PRD": null, "STN": "S HUGHES AVE", "STS": null, "Unit": null, "CommunityName": "FRESNO", "County": "FRESNO", "State": "CA", "PostCode": "93706", "SpatialOffsetMeters": null}}, {"type": "Feature", "geometry": {"type": "Point", "coordinates": [-119.8504645, 36.6557628]}, "properties": {"SSAP_NGUID": "urn:emergency:uid:gis:SSAP:3ee05fb6-5af9-44bd-9884-066ff89d218a:fresnocountyca.gov", "DisclID": "fresnocountyca.gov", "CountyLocalID": null, "GERS_ID": "3ee05fb6-5af9-44bd-9884-066ff89d218a", "ConflationStatus": "OVERTURE_ONLY", "Source": "OVERTURE_MAPS", "HNO": "5468", "PRD": null, "STN": "S VALENTINE AVE", "STS": null, "Unit": null, "CommunityName": "FRESNO", "County": "FRESNO", "State": "CA", "PostCode": "93706", "SpatialOffsetMeters": null}}, {"type": "Feature", "geometry": {"type": "Point", "coordinates": [-119.8691781, 36.6538943]}, "properties": {"SSAP_NGUID": "urn:emergency:uid:gis:SSAP:66800d5a-ba93-418f-bf0b-a2e11cf530bf:fresnocountyca.gov", "DisclID": "fresnocountyca.gov", "CountyLocalID": null, "GERS_ID": "66800d5a-ba93-418f-bf0b-a2e11cf530bf", "ConflationStatus": "OVERTURE_ONLY", "Source": "OVERTURE_MAPS", "HNO": "5614", "PRD": null, "STN": "S BLYTHE AVE", "STS": null, "Unit": null, "CommunityName": "FRESNO", "County": "FRESNO", "State": "CA", "PostCode": "93706", "SpatialOffsetMeters": null}}, {"type": "Feature", "geometry": {"type": "Point", "coordinates": [-119.9231539, 36.6608377]}, "properties": {"SSAP_NGUID": "urn:emergency:uid:gis:SSAP:0acef35f-99e3-4379-971d-b97e8b314b91:fresnocountyca.gov", "DisclID": "fresnocountyca.gov", "CountyLocalID": null, "GERS_ID": "0acef35f-99e3-4379-971d-b97e8b314b91", "ConflationStatus": "OVERTURE_ONLY", "Source": "OVERTURE_MAPS", "HNO": "7409", "PRD": null, "STN": "W AMERICAN AVE", "STS": null, "Unit": null, "CommunityName": "FRESNO", "County": "FRESNO", "State": "CA", "PostCode": "93706", "SpatialOffsetMeters": null}}, {"type": "Feature", "geometry": {"type": "Point", "coordinates": [-119.9350601, 36.6927787]}, "properties": {"SSAP_NGUID": "urn:emergency:uid:gis:SSAP:2a255bdf-b7d2-4ae4-a5c9-732ef6c5da6c:fresnocountyca.gov", "DisclID": "fresnocountyca.gov", "CountyLocalID": null, "GERS_ID": "2a255bdf-b7d2-4ae4-a5c9-732ef6c5da6c", "ConflationStatus": "OVERTURE_ONLY", "Source": "OVERTURE_MAPS", "HNO": "2905", "PRD": null, "STN": "S CHATEAU FRESNO AVE", "STS": null, "Unit": null, "CommunityName": "FRESNO", "County": "FRESNO", "State": "CA", "PostCode": "93706", "SpatialOffsetMeters": null}}, {"type": "Feature", "geometry": {"type": "Point", "coordinates": [-119.8762777, 36.6837789]}, "properties": {"SSAP_NGUID": "urn:emergency:uid:gis:SSAP:68534dec-daa5-4e04-954c-e6e21238047a:fresnocountyca.gov", "DisclID": "fresnocountyca.gov", "CountyLocalID": null, "GERS_ID": "68534dec-daa5-4e04-954c-e6e21238047a", "ConflationStatus": "OVERTURE_ONLY", "Source": "OVERTURE_MAPS", "HNO": "4619", "PRD": null, "STN": "W MUSCAT AVE", "STS": null, "Unit": null, "CommunityName": "FRESNO", "County": "FRESNO", "State": "CA", "PostCode": "93706", "SpatialOffsetMeters": null}}, {"type": "Feature", "geometry": {"type": "Point", "coordinates": [-119.8697587, 36.683817]}, "properties": {"SSAP_NGUID": "urn:emergency:uid:gis:SSAP:dea0fd75-6b42-4b9e-bb37-5c6ed212685e:fresnocountyca.gov", "DisclID": "fresnocountyca.gov", "CountyLocalID": null, "GERS_ID": "dea0fd75-6b42-4b9e-bb37-5c6ed212685e", "ConflationStatus": "OVERTURE_ONLY", "Source": "OVERTURE_MAPS", "HNO": "4309", "PRD": null, "STN": "W MUSCAT AVE", "STS": null, "Unit": null, "CommunityName": "FRESNO", "County": "FRESNO", "State": "CA", "PostCode": "93706", "SpatialOffsetMeters": null}}, {"type": "Feature", "geometry": {"type": "Point", "coordinates": [-119.8737896, 36.6901001]}, "properties": {"SSAP_NGUID": "urn:emergency:uid:gis:SSAP:f7f15871-0a87-45dc-9246-d2acc4216f5a:fresnocountyca.gov", "DisclID": "fresnocountyca.gov", "CountyLocalID": null, "GERS_ID": "f7f15871-0a87-45dc-9246-d2acc4216f5a", "ConflationStatus": "OVERTURE_ONLY", "Source": "OVERTURE_MAPS", "HNO": "3035", "PRD": null, "STN": "S BLYTHE AVE", "STS": null, "Unit": null, "CommunityName": "FRESNO", "County": "FRESNO", "State": "CA", "PostCode": "93706", "SpatialOffsetMeters": null}}, {"type": "Feature", "geometry": {"type": "Point", "coordinates": [-119.9030829, 36.7045547]}, "properties": {"SSAP_NGUID": "urn:emergency:uid:gis:SSAP:9d95a4eb-06de-440d-b28c-41145e5eb285:fresnocountyca.gov", "DisclID": "fresnocountyca.gov", "CountyLocalID": null, "GERS_ID": "9d95a4eb-06de-440d-b28c-41145e5eb285", "ConflationStatus": "OVERTURE_ONLY", "Source": "OVERTURE_MAPS", "HNO": "6351", "PRD": null, "STN": "W JENSEN AVE", "STS": null, "Unit": null, "CommunityName": "FRESNO", "County": "FRESNO", "State": "CA", "PostCode": "93706", "SpatialOffsetMeters": null}}, {"type": "Feature", "geometry": {"type": "Point", "coordinates": [-119.8738655, 36.7010311]}, "properties": {"SSAP_NGUID": "urn:emergency:uid:gis:SSAP:d0566905-26a2-4124-b818-0ca337154a68:fresnocountyca.gov", "DisclID": "fresnocountyca.gov", "CountyLocalID": null, "GERS_ID": "d0566905-26a2-4124-b818-0ca337154a68", "ConflationStatus": "OVERTURE_ONLY", "Source": "OVERTURE_MAPS", "HNO": "2285", "PRD": null, "STN": "S BLYTHE AVE", "STS": null, "Unit": null, "CommunityName": "FRESNO", "County": "FRESNO", "State": "CA", "PostCode": "93706", "SpatialOffsetMeters": null}}, {"type": "Feature", "geometry": {"type": "Point", "coordinates": [-119.8449041, 36.6949165]}, "properties": {"SSAP_NGUID": "urn:emergency:uid:gis:SSAP:30a6f779-7ea9-4d91-985c-3b4364a6debf:fresnocountyca.gov", "DisclID": "fresnocountyca.gov", "CountyLocalID": null, "GERS_ID": "30a6f779-7ea9-4d91-985c-3b4364a6debf", "ConflationStatus": "OVERTURE_ONLY", "Source": "OVERTURE_MAPS", "HNO": "2635", "PRD": null, "STN": "S MARKS AVE", "STS": null, "Unit": null, "CommunityName": "FRESNO", "County": "FRESNO", "State": "CA", "PostCode": "93706", "SpatialOffsetMeters": null}}, {"type": "Feature", "geometry": {"type": "Point", "coordinates": [-119.8481488, 36.6983986]}, "properties": {"SSAP_NGUID": "urn:emergency:uid:gis:SSAP:10bd0484-c69a-46de-9234-18e1c8956c0e:fresnocountyca.gov", "DisclID": "fresnocountyca.gov", "CountyLocalID": null, "GERS_ID": "10bd0484-c69a-46de-9234-18e1c8956c0e", "ConflationStatus": "OVERTURE_ONLY", "Source": "OVERTURE_MAPS", "HNO": "3179", "PRD": null, "STN": "W ANNADALE AVE", "STS": null, "Unit": null, "CommunityName": "FRESNO", "County": "FRESNO", "State": "CA", "PostCode": "93706", "SpatialOffsetMeters": null}}, {"type": "Feature", "geometry": {"type": "Point", "coordinates": [-119.8450152, 36.6989936]}, "properties": {"SSAP_NGUID": "urn:emergency:uid:gis:SSAP:b19baff3-8408-4f57-9dad-cd193c92c27a:fresnocountyca.gov", "DisclID": "fresnocountyca.gov", "CountyLocalID": null, "GERS_ID": "b19baff3-8408-4f57-9dad-cd193c92c27a", "ConflationStatus": "OVERTURE_ONLY", "Source": "OVERTURE_MAPS", "HNO": "3021", "PRD": null, "STN": "W ANNADALE AVE", "STS": null, "Unit": null, "CommunityName": "FRESNO", "County": "FRESNO", "State": "CA", "PostCode": "93706", "SpatialOffsetMeters": null}}, {"type": "Feature", "geometry": {"type": "Point", "coordinates": [-119.8620354, 36.7035305]}, "properties": {"SSAP_NGUID": "urn:emergency:uid:gis:SSAP:3dba7680-f651-41a2-a652-5fef345a5065:fresnocountyca.gov", "DisclID": "fresnocountyca.gov", "CountyLocalID": null, "GERS_ID": "3dba7680-f651-41a2-a652-5fef345a5065", "ConflationStatus": "OVERTURE_ONLY", "Source": "OVERTURE_MAPS", "HNO": "2174", "PRD": null, "STN": "S BRAWLEY AVE", "STS": null, "Unit": null, "CommunityName": "FRESNO", "County": "FRESNO", "State": "CA", "PostCode": "93706", "SpatialOffsetMeters": null}}, {"type": "Feature", "geometry": {"type": "Point", "coordinates": [-119.8635795, 36.7056988]}, "properties": {"SSAP_NGUID": "urn:emergency:uid:gis:SSAP:62c1a080-1038-4b75-bbc2-b6d26a343a1d:fresnocountyca.gov", "DisclID": "fresnocountyca.gov", "CountyLocalID": null, "GERS_ID": "62c1a080-1038-4b75-bbc2-b6d26a343a1d", "ConflationStatus": "OVERTURE_ONLY", "Source": "OVERTURE_MAPS", "HNO": "4069", "PRD": null, "STN": "W JENSEN AVE", "STS": null, "Unit": null, "CommunityName": "FRESNO", "County": "FRESNO", "State": "CA", "PostCode": "93706", "SpatialOffsetMeters": null}}, {"type": "Feature", "geometry": {"type": "Point", "coordinates": [-119.8505225, 36.7056226]}, "properties": {"SSAP_NGUID": "urn:emergency:uid:gis:SSAP:416c1d82-1f7c-4d5e-9f79-5a9e3cde4c5e:fresnocountyca.gov", "DisclID": "fresnocountyca.gov", "CountyLocalID": null, "GERS_ID": "416c1d82-1f7c-4d5e-9f79-5a9e3cde4c5e", "ConflationStatus": "OVERTURE_ONLY", "Source": "OVERTURE_MAPS", "HNO": "3289", "PRD": null, "STN": "W JENSEN AVE", "STS": null, "Unit": null, "CommunityName": "FRESNO", "County": "FRESNO", "State": "CA", "PostCode": "93706", "SpatialOffsetMeters": null}}, {"type": "Feature", "geometry": {"type": "Point", "coordinates": [-119.853033, 36.7014224]}, "properties": {"SSAP_NGUID": "urn:emergency:uid:gis:SSAP:7f0d39e6-492b-4556-abc5-bb6e1beca3f7:fresnocountyca.gov", "DisclID": "fresnocountyca.gov", "CountyLocalID": null, "GERS_ID": "7f0d39e6-492b-4556-abc5-bb6e1beca3f7", "ConflationStatus": "OVERTURE_ONLY", "Source": "OVERTURE_MAPS", "HNO": "2280", "PRD": null, "STN": "S VALENTINE AVE", "STS": null, "Unit": null, "CommunityName": "FRESNO", "County": "FRESNO", "State": "CA", "PostCode": "93706", "SpatialOffsetMeters": null}}, {"type": "Feature", "geometry": {"type": "Point", "coordinates": [-119.8385536, 36.7056896]}, "properties": {"SSAP_NGUID": "urn:emergency:uid:gis:SSAP:57927bf9-c2da-4031-97d7-7a2459fcff47:fresnocountyca.gov", "DisclID": "fresnocountyca.gov", "CountyLocalID": null, "GERS_ID": "57927bf9-c2da-4031-97d7-7a2459fcff47", "ConflationStatus": "OVERTURE_ONLY", "Source": "OVERTURE_MAPS", "HNO": "2335", "PRD": null, "STN": "W JENSEN AVE", "STS": null, "Unit": null, "CommunityName": "FRESNO", "County": "FRESNO", "State": "CA", "PostCode": "93706", "SpatialOffsetMeters": null}}, {"type": "Feature", "geometry": {"type": "Point", "coordinates": [-119.8273208, 36.6911915]}, "properties": {"SSAP_NGUID": "urn:emergency:uid:gis:SSAP:e1aaa125-327b-4cfc-9c09-c56be90f0cc4:fresnocountyca.gov", "DisclID": "fresnocountyca.gov", "CountyLocalID": null, "GERS_ID": "e1aaa125-327b-4cfc-9c09-c56be90f0cc4", "ConflationStatus": "OVERTURE_ONLY", "Source": "OVERTURE_MAPS", "HNO": "3061", "PRD": null, "STN": "S WEST AVE", "STS": null, "Unit": null, "CommunityName": "FRESNO", "County": "FRESNO", "State": "CA", "PostCode": "93706", "SpatialOffsetMeters": null}}, {"type": "Feature", "geometry": {"type": "Point", "coordinates": [-119.8361713, 36.6896916]}, "properties": {"SSAP_NGUID": "urn:emergency:uid:gis:SSAP:7c8ed322-ab6f-4619-8b64-563f34fb8acb:fresnocountyca.gov", "DisclID": "fresnocountyca.gov", "CountyLocalID": null, "GERS_ID": "7c8ed322-ab6f-4619-8b64-563f34fb8acb", "ConflationStatus": "OVERTURE_ONLY", "Source": "OVERTURE_MAPS", "HNO": "3137", "PRD": null, "STN": "S HUGHES AVE", "STS": null, "Unit": null, "CommunityName": "FRESNO", "County": "FRESNO", "State": "CA", "PostCode": "93706", "SpatialOffsetMeters": null}}, {"type": "Feature", "geometry": {"type": "Point", "coordinates": [-119.8496145, 36.6930192]}, "properties": {"SSAP_NGUID": "urn:emergency:uid:gis:SSAP:d47afd05-bdf8-4c6b-bed6-99d54b8fd635:fresnocountyca.gov", "DisclID": "fresnocountyca.gov", "CountyLocalID": null, "GERS_ID": "d47afd05-bdf8-4c6b-bed6-99d54b8fd635", "ConflationStatus": "OVERTURE_ONLY", "Source": "OVERTURE_MAPS", "HNO": "3224", "PRD": null, "STN": "W NORTH AVE", "STS": null, "Unit": null, "CommunityName": "FRESNO", "County": "FRESNO", "State": "CA", "PostCode": "93706", "SpatialOffsetMeters": null}}, {"type": "Feature", "geometry": {"type": "Point", "coordinates": [-119.8648903, 36.6929738]}, "properties": {"SSAP_NGUID": "urn:emergency:uid:gis:SSAP:e3484ca9-459b-41a6-9cba-f1929907ffdf:fresnocountyca.gov", "DisclID": "fresnocountyca.gov", "CountyLocalID": null, "GERS_ID": "e3484ca9-459b-41a6-9cba-f1929907ffdf", "ConflationStatus": "OVERTURE_ONLY", "Source": "OVERTURE_MAPS", "HNO": "4044", "PRD": null, "STN": "W NORTH AVE", "STS": null, "Unit": null, "CommunityName": "FRESNO", "County": "FRESNO", "State": "CA", "PostCode": "93706", "SpatialOffsetMeters": null}}, {"type": "Feature", "geometry": {"type": "Point", "coordinates": [-119.8601857, 36.6901538]}, "properties": {"SSAP_NGUID": "urn:emergency:uid:gis:SSAP:7710245a-02ba-405d-a41b-dbd292fbbf14:fresnocountyca.gov", "DisclID": "fresnocountyca.gov", "CountyLocalID": null, "GERS_ID": "7710245a-02ba-405d-a41b-dbd292fbbf14", "ConflationStatus": "OVERTURE_ONLY", "Source": "OVERTURE_MAPS", "HNO": "3785", "PRD": null, "STN": "N BRAWLEY AVE", "STS": null, "Unit": null, "CommunityName": "FRESNO", "County": "FRESNO", "State": "CA", "PostCode": "93706", "SpatialOffsetMeters": null}}, {"type": "Feature", "geometry": {"type": "Point", "coordinates": [-119.8511706, 36.6884413]}, "properties": {"SSAP_NGUID": "urn:emergency:uid:gis:SSAP:35f102ca-6845-46f8-a55a-18d763902fe0:fresnocountyca.gov", "DisclID": "fresnocountyca.gov", "CountyLocalID": null, "GERS_ID": "35f102ca-6845-46f8-a55a-18d763902fe0", "ConflationStatus": "OVERTURE_ONLY", "Source": "OVERTURE_MAPS", "HNO": "3260", "PRD": null, "STN": "S VALENTINE AVE", "STS": null, "Unit": null, "CommunityName": "FRESNO", "County": "FRESNO", "State": "CA", "PostCode": "93706", "SpatialOffsetMeters": null}}, {"type": "Feature", "geometry": {"type": "Point", "coordinates": [-119.853088, 36.6838607]}, "properties": {"SSAP_NGUID": "urn:emergency:uid:gis:SSAP:ff8877f1-7416-4c8d-9117-181f8fdec571:fresnocountyca.gov", "DisclID": "fresnocountyca.gov", "CountyLocalID": null, "GERS_ID": "ff8877f1-7416-4c8d-9117-181f8fdec571", "ConflationStatus": "OVERTURE_ONLY", "Source": "OVERTURE_MAPS", "HNO": "3456", "PRD": null, "STN": "S VALENTINE AVE", "STS": null, "Unit": null, "CommunityName": "FRESNO", "County": "FRESNO", "State": "CA", "PostCode": "93706", "SpatialOffsetMeters": null}}, {"type": "Feature", "geometry": {"type": "Point", "coordinates": [-119.8506966, 36.6836523]}, "properties": {"SSAP_NGUID": "urn:emergency:uid:gis:SSAP:1a7b573d-e3d2-4545-ac56-071397aafc82:fresnocountyca.gov", "DisclID": "fresnocountyca.gov", "CountyLocalID": null, "GERS_ID": "1a7b573d-e3d2-4545-ac56-071397aafc82", "ConflationStatus": "OVERTURE_ONLY", "Source": "OVERTURE_MAPS", "HNO": "3286", "PRD": null, "STN": "W BERAN WAY", "STS": null, "Unit": null, "CommunityName": "FRESNO", "County": "FRESNO", "State": "CA", "PostCode": "93706", "SpatialOffsetMeters": null}}, {"type": "Feature", "geometry": {"type": "Point", "coordinates": [-119.8513153, 36.6845507]}, "properties": {"SSAP_NGUID": "urn:emergency:uid:gis:SSAP:a754c0f4-81ee-47e7-aec4-daa5e213e791:fresnocountyca.gov", "DisclID": "fresnocountyca.gov", "CountyLocalID": null, "GERS_ID": "a754c0f4-81ee-47e7-aec4-daa5e213e791", "ConflationStatus": "OVERTURE_ONLY", "Source": "OVERTURE_MAPS", "HNO": "3301", "PRD": null, "STN": "W MUSCAT AVE", "STS": null, "Unit": null, "CommunityName": "FRESNO", "County": "FRESNO", "State": "CA", "PostCode": "93706", "SpatialOffsetMeters": null}}, {"type": "Feature", "geometry": {"type": "Point", "coordinates": [-119.8469474, 36.685745]}, "properties": {"SSAP_NGUID": "urn:emergency:uid:gis:SSAP:2ad7d344-bff4-4a04-b7d9-5030351a8594:fresnocountyca.gov", "DisclID": "fresnocountyca.gov", "CountyLocalID": null, "GERS_ID": "2ad7d344-bff4-4a04-b7d9-5030351a8594", "ConflationStatus": "OVERTURE_ONLY", "Source": "OVERTURE_MAPS", "HNO": "3094", "PRD": null, "STN": "W MUSCAT AVE", "STS": null, "Unit": null, "CommunityName": "FRESNO", "County": "FRESNO", "State": "CA", "PostCode": "93706", "SpatialOffsetMeters": null}}, {"type": "Feature", "geometry": {"type": "Point", "coordinates": [-119.8432969, 36.6839291]}, "properties": {"SSAP_NGUID": "urn:emergency:uid:gis:SSAP:e6d4ee22-2217-4726-afbd-a5294628083e:fresnocountyca.gov", "DisclID": "fresnocountyca.gov", "CountyLocalID": null, "GERS_ID": "e6d4ee22-2217-4726-afbd-a5294628083e", "ConflationStatus": "OVERTURE_ONLY", "Source": "OVERTURE_MAPS", "HNO": "3418", "PRD": null, "STN": "S MARKS AVE", "STS": null, "Unit": null, "CommunityName": "FRESNO", "County": "FRESNO", "State": "CA", "PostCode": "93706", "SpatialOffsetMeters": null}}, {"type": "Feature", "geometry": {"type": "Point", "coordinates": [-119.8367508, 36.6887096]}, "properties": {"SSAP_NGUID": "urn:emergency:uid:gis:SSAP:dbc3f882-5d4e-4337-b0c4-a395e2292996:fresnocountyca.gov", "DisclID": "fresnocountyca.gov", "CountyLocalID": null, "GERS_ID": "dbc3f882-5d4e-4337-b0c4-a395e2292996", "ConflationStatus": "OVERTURE_ONLY", "Source": "OVERTURE_MAPS", "HNO": "3195", "PRD": null, "STN": "S HUGHES AVE", "STS": null, "Unit": null, "CommunityName": "FRESNO", "County": "FRESNO", "State": "CA", "PostCode": "93706", "SpatialOffsetMeters": null}}, {"type": "Feature", "geometry": {"type": "Point", "coordinates": [-119.8246066, 36.6877656]}, "properties": {"SSAP_NGUID": "urn:emergency:uid:gis:SSAP:0212312f-f0b8-435d-9b4d-862b14c14ed8:fresnocountyca.gov", "DisclID": "fresnocountyca.gov", "CountyLocalID": null, "GERS_ID": "0212312f-f0b8-435d-9b4d-862b14c14ed8", "ConflationStatus": "OVERTURE_ONLY", "Source": "OVERTURE_MAPS", "HNO": "3274", "PRD": null, "STN": "S WEST AVE", "STS": null, "Unit": null, "CommunityName": "FRESNO", "County": "FRESNO", "State": "CA", "PostCode": "93706", "SpatialOffsetMeters": null}}, {"type": "Feature", "geometry": {"type": "Point", "coordinates": [-119.8335137, 36.6822165]}, "properties": {"SSAP_NGUID": "urn:emergency:uid:gis:SSAP:c47f81fa-4061-4ffd-ae28-06ca3d1a5375:fresnocountyca.gov", "DisclID": "fresnocountyca.gov", "CountyLocalID": null, "GERS_ID": "c47f81fa-4061-4ffd-ae28-06ca3d1a5375", "ConflationStatus": "OVERTURE_ONLY", "Source": "OVERTURE_MAPS", "HNO": "3554", "PRD": null, "STN": "S HUGHES AVE", "STS": null, "Unit": null, "CommunityName": "FRESNO", "County": "FRESNO", "State": "CA", "PostCode": "93706", "SpatialOffsetMeters": null}}, {"type": "Feature", "geometry": {"type": "Point", "coordinates": [-119.8439949, 36.6780552]}, "properties": {"SSAP_NGUID": "urn:emergency:uid:gis:SSAP:fd13593b-2e09-46fe-a162-ddcf9636fd9f:fresnocountyca.gov", "DisclID": "fresnocountyca.gov", "CountyLocalID": null, "GERS_ID": "fd13593b-2e09-46fe-a162-ddcf9636fd9f", "ConflationStatus": "OVERTURE_ONLY", "Source": "OVERTURE_MAPS", "HNO": "3772", "PRD": null, "STN": "S MARKS AVE", "STS": null, "Unit": null, "CommunityName": "FRESNO", "County": "FRESNO", "State": "CA", "PostCode": "93706", "SpatialOffsetMeters": null}}, {"type": "Feature", "geometry": {"type": "Point", "coordinates": [-119.8279434, 36.6729061]}, "properties": {"SSAP_NGUID": "urn:emergency:uid:gis:SSAP:9a3d4e37-9dda-49ab-ba85-c6f34584ece8:fresnocountyca.gov", "DisclID": "fresnocountyca.gov", "CountyLocalID": null, "GERS_ID": "9a3d4e37-9dda-49ab-ba85-c6f34584ece8", "ConflationStatus": "OVERTURE_ONLY", "Source": "OVERTURE_MAPS", "HNO": "4273", "PRD": null, "STN": "S WEST AVE", "STS": null, "Unit": null, "CommunityName": "FRESNO", "County": "FRESNO", "State": "CA", "PostCode": "93706", "SpatialOffsetMeters": null}}, {"type": "Feature", "geometry": {"type": "Point", "coordinates": [-119.8422675, 36.6752339]}, "properties": {"SSAP_NGUID": "urn:emergency:uid:gis:SSAP:03143e63-a064-4d13-b3b3-2d2eb103d963:fresnocountyca.gov", "DisclID": "fresnocountyca.gov", "CountyLocalID": null, "GERS_ID": "03143e63-a064-4d13-b3b3-2d2eb103d963", "ConflationStatus": "OVERTURE_ONLY", "Source": "OVERTURE_MAPS", "HNO": "4170", "PRD": null, "STN": "S MARKS AVE", "STS": null, "Unit": null, "CommunityName": "FRESNO", "County": "FRESNO", "State": "CA", "PostCode": "93706", "SpatialOffsetMeters": null}}, {"type": "Feature", "geometry": {"type": "Point", "coordinates": [-119.8453361, 36.6725229]}, "properties": {"SSAP_NGUID": "urn:emergency:uid:gis:SSAP:4882e7d7-0ddc-4468-8cfd-3334d11ef076:fresnocountyca.gov", "DisclID": "fresnocountyca.gov", "CountyLocalID": null, "GERS_ID": "4882e7d7-0ddc-4468-8cfd-3334d11ef076", "ConflationStatus": "OVERTURE_ONLY", "Source": "OVERTURE_MAPS", "HNO": "4279", "PRD": null, "STN": "S MARKS AVE", "STS": null, "Unit": null, "CommunityName": "FRESNO", "County": "FRESNO", "State": "CA", "PostCode": "93706", "SpatialOffsetMeters": null}}, {"type": "Feature", "geometry": {"type": "Point", "coordinates": [-119.8647749, 36.6784048]}, "properties": {"SSAP_NGUID": "urn:emergency:uid:gis:SSAP:4bcee288-e4b5-4a26-9f78-70d6872e7a9f:fresnocountyca.gov", "DisclID": "fresnocountyca.gov", "CountyLocalID": null, "GERS_ID": "4bcee288-e4b5-4a26-9f78-70d6872e7a9f", "ConflationStatus": "OVERTURE_ONLY", "Source": "OVERTURE_MAPS", "HNO": "4140", "PRD": null, "STN": "W CENTRAL AVE", "STS": null, "Unit": null, "CommunityName": "FRESNO", "County": "FRESNO", "State": "CA", "PostCode": "93706", "SpatialOffsetMeters": null}}, {"type": "Feature", "geometry": {"type": "Point", "coordinates": [-119.8499651, 36.6831935]}, "properties": {"SSAP_NGUID": "urn:emergency:uid:gis:SSAP:bbd84396-665b-46a0-9747-4fb33332c3b1:fresnocountyca.gov", "DisclID": "fresnocountyca.gov", "CountyLocalID": null, "GERS_ID": "bbd84396-665b-46a0-9747-4fb33332c3b1", "ConflationStatus": "OVERTURE_ONLY", "Source": "OVERTURE_MAPS", "HNO": "3243", "PRD": null, "STN": "W BERAN WAY", "STS": null, "Unit": null, "CommunityName": "FRESNO", "County": "FRESNO", "State": "CA", "PostCode": "93706", "SpatialOffsetMeters": null}}, {"type": "Feature", "geometry": {"type": "Point", "coordinates": [-119.8680842, 36.6829131]}, "properties": {"SSAP_NGUID": "urn:emergency:uid:gis:SSAP:0c6509ec-4780-4da5-9601-1752d8a1511e:fresnocountyca.gov", "DisclID": "fresnocountyca.gov", "CountyLocalID": null, "GERS_ID": "0c6509ec-4780-4da5-9601-1752d8a1511e", "ConflationStatus": "OVERTURE_ONLY", "Source": "OVERTURE_MAPS", "HNO": "4255", "PRD": null, "STN": "W MUSCAT AVE", "STS": null, "Unit": null, "CommunityName": "FRESNO", "County": "FRESNO", "State": "CA", "PostCode": "93706", "SpatialOffsetMeters": null}}, {"type": "Feature", "geometry": {"type": "Point", "coordinates": [-119.8726944, 36.6793633]}, "properties": {"SSAP_NGUID": "urn:emergency:uid:gis:SSAP:00946d69-edf4-4402-b09d-169e3951a711:fresnocountyca.gov", "DisclID": "fresnocountyca.gov", "CountyLocalID": null, "GERS_ID": "00946d69-edf4-4402-b09d-169e3951a711", "ConflationStatus": "OVERTURE_ONLY", "Source": "OVERTURE_MAPS", "HNO": "3695", "PRD": null, "STN": "S BLYTHE AVE", "STS": null, "Unit": null, "CommunityName": "FRESNO", "County": "FRESNO", "State": "CA", "PostCode": "93706", "SpatialOffsetMeters": null}}, {"type": "Feature", "geometry": {"type": "Point", "coordinates": [-119.889997, 36.6717951]}, "properties": {"SSAP_NGUID": "urn:emergency:uid:gis:SSAP:8811471f-e0e9-4f25-948f-4741474fced1:fresnocountyca.gov", "DisclID": "fresnocountyca.gov", "CountyLocalID": null, "GERS_ID": "8811471f-e0e9-4f25-948f-4741474fced1", "ConflationStatus": "OVERTURE_ONLY", "Source": "OVERTURE_MAPS", "HNO": "4337", "PRD": null, "STN": "S POLK AVE", "STS": null, "Unit": null, "CommunityName": "FRESNO", "County": "FRESNO", "State": "CA", "PostCode": "93706", "SpatialOffsetMeters": null}}, {"type": "Feature", "geometry": {"type": "Point", "coordinates": [-119.904111, 36.6686778]}, "properties": {"SSAP_NGUID": "urn:emergency:uid:gis:SSAP:6d3688b4-2239-48bc-8189-3f062d885a8c:fresnocountyca.gov", "DisclID": "fresnocountyca.gov", "CountyLocalID": null, "GERS_ID": "6d3688b4-2239-48bc-8189-3f062d885a8c", "ConflationStatus": "OVERTURE_ONLY", "Source": "OVERTURE_MAPS", "HNO": "6367", "PRD": null, "STN": "W CENTRAL AVE", "STS": null, "Unit": null, "CommunityName": "FRESNO", "County": "FRESNO", "State": "CA", "PostCode": "93706", "SpatialOffsetMeters": null}}, {"type": "Feature", "geometry": {"type": "Point", "coordinates": [-119.8499074, 36.6620996]}, "properties": {"SSAP_NGUID": "urn:emergency:uid:gis:SSAP:1e6e4c5c-5e07-4988-9615-5bee907ebf99:fresnocountyca.gov", "DisclID": "fresnocountyca.gov", "CountyLocalID": null, "GERS_ID": "1e6e4c5c-5e07-4988-9615-5bee907ebf99", "ConflationStatus": "OVERTURE_ONLY", "Source": "OVERTURE_MAPS", "HNO": "3267", "PRD": null, "STN": "W AMERICAN AVE", "STS": null, "Unit": null, "CommunityName": "FRESNO", "County": "FRESNO", "State": "CA", "PostCode": "93706", "SpatialOffsetMeters": null}}, {"type": "Feature", "geometry": {"type": "Point", "coordinates": [-119.8456795, 36.669784]}, "properties": {"SSAP_NGUID": "urn:emergency:uid:gis:SSAP:db3462b4-f150-40d5-9e5e-7500741deacb:fresnocountyca.gov", "DisclID": "fresnocountyca.gov", "CountyLocalID": null, "GERS_ID": "db3462b4-f150-40d5-9e5e-7500741deacb", "ConflationStatus": "OVERTURE_ONLY", "Source": "OVERTURE_MAPS", "HNO": "3077", "PRD": null, "STN": "W MALAGA AVE", "STS": null, "Unit": null, "CommunityName": "FRESNO", "County": "FRESNO", "State": "CA", "PostCode": "93706", "SpatialOffsetMeters": null}}, {"type": "Feature", "geometry": {"type": "Point", "coordinates": [-119.8365668, 36.6693626]}, "properties": {"SSAP_NGUID": "urn:emergency:uid:gis:SSAP:41dcb70a-7d54-4455-805a-616f9a69e89f:fresnocountyca.gov", "DisclID": "fresnocountyca.gov", "CountyLocalID": null, "GERS_ID": "41dcb70a-7d54-4455-805a-616f9a69e89f", "ConflationStatus": "OVERTURE_ONLY", "Source": "OVERTURE_MAPS", "HNO": "4495", "PRD": null, "STN": "S HUGHES AVE", "STS": null, "Unit": null, "CommunityName": "FRESNO", "County": "FRESNO", "State": "CA", "PostCode": "93706", "SpatialOffsetMeters": null}}, {"type": "Feature", "geometry": {"type": "Point", "coordinates": [-119.8338931, 36.6655085]}, "properties": {"SSAP_NGUID": "urn:emergency:uid:gis:SSAP:856d08db-6efb-42f0-a5c4-8e90586e35e2:fresnocountyca.gov", "DisclID": "fresnocountyca.gov", "CountyLocalID": null, "GERS_ID": "856d08db-6efb-42f0-a5c4-8e90586e35e2", "ConflationStatus": "OVERTURE_ONLY", "Source": "OVERTURE_MAPS", "HNO": "4654", "PRD": null, "STN": "S HUGHES AVE", "STS": null, "Unit": null, "CommunityName": "FRESNO", "County": "FRESNO", "State": "CA", "PostCode": "93706", "SpatialOffsetMeters": null}}, {"type": "Feature", "geometry": {"type": "Point", "coordinates": [-119.810985, 36.6605817]}, "properties": {"SSAP_NGUID": "urn:emergency:uid:gis:SSAP:d6a7c58c-24dd-4684-be44-7856ae2eb69f:fresnocountyca.gov", "DisclID": "fresnocountyca.gov", "CountyLocalID": null, "GERS_ID": "d6a7c58c-24dd-4684-be44-7856ae2eb69f", "ConflationStatus": "OVERTURE_ONLY", "Source": "OVERTURE_MAPS", "HNO": "5131", "PRD": null, "STN": "S WALNUT AVE", "STS": null, "Unit": null, "CommunityName": "FRESNO", "County": "FRESNO", "State": "CA", "PostCode": "93706", "SpatialOffsetMeters": null}}, {"type": "Feature", "geometry": {"type": "Point", "coordinates": [-119.8069785, 36.6641525]}, "properties": {"SSAP_NGUID": "urn:emergency:uid:gis:SSAP:f3cbaae0-e033-4e4f-a5c5-7793056ffff7:fresnocountyca.gov", "DisclID": "fresnocountyca.gov", "CountyLocalID": null, "GERS_ID": "f3cbaae0-e033-4e4f-a5c5-7793056ffff7", "ConflationStatus": "OVERTURE_ONLY", "Source": "OVERTURE_MAPS", "HNO": "924", "PRD": null, "STN": "W AMERICAN AVE", "STS": null, "Unit": null, "CommunityName": "FRESNO", "County": "FRESNO", "State": "CA", "PostCode": "93706", "SpatialOffsetMeters": null}}, {"type": "Feature", "geometry": {"type": "Point", "coordinates": [-119.8203602, 36.6641627]}, "properties": {"SSAP_NGUID": "urn:emergency:uid:gis:SSAP:d4dcf2f2-c2ce-4a8f-88ab-830ec1ba85cd:fresnocountyca.gov", "DisclID": "fresnocountyca.gov", "CountyLocalID": null, "GERS_ID": "d4dcf2f2-c2ce-4a8f-88ab-830ec1ba85cd", "ConflationStatus": "OVERTURE_ONLY", "Source": "OVERTURE_MAPS", "HNO": "1626", "PRD": null, "STN": "W AMERICAN AVE", "STS": null, "Unit": null, "CommunityName": "FRESNO", "County": "FRESNO", "State": "CA", "PostCode": "93706", "SpatialOffsetMeters": null}}, {"type": "Feature", "geometry": {"type": "Point", "coordinates": [-119.815454, 36.6672785]}, "properties": {"SSAP_NGUID": "urn:emergency:uid:gis:SSAP:570e4fb0-a91c-4f1b-8c14-cb2bee88b1e3:fresnocountyca.gov", "DisclID": "fresnocountyca.gov", "CountyLocalID": null, "GERS_ID": "570e4fb0-a91c-4f1b-8c14-cb2bee88b1e3", "ConflationStatus": "OVERTURE_ONLY", "Source": "OVERTURE_MAPS", "HNO": "4548", "PRD": null, "STN": "S FRUIT AVE", "STS": null, "Unit": null, "CommunityName": "FRESNO", "County": "FRESNO", "State": "CA", "PostCode": "93706", "SpatialOffsetMeters": null}}, {"type": "Feature", "geometry": {"type": "Point", "coordinates": [-119.8154554, 36.6691863]}, "properties": {"SSAP_NGUID": "urn:emergency:uid:gis:SSAP:d4af9186-8c20-4355-ada2-1eb66b5226b6:fresnocountyca.gov", "DisclID": "fresnocountyca.gov", "CountyLocalID": null, "GERS_ID": "d4af9186-8c20-4355-ada2-1eb66b5226b6", "ConflationStatus": "OVERTURE_ONLY", "Source": "OVERTURE_MAPS", "HNO": "4498", "PRD": null, "STN": "S FRUIT AVE", "STS": null, "Unit": null, "CommunityName": "FRESNO", "County": "FRESNO", "State": "CA", "PostCode": "93706", "SpatialOffsetMeters": null}}, {"type": "Feature", "geometry": {"type": "Point", "coordinates": [-119.7974838, 36.6664429]}, "properties": {"SSAP_NGUID": "urn:emergency:uid:gis:SSAP:69f60a80-fc9d-4799-bdba-d326af0a1330:fresnocountyca.gov", "DisclID": "fresnocountyca.gov", "CountyLocalID": null, "GERS_ID": "69f60a80-fc9d-4799-bdba-d326af0a1330", "ConflationStatus": "OVERTURE_ONLY", "Source": "OVERTURE_MAPS", "HNO": "4630", "PRD": null, "STN": "S FIG AVE", "STS": null, "Unit": null, "CommunityName": "FRESNO", "County": "FRESNO", "State": "CA", "PostCode": "93706", "SpatialOffsetMeters": null}}, {"type": "Feature", "geometry": {"type": "Point", "coordinates": [-119.7795067, 36.6687664]}, "properties": {"SSAP_NGUID": "urn:emergency:uid:gis:SSAP:76e75ca0-bb68-49c6-a7e1-4ec15f911635:fresnocountyca.gov", "DisclID": "fresnocountyca.gov", "CountyLocalID": null, "GERS_ID": "76e75ca0-bb68-49c6-a7e1-4ec15f911635", "ConflationStatus": "OVERTURE_ONLY", "Source": "OVERTURE_MAPS", "HNO": "4566", "PRD": null, "STN": "S CHERRY AVE", "STS": null, "Unit": null, "CommunityName": "FRESNO", "County": "FRESNO", "State": "CA", "PostCode": "93706", "SpatialOffsetMeters": null}}, {"type": "Feature", "geometry": {"type": "Point", "coordinates": [-119.7990808, 36.6648704]}, "properties": {"SSAP_NGUID": "urn:emergency:uid:gis:SSAP:6296752d-f431-47d8-a433-70007c94314a:fresnocountyca.gov", "DisclID": "fresnocountyca.gov", "CountyLocalID": null, "GERS_ID": "6296752d-f431-47d8-a433-70007c94314a", "ConflationStatus": "OVERTURE_ONLY", "Source": "OVERTURE_MAPS", "HNO": "4714", "PRD": null, "STN": "S FIG AVE", "STS": null, "Unit": null, "CommunityName": "FRESNO", "County": "FRESNO", "State": "CA", "PostCode": "93706", "SpatialOffsetMeters": null}}, {"type": "Feature", "geometry": {"type": "Point", "coordinates": [-119.7885597, 36.66142]}, "properties": {"SSAP_NGUID": "urn:emergency:uid:gis:SSAP:b340ed01-5ab1-4bd8-a44c-f7a0c00925bd:fresnocountyca.gov", "DisclID": "fresnocountyca.gov", "CountyLocalID": null, "GERS_ID": "b340ed01-5ab1-4bd8-a44c-f7a0c00925bd", "ConflationStatus": "OVERTURE_ONLY", "Source": "OVERTURE_MAPS", "HNO": "5044", "PRD": null, "STN": "S ELM AVE", "STS": null, "Unit": null, "CommunityName": "FRESNO", "County": "FRESNO", "State": "CA", "PostCode": "93706", "SpatialOffsetMeters": null}}, {"type": "Feature", "geometry": {"type": "Point", "coordinates": [-119.7841167, 36.6605564]}, "properties": {"SSAP_NGUID": "urn:emergency:uid:gis:SSAP:276d7de9-c1e9-4261-9fce-f1a8d8f63366:fresnocountyca.gov", "DisclID": "fresnocountyca.gov", "CountyLocalID": null, "GERS_ID": "276d7de9-c1e9-4261-9fce-f1a8d8f63366", "ConflationStatus": "OVERTURE_ONLY", "Source": "OVERTURE_MAPS", "HNO": "5217", "PRD": null, "STN": "S CHERRY AVE", "STS": null, "Unit": null, "CommunityName": "FRESNO", "County": "FRESNO", "State": "CA", "PostCode": "93706", "SpatialOffsetMeters": null}}, {"type": "Feature", "geometry": {"type": "Point", "coordinates": [-119.7751122, 36.6642736]}, "properties": {"SSAP_NGUID": "urn:emergency:uid:gis:SSAP:9fd66f19-fe2f-4cf0-9fc4-78ea30096c00:fresnocountyca.gov", "DisclID": "fresnocountyca.gov", "CountyLocalID": null, "GERS_ID": "9fd66f19-fe2f-4cf0-9fc4-78ea30096c00", "ConflationStatus": "OVERTURE_ONLY", "Source": "OVERTURE_MAPS", "HNO": "4689", "PRD": null, "STN": "S EAST AVE", "STS": null, "Unit": null, "CommunityName": "FRESNO", "County": "FRESNO", "State": "CA", "PostCode": "93725", "SpatialOffsetMeters": null}}, {"type": "Feature", "geometry": {"type": "Point", "coordinates": [-119.7633779, 36.6636132]}, "properties": {"SSAP_NGUID": "urn:emergency:uid:gis:SSAP:9f0a659e-9992-494b-883e-0a8ce1c5637d:fresnocountyca.gov", "DisclID": "fresnocountyca.gov", "CountyLocalID": null, "GERS_ID": "9f0a659e-9992-494b-883e-0a8ce1c5637d", "ConflationStatus": "OVERTURE_ONLY", "Source": "OVERTURE_MAPS", "HNO": "1494", "PRD": null, "STN": "E AMERICAN AVE", "STS": null, "Unit": null, "CommunityName": "FRESNO", "County": "FRESNO", "State": "CA", "PostCode": "93725", "SpatialOffsetMeters": null}}, {"type": "Feature", "geometry": {"type": "Point", "coordinates": [-119.7588018, 36.6639268]}, "properties": {"SSAP_NGUID": "urn:emergency:uid:gis:SSAP:8db4955d-7050-4c7b-af13-40f42f82b97c:fresnocountyca.gov", "DisclID": "fresnocountyca.gov", "CountyLocalID": null, "GERS_ID": "8db4955d-7050-4c7b-af13-40f42f82b97c", "ConflationStatus": "OVERTURE_ONLY", "Source": "OVERTURE_MAPS", "HNO": "1758", "PRD": null, "STN": "E AMERICAN AVE", "STS": null, "Unit": null, "CommunityName": "FRESNO", "County": "FRESNO", "State": "CA", "PostCode": "93725", "SpatialOffsetMeters": null}}, {"type": "Feature", "geometry": {"type": "Point", "coordinates": [-119.7586701, 36.6628439]}, "properties": {"SSAP_NGUID": "urn:emergency:uid:gis:SSAP:890c3b93-6c88-4513-a6bc-ef86b54b1522:fresnocountyca.gov", "DisclID": "fresnocountyca.gov", "CountyLocalID": null, "GERS_ID": "890c3b93-6c88-4513-a6bc-ef86b54b1522", "ConflationStatus": "OVERTURE_ONLY", "Source": "OVERTURE_MAPS", "HNO": "1771", "PRD": null, "STN": "E AMERICAN AVE", "STS": null, "Unit": null, "CommunityName": "FRESNO", "County": "FRESNO", "State": "CA", "PostCode": "93725", "SpatialOffsetMeters": null}}, {"type": "Feature", "geometry": {"type": "Point", "coordinates": [-119.7645374, 36.6607009]}, "properties": {"SSAP_NGUID": "urn:emergency:uid:gis:SSAP:9e072384-be5c-465f-923f-2d339749f1d0:fresnocountyca.gov", "DisclID": "fresnocountyca.gov", "CountyLocalID": null, "GERS_ID": "9e072384-be5c-465f-923f-2d339749f1d0", "ConflationStatus": "OVERTURE_ONLY", "Source": "OVERTURE_MAPS", "HNO": "5173", "PRD": null, "STN": "S ORANGE AVE", "STS": null, "Unit": null, "CommunityName": "FRESNO", "County": "FRESNO", "State": "CA", "PostCode": "93725", "SpatialOffsetMeters": null}}, {"type": "Feature", "geometry": {"type": "Point", "coordinates": [-119.7524874, 36.6623997]}, "properties": {"SSAP_NGUID": "urn:emergency:uid:gis:SSAP:98c962e8-50c8-48d7-bc07-cfd703a7223d:fresnocountyca.gov", "DisclID": "fresnocountyca.gov", "CountyLocalID": null, "GERS_ID": "98c962e8-50c8-48d7-bc07-cfd703a7223d", "ConflationStatus": "OVERTURE_ONLY", "Source": "OVERTURE_MAPS", "HNO": "2045", "PRD": null, "STN": "E AMERICAN AVE", "STS": null, "Unit": null, "CommunityName": "FRESNO", "County": "FRESNO", "State": "CA", "PostCode": "93725", "SpatialOffsetMeters": null}}, {"type": "Feature", "geometry": {"type": "Point", "coordinates": [-119.7356654, 36.6625266]}, "properties": {"SSAP_NGUID": "urn:emergency:uid:gis:SSAP:5af64aa7-f535-4803-b0fe-7f49ed6c2fc2:fresnocountyca.gov", "DisclID": "fresnocountyca.gov", "CountyLocalID": null, "GERS_ID": "5af64aa7-f535-4803-b0fe-7f49ed6c2fc2", "ConflationStatus": "OVERTURE_ONLY", "Source": "OVERTURE_MAPS", "HNO": "5022", "PRD": null, "STN": "S CHESTNUT AVE", "STS": null, "Unit": null, "CommunityName": "FRESNO", "County": "FRESNO", "State": "CA", "PostCode": "93725", "SpatialOffsetMeters": null}}, {"type": "Feature", "geometry": {"type": "Point", "coordinates": [-119.7482941, 36.6638641]}, "properties": {"SSAP_NGUID": "urn:emergency:uid:gis:SSAP:e9dc96fc-caa3-473a-adad-49bdf2c0a847:fresnocountyca.gov", "DisclID": "fresnocountyca.gov", "CountyLocalID": null, "GERS_ID": "e9dc96fc-caa3-473a-adad-49bdf2c0a847", "ConflationStatus": "OVERTURE_ONLY", "Source": "OVERTURE_MAPS", "HNO": "2356", "PRD": null, "STN": "E AMERICAN AVE", "STS": null, "Unit": null, "CommunityName": "FRESNO", "County": "FRESNO", "State": "CA", "PostCode": "93725", "SpatialOffsetMeters": null}}, {"type": "Feature", "geometry": {"type": "Point", "coordinates": [-119.7468558, 36.6685142]}, "properties": {"SSAP_NGUID": "urn:emergency:uid:gis:SSAP:a9f33676-d972-4f36-af5c-62d1febbe77f:fresnocountyca.gov", "DisclID": "fresnocountyca.gov", "CountyLocalID": null, "GERS_ID": "a9f33676-d972-4f36-af5c-62d1febbe77f", "ConflationStatus": "OVERTURE_ONLY", "Source": "OVERTURE_MAPS", "HNO": "4531", "PRD": null, "STN": "S MAPLE AVE", "STS": null, "Unit": null, "CommunityName": "FRESNO", "County": "FRESNO", "State": "CA", "PostCode": "93725", "SpatialOffsetMeters": null}}, {"type": "Feature", "geometry": {"type": "Point", "coordinates": [-119.7353801, 36.6683698]}, "properties": {"SSAP_NGUID": "urn:emergency:uid:gis:SSAP:1926df23-0636-405d-a019-2edb69b7d56b:fresnocountyca.gov", "DisclID": "fresnocountyca.gov", "CountyLocalID": null, "GERS_ID": "1926df23-0636-405d-a019-2edb69b7d56b", "ConflationStatus": "OVERTURE_ONLY", "Source": "OVERTURE_MAPS", "HNO": "4556", "PRD": null, "STN": "S CHESTNUT AVE", "STS": null, "Unit": null, "CommunityName": "FRESNO", "County": "FRESNO", "State": "CA", "PostCode": "93725", "SpatialOffsetMeters": null}}, {"type": "Feature", "geometry": {"type": "Point", "coordinates": [-119.7361435, 36.669045]}, "properties": {"SSAP_NGUID": "urn:emergency:uid:gis:SSAP:882029fe-6a61-459e-9317-13142d0283aa:fresnocountyca.gov", "DisclID": "fresnocountyca.gov", "CountyLocalID": null, "GERS_ID": "882029fe-6a61-459e-9317-13142d0283aa", "ConflationStatus": "OVERTURE_ONLY", "Source": "OVERTURE_MAPS", "HNO": "4492", "PRD": null, "STN": "S CHESTNUT AVE", "STS": null, "Unit": null, "CommunityName": "FRESNO", "County": "FRESNO", "State": "CA", "PostCode": "93725", "SpatialOffsetMeters": null}}, {"type": "Feature", "geometry": {"type": "Point", "coordinates": [-119.7379376, 36.6701684]}, "properties": {"SSAP_NGUID": "urn:emergency:uid:gis:SSAP:8ead43c8-3d6b-4c81-bf11-59a9657ec948:fresnocountyca.gov", "DisclID": "fresnocountyca.gov", "CountyLocalID": null, "GERS_ID": "8ead43c8-3d6b-4c81-bf11-59a9657ec948", "ConflationStatus": "OVERTURE_ONLY", "Source": "OVERTURE_MAPS", "HNO": "2777", "PRD": null, "STN": "E MALAGA AVE", "STS": null, "Unit": null, "CommunityName": "FRESNO", "County": "FRESNO", "State": "CA", "PostCode": "93725", "SpatialOffsetMeters": null}}, {"type": "Feature", "geometry": {"type": "Point", "coordinates": [-119.7462497, 36.671541]}, "properties": {"SSAP_NGUID": "urn:emergency:uid:gis:SSAP:20e38e87-9ee7-432a-8f2b-9c988b1bbbcc:fresnocountyca.gov", "DisclID": "fresnocountyca.gov", "CountyLocalID": null, "GERS_ID": "20e38e87-9ee7-432a-8f2b-9c988b1bbbcc", "ConflationStatus": "OVERTURE_ONLY", "Source": "OVERTURE_MAPS", "HNO": "4335", "PRD": null, "STN": "S MAPLE AVE", "STS": null, "Unit": null, "CommunityName": "FRESNO", "County": "FRESNO", "State": "CA", "PostCode": "93725", "SpatialOffsetMeters": null}}, {"type": "Feature", "geometry": {"type": "Point", "coordinates": [-119.7520031, 36.6695219]}, "properties": {"SSAP_NGUID": "urn:emergency:uid:gis:SSAP:37f9d2a5-163c-4a4a-a08e-16ec1a28e1f0:fresnocountyca.gov", "DisclID": "fresnocountyca.gov", "CountyLocalID": null, "GERS_ID": "37f9d2a5-163c-4a4a-a08e-16ec1a28e1f0", "ConflationStatus": "OVERTURE_ONLY", "Source": "OVERTURE_MAPS", "HNO": "2157", "PRD": null, "STN": "E MALAGA AVE", "STS": null, "Unit": null, "CommunityName": "FRESNO", "County": "FRESNO", "State": "CA", "PostCode": "93725", "SpatialOffsetMeters": null}}, {"type": "Feature", "geometry": {"type": "Point", "coordinates": [-119.7621017, 36.6709462]}, "properties": {"SSAP_NGUID": "urn:emergency:uid:gis:SSAP:65591682-dca3-4159-aeab-84d6cf740172:fresnocountyca.gov", "DisclID": "fresnocountyca.gov", "CountyLocalID": null, "GERS_ID": "65591682-dca3-4159-aeab-84d6cf740172", "ConflationStatus": "OVERTURE_ONLY", "Source": "OVERTURE_MAPS", "HNO": "1480", "PRD": null, "STN": "E MALAGA AVE", "STS": null, "Unit": null, "CommunityName": "FRESNO", "County": "FRESNO", "State": "CA", "PostCode": "93725", "SpatialOffsetMeters": null}}, {"type": "Feature", "geometry": {"type": "Point", "coordinates": [-119.7587285, 36.6696657]}, "properties": {"SSAP_NGUID": "urn:emergency:uid:gis:SSAP:724c3f2e-0694-4f5d-b306-fd651ce6d511:fresnocountyca.gov", "DisclID": "fresnocountyca.gov", "CountyLocalID": null, "GERS_ID": "724c3f2e-0694-4f5d-b306-fd651ce6d511", "ConflationStatus": "OVERTURE_ONLY", "Source": "OVERTURE_MAPS", "HNO": "1619", "PRD": null, "STN": "E MALAGA AVE", "STS": null, "Unit": null, "CommunityName": "FRESNO", "County": "FRESNO", "State": "CA", "PostCode": "93725", "SpatialOffsetMeters": null}}, {"type": "Feature", "geometry": {"type": "Point", "coordinates": [-119.7614646, 36.6678929]}, "properties": {"SSAP_NGUID": "urn:emergency:uid:gis:SSAP:f38c9020-d9fb-4a1d-95fd-5016e664b4df:fresnocountyca.gov", "DisclID": "fresnocountyca.gov", "CountyLocalID": null, "GERS_ID": "f38c9020-d9fb-4a1d-95fd-5016e664b4df", "ConflationStatus": "OVERTURE_ONLY", "Source": "OVERTURE_MAPS", "HNO": "4532", "PRD": null, "STN": "S ORANGE AVE", "STS": null, "Unit": null, "CommunityName": "FRESNO", "County": "FRESNO", "State": "CA", "PostCode": "93725", "SpatialOffsetMeters": null}}, {"type": "Feature", "geometry": {"type": "Point", "coordinates": [-119.7754154, 36.6699941]}, "properties": {"SSAP_NGUID": "urn:emergency:uid:gis:SSAP:66057f40-c2da-4a1a-9d93-f38eb5f4009e:fresnocountyca.gov", "DisclID": "fresnocountyca.gov", "CountyLocalID": null, "GERS_ID": "66057f40-c2da-4a1a-9d93-f38eb5f4009e", "ConflationStatus": "OVERTURE_ONLY", "Source": "OVERTURE_MAPS", "HNO": "4409", "PRD": null, "STN": "S EAST AVE", "STS": null, "Unit": null, "CommunityName": "FRESNO", "County": "FRESNO", "State": "CA", "PostCode": "93706", "SpatialOffsetMeters": null}}, {"type": "Feature", "geometry": {"type": "Point", "coordinates": [-119.7721875, 36.6710048]}, "properties": {"SSAP_NGUID": "urn:emergency:uid:gis:SSAP:4fc600fd-107b-4ec7-8034-267b435a0183:fresnocountyca.gov", "DisclID": "fresnocountyca.gov", "CountyLocalID": null, "GERS_ID": "4fc600fd-107b-4ec7-8034-267b435a0183", "ConflationStatus": "OVERTURE_ONLY", "Source": "OVERTURE_MAPS", "HNO": "1026", "PRD": null, "STN": "E MALAGA AVE", "STS": null, "Unit": null, "CommunityName": "FRESNO", "County": "FRESNO", "State": "CA", "PostCode": "93725", "SpatialOffsetMeters": null}}, {"type": "Feature", "geometry": {"type": "Point", "coordinates": [-119.7720744, 36.6734708]}, "properties": {"SSAP_NGUID": "urn:emergency:uid:gis:SSAP:968ed0b0-9460-4251-96d6-0080d562946e:fresnocountyca.gov", "DisclID": "fresnocountyca.gov", "CountyLocalID": null, "GERS_ID": "968ed0b0-9460-4251-96d6-0080d562946e", "ConflationStatus": "OVERTURE_ONLY", "Source": "OVERTURE_MAPS", "HNO": "4284", "PRD": null, "STN": "S EAST AVE", "STS": null, "Unit": null, "CommunityName": "FRESNO", "County": "FRESNO", "State": "CA", "PostCode": "93725", "SpatialOffsetMeters": null}}, {"type": "Feature", "geometry": {"type": "Point", "coordinates": [-119.765478, 36.6747703]}, "properties": {"SSAP_NGUID": "urn:emergency:uid:gis:SSAP:79644f8d-14e2-4790-83ca-28cbd3f8ca81:fresnocountyca.gov", "DisclID": "fresnocountyca.gov", "CountyLocalID": null, "GERS_ID": "79644f8d-14e2-4790-83ca-28cbd3f8ca81", "ConflationStatus": "OVERTURE_ONLY", "Source": "OVERTURE_MAPS", "HNO": "4159", "PRD": null, "STN": "S ORANGE AVE", "STS": null, "Unit": null, "CommunityName": "FRESNO", "County": "FRESNO", "State": "CA", "PostCode": "93725", "SpatialOffsetMeters": null}}, {"type": "Feature", "geometry": {"type": "Point", "coordinates": [-119.763098, 36.6773911]}, "properties": {"SSAP_NGUID": "urn:emergency:uid:gis:SSAP:f13ad465-b797-4859-a228-a4b5658f2ab7:fresnocountyca.gov", "DisclID": "fresnocountyca.gov", "CountyLocalID": null, "GERS_ID": "f13ad465-b797-4859-a228-a4b5658f2ab7", "ConflationStatus": "OVERTURE_ONLY", "Source": "OVERTURE_MAPS", "HNO": "1431", "PRD": null, "STN": "E CENTRAL AVE", "STS": null, "Unit": null, "CommunityName": "FRESNO", "County": "FRESNO", "State": "CA", "PostCode": "93725", "SpatialOffsetMeters": null}}, {"type": "Feature", "geometry": {"type": "Point", "coordinates": [-119.7572947, 36.6768045]}, "properties": {"SSAP_NGUID": "urn:emergency:uid:gis:SSAP:3f289435-1975-4e20-a870-8b479ad9f1e2:fresnocountyca.gov", "DisclID": "fresnocountyca.gov", "CountyLocalID": null, "GERS_ID": "3f289435-1975-4e20-a870-8b479ad9f1e2", "ConflationStatus": "OVERTURE_ONLY", "Source": "OVERTURE_MAPS", "HNO": "1661", "PRD": null, "STN": "E CENTRAL AVE", "STS": null, "Unit": null, "CommunityName": "FRESNO", "County": "FRESNO", "State": "CA", "PostCode": "93725", "SpatialOffsetMeters": null}}, {"type": "Feature", "geometry": {"type": "Point", "coordinates": [-119.7609786, 36.6732443]}, "properties": {"SSAP_NGUID": "urn:emergency:uid:gis:SSAP:1871f8cf-563a-4c37-861c-e3ff78300f5d:fresnocountyca.gov", "DisclID": "fresnocountyca.gov", "CountyLocalID": null, "GERS_ID": "1871f8cf-563a-4c37-861c-e3ff78300f5d", "ConflationStatus": "OVERTURE_ONLY", "Source": "OVERTURE_MAPS", "HNO": "4292", "PRD": null, "STN": "S ORANGE AVE", "STS": null, "Unit": null, "CommunityName": "FRESNO", "County": "FRESNO", "State": "CA", "PostCode": "93725", "SpatialOffsetMeters": null}}, {"type": "Feature", "geometry": {"type": "Point", "coordinates": [-119.7358971, 36.6718141]}, "properties": {"SSAP_NGUID": "urn:emergency:uid:gis:SSAP:67381901-4b48-470e-9b67-cee9e55b6c4f:fresnocountyca.gov", "DisclID": "fresnocountyca.gov", "CountyLocalID": null, "GERS_ID": "67381901-4b48-470e-9b67-cee9e55b6c4f", "ConflationStatus": "OVERTURE_ONLY", "Source": "OVERTURE_MAPS", "HNO": "4336", "PRD": null, "STN": "S CHESTNUT AVE", "STS": null, "Unit": null, "CommunityName": "FRESNO", "County": "FRESNO", "State": "CA", "PostCode": "93725", "SpatialOffsetMeters": null}}, {"type": "Feature", "geometry": {"type": "Point", "coordinates": [-119.7335547, 36.6761604]}, "properties": {"SSAP_NGUID": "urn:emergency:uid:gis:SSAP:db3c814a-6db8-4d69-967a-c43ec42e565c:fresnocountyca.gov", "DisclID": "fresnocountyca.gov", "CountyLocalID": null, "GERS_ID": "db3c814a-6db8-4d69-967a-c43ec42e565c", "ConflationStatus": "OVERTURE_ONLY", "Source": "OVERTURE_MAPS", "HNO": "3119", "PRD": null, "STN": "E CARTWRIGHT AVE", "STS": null, "Unit": null, "CommunityName": "FRESNO", "County": "FRESNO", "State": "CA", "PostCode": "93725", "SpatialOffsetMeters": null}}, {"type": "Feature", "geometry": {"type": "Point", "coordinates": [-119.749055, 36.6764864]}, "properties": {"SSAP_NGUID": "urn:emergency:uid:gis:SSAP:6aa7d4ab-da8d-4ae1-8c70-3d3da2ed6608:fresnocountyca.gov", "DisclID": "fresnocountyca.gov", "CountyLocalID": null, "GERS_ID": "6aa7d4ab-da8d-4ae1-8c70-3d3da2ed6608", "ConflationStatus": "OVERTURE_ONLY", "Source": "OVERTURE_MAPS", "HNO": "4073", "PRD": null, "STN": "S MAPLE AVE", "STS": null, "Unit": null, "CommunityName": "FRESNO", "County": "FRESNO", "State": "CA", "PostCode": "93725", "SpatialOffsetMeters": null}}, {"type": "Feature", "geometry": {"type": "Point", "coordinates": [-119.7524803, 36.6769054]}, "properties": {"SSAP_NGUID": "urn:emergency:uid:gis:SSAP:46ddca9e-f8db-4fcc-8567-dc0ebee47c49:fresnocountyca.gov", "DisclID": "fresnocountyca.gov", "CountyLocalID": null, "GERS_ID": "46ddca9e-f8db-4fcc-8567-dc0ebee47c49", "ConflationStatus": "OVERTURE_ONLY", "Source": "OVERTURE_MAPS", "HNO": "2095", "PRD": null, "STN": "E CENTRAL AVE", "STS": null, "Unit": null, "CommunityName": "FRESNO", "County": "FRESNO", "State": "CA", "PostCode": "93725", "SpatialOffsetMeters": null}}, {"type": "Feature", "geometry": {"type": "Point", "coordinates": [-119.738951, 36.6784373]}, "properties": {"SSAP_NGUID": "urn:emergency:uid:gis:SSAP:b42a4bfe-8e84-4f28-b5aa-6015281b80db:fresnocountyca.gov", "DisclID": "fresnocountyca.gov", "CountyLocalID": null, "GERS_ID": "b42a4bfe-8e84-4f28-b5aa-6015281b80db", "ConflationStatus": "OVERTURE_ONLY", "Source": "OVERTURE_MAPS", "HNO": "3733", "PRD": null, "STN": "S BAGLEY AVE", "STS": null, "Unit": null, "CommunityName": "FRESNO", "County": "FRESNO", "State": "CA", "PostCode": "93725", "SpatialOffsetMeters": null}}, {"type": "Feature", "geometry": {"type": "Point", "coordinates": [-119.7371118, 36.6783306]}, "properties": {"SSAP_NGUID": "urn:emergency:uid:gis:SSAP:ab10dda4-4f8a-41ca-a78e-ee3f0fd6c068:fresnocountyca.gov", "DisclID": "fresnocountyca.gov", "CountyLocalID": null, "GERS_ID": "ab10dda4-4f8a-41ca-a78e-ee3f0fd6c068", "ConflationStatus": "OVERTURE_ONLY", "Source": "OVERTURE_MAPS", "HNO": "2990", "PRD": null, "STN": "E CENTRAL AVE", "STS": null, "Unit": null, "CommunityName": "FRESNO", "County": "FRESNO", "State": "CA", "PostCode": "93725", "SpatialOffsetMeters": null}}, {"type": "Feature", "geometry": {"type": "Point", "coordinates": [-119.7340736, 36.6797191]}, "properties": {"SSAP_NGUID": "urn:emergency:uid:gis:SSAP:07ce90c3-104b-4cb3-a3c0-8f2bd7cad695:fresnocountyca.gov", "DisclID": "fresnocountyca.gov", "CountyLocalID": null, "GERS_ID": "07ce90c3-104b-4cb3-a3c0-8f2bd7cad695", "ConflationStatus": "OVERTURE_ONLY", "Source": "OVERTURE_MAPS", "HNO": "3829", "PRD": null, "STN": "S WARD AVE", "STS": null, "Unit": null, "CommunityName": "FRESNO", "County": "FRESNO", "State": "CA", "PostCode": "93725", "SpatialOffsetMeters": null}}, {"type": "Feature", "geometry": {"type": "Point", "coordinates": [-119.7399284, 36.6800643]}, "properties": {"SSAP_NGUID": "urn:emergency:uid:gis:SSAP:222406f1-c5d7-434f-abe2-87eb65dab45c:fresnocountyca.gov", "DisclID": "fresnocountyca.gov", "CountyLocalID": null, "GERS_ID": "222406f1-c5d7-434f-abe2-87eb65dab45c", "ConflationStatus": "OVERTURE_ONLY", "Source": "OVERTURE_MAPS", "HNO": "3694", "PRD": null, "STN": "S BAGLEY AVE", "STS": null, "Unit": null, "CommunityName": "FRESNO", "County": "FRESNO", "State": "CA", "PostCode": "93725", "SpatialOffsetMeters": null}}, {"type": "Feature", "geometry": {"type": "Point", "coordinates": [-119.7422641, 36.6803835]}, "properties": {"SSAP_NGUID": "urn:emergency:uid:gis:SSAP:e9df39e7-2177-4296-bf0b-028146dec267:fresnocountyca.gov", "DisclID": "fresnocountyca.gov", "CountyLocalID": null, "GERS_ID": "e9df39e7-2177-4296-bf0b-028146dec267", "ConflationStatus": "OVERTURE_ONLY", "Source": "OVERTURE_MAPS", "HNO": "3652", "PRD": null, "STN": "S BAGLEY AVE", "STS": null, "Unit": null, "CommunityName": "FRESNO", "County": "FRESNO", "State": "CA", "PostCode": "93725", "SpatialOffsetMeters": null}}, {"type": "Feature", "geometry": {"type": "Point", "coordinates": [-119.735518, 36.6805298]}, "properties": {"SSAP_NGUID": "urn:emergency:uid:gis:SSAP:9081afb5-d000-4447-9978-85fc6e1109c4:fresnocountyca.gov", "DisclID": "fresnocountyca.gov", "CountyLocalID": null, "GERS_ID": "9081afb5-d000-4447-9978-85fc6e1109c4", "ConflationStatus": "OVERTURE_ONLY", "Source": "OVERTURE_MAPS", "HNO": "3720", "PRD": null, "STN": "S FRONT AVE", "STS": null, "Unit": null, "CommunityName": "FRESNO", "County": "FRESNO", "State": "CA", "PostCode": "93725", "SpatialOffsetMeters": null}}, {"type": "Feature", "geometry": {"type": "Point", "coordinates": [-119.7346325, 36.6810214]}, "properties": {"SSAP_NGUID": "urn:emergency:uid:gis:SSAP:14b52394-55ed-4ef4-a347-b8d41dee380a:fresnocountyca.gov", "DisclID": "fresnocountyca.gov", "CountyLocalID": null, "GERS_ID": "14b52394-55ed-4ef4-a347-b8d41dee380a", "ConflationStatus": "OVERTURE_ONLY", "Source": "OVERTURE_MAPS", "HNO": "3728", "PRD": null, "STN": "S WARD AVE", "STS": null, "Unit": null, "CommunityName": "FRESNO", "County": "FRESNO", "State": "CA", "PostCode": "93725", "SpatialOffsetMeters": null}}, {"type": "Feature", "geometry": {"type": "Point", "coordinates": [-119.7330944, 36.6812012]}, "properties": {"SSAP_NGUID": "urn:emergency:uid:gis:SSAP:3b47f950-5b41-4c9f-8106-6edb5a5e6905:fresnocountyca.gov", "DisclID": "fresnocountyca.gov", "CountyLocalID": null, "GERS_ID": "3b47f950-5b41-4c9f-8106-6edb5a5e6905", "ConflationStatus": "OVERTURE_ONLY", "Source": "OVERTURE_MAPS", "HNO": "3772", "PRD": null, "STN": "S CALVIN AVE", "STS": null, "Unit": null, "CommunityName": "FRESNO", "County": "FRESNO", "State": "CA", "PostCode": "93725", "SpatialOffsetMeters": null}}, {"type": "Feature", "geometry": {"type": "Point", "coordinates": [-119.7353102, 36.6816326]}, "properties": {"SSAP_NGUID": "urn:emergency:uid:gis:SSAP:cef613d0-9116-4caf-9386-7ec9e2a1733b:fresnocountyca.gov", "DisclID": "fresnocountyca.gov", "CountyLocalID": null, "GERS_ID": "cef613d0-9116-4caf-9386-7ec9e2a1733b", "ConflationStatus": "OVERTURE_ONLY", "Source": "OVERTURE_MAPS", "HNO": "3652", "PRD": null, "STN": "S WARD AVE", "STS": null, "Unit": null, "CommunityName": "FRESNO", "County": "FRESNO", "State": "CA", "PostCode": "93725", "SpatialOffsetMeters": null}}, {"type": "Feature", "geometry": {"type": "Point", "coordinates": [-119.7365422, 36.6813712]}, "properties": {"SSAP_NGUID": "urn:emergency:uid:gis:SSAP:1094dad0-6641-4d70-811c-768e7d0bd8f9:fresnocountyca.gov", "DisclID": "fresnocountyca.gov", "CountyLocalID": null, "GERS_ID": "1094dad0-6641-4d70-811c-768e7d0bd8f9", "ConflationStatus": "OVERTURE_ONLY", "Source": "OVERTURE_MAPS", "HNO": "3603", "PRD": null, "STN": "S CHESTNUT AVE", "STS": null, "Unit": null, "CommunityName": "FRESNO", "County": "FRESNO", "State": "CA", "PostCode": "93725", "SpatialOffsetMeters": null}}, {"type": "Feature", "geometry": {"type": "Point", "coordinates": [-119.7338907, 36.6819174]}, "properties": {"SSAP_NGUID": "urn:emergency:uid:gis:SSAP:ae2504e1-253b-44b7-b18b-7ed196405837:fresnocountyca.gov", "DisclID": "fresnocountyca.gov", "CountyLocalID": null, "GERS_ID": "ae2504e1-253b-44b7-b18b-7ed196405837", "ConflationStatus": "OVERTURE_ONLY", "Source": "OVERTURE_MAPS", "HNO": "3205", "PRD": null, "STN": "E OLNEY AVE", "STS": null, "Unit": null, "CommunityName": "FRESNO", "County": "FRESNO", "State": "CA", "PostCode": "93725", "SpatialOffsetMeters": null}}, {"type": "Feature", "geometry": {"type": "Point", "coordinates": [-119.7337324, 36.6824856]}, "properties": {"SSAP_NGUID": "urn:emergency:uid:gis:SSAP:511778ce-aca9-4ce3-9d8b-cbe39200658d:fresnocountyca.gov", "DisclID": "fresnocountyca.gov", "CountyLocalID": null, "GERS_ID": "511778ce-aca9-4ce3-9d8b-cbe39200658d", "ConflationStatus": "OVERTURE_ONLY", "Source": "OVERTURE_MAPS", "HNO": "3620", "PRD": null, "STN": "E OLNEY ST", "STS": null, "Unit": null, "CommunityName": "FRESNO", "County": "FRESNO", "State": "CA", "PostCode": "93725", "SpatialOffsetMeters": null}}, {"type": "Feature", "geometry": {"type": "Point", "coordinates": [-119.7347971, 36.682729]}, "properties": {"SSAP_NGUID": "urn:emergency:uid:gis:SSAP:46e47a62-247e-4f30-9b4b-fbf20caf9fd0:fresnocountyca.gov", "DisclID": "fresnocountyca.gov", "CountyLocalID": null, "GERS_ID": "46e47a62-247e-4f30-9b4b-fbf20caf9fd0", "ConflationStatus": "OVERTURE_ONLY", "Source": "OVERTURE_MAPS", "HNO": "3614", "PRD": null, "STN": "S CALVIN AVE", "STS": null, "Unit": null, "CommunityName": "FRESNO", "County": "FRESNO", "State": "CA", "PostCode": "93725", "SpatialOffsetMeters": null}}, {"type": "Feature", "geometry": {"type": "Point", "coordinates": [-119.7327481, 36.6831633]}, "properties": {"SSAP_NGUID": "urn:emergency:uid:gis:SSAP:1eb1d8bb-bf24-4117-9953-07764bdea22a:fresnocountyca.gov", "DisclID": "fresnocountyca.gov", "CountyLocalID": null, "GERS_ID": "1eb1d8bb-bf24-4117-9953-07764bdea22a", "ConflationStatus": "OVERTURE_ONLY", "Source": "OVERTURE_MAPS", "HNO": "3571", "PRD": null, "STN": "S FRANK AVE", "STS": null, "Unit": null, "CommunityName": "FRESNO", "County": "FRESNO", "State": "CA", "PostCode": "93725", "SpatialOffsetMeters": null}}, {"type": "Feature", "geometry": {"type": "Point", "coordinates": [-119.7356689, 36.6828053]}, "properties": {"SSAP_NGUID": "urn:emergency:uid:gis:SSAP:713ad866-274d-4bc8-8964-12b6ee672128:fresnocountyca.gov", "DisclID": "fresnocountyca.gov", "CountyLocalID": null, "GERS_ID": "713ad866-274d-4bc8-8964-12b6ee672128", "ConflationStatus": "OVERTURE_ONLY", "Source": "OVERTURE_MAPS", "HNO": "3575", "PRD": null, "STN": "S CALVIN AVE", "STS": null, "Unit": null, "CommunityName": "FRESNO", "County": "FRESNO", "State": "CA", "PostCode": "93725", "SpatialOffsetMeters": null}}, {"type": "Feature", "geometry": {"type": "Point", "coordinates": [-119.7485577, 36.6823225]}, "properties": {"SSAP_NGUID": "urn:emergency:uid:gis:SSAP:ab0beba8-b975-4ac8-bdbb-c914294d1a71:fresnocountyca.gov", "DisclID": "fresnocountyca.gov", "CountyLocalID": null, "GERS_ID": "ab0beba8-b975-4ac8-bdbb-c914294d1a71", "ConflationStatus": "OVERTURE_ONLY", "Source": "OVERTURE_MAPS", "HNO": "3633", "PRD": null, "STN": "S MAPLE AVE", "STS": null, "Unit": null, "CommunityName": "FRESNO", "County": "FRESNO", "State": "CA", "PostCode": "93725", "SpatialOffsetMeters": null}}, {"type": "Feature", "geometry": {"type": "Point", "coordinates": [-119.7513693, 36.6810396]}, "properties": {"SSAP_NGUID": "urn:emergency:uid:gis:SSAP:60443acd-a7c7-442c-85a4-0dffe4e308f2:fresnocountyca.gov", "DisclID": "fresnocountyca.gov", "CountyLocalID": null, "GERS_ID": "60443acd-a7c7-442c-85a4-0dffe4e308f2", "ConflationStatus": "OVERTURE_ONLY", "Source": "OVERTURE_MAPS", "HNO": "3636", "PRD": null, "STN": "S CEDAR AVE", "STS": null, "Unit": null, "CommunityName": "FRESNO", "County": "FRESNO", "State": "CA", "PostCode": "93725", "SpatialOffsetMeters": null}}, {"type": "Feature", "geometry": {"type": "Point", "coordinates": [-119.7504273, 36.6827643]}, "properties": {"SSAP_NGUID": "urn:emergency:uid:gis:SSAP:e3682f26-a6ec-43f6-9d21-1620f9ce7d34:fresnocountyca.gov", "DisclID": "fresnocountyca.gov", "CountyLocalID": null, "GERS_ID": "e3682f26-a6ec-43f6-9d21-1620f9ce7d34", "ConflationStatus": "OVERTURE_ONLY", "Source": "OVERTURE_MAPS", "HNO": "3586", "PRD": null, "STN": "S CEDAR AVE", "STS": null, "Unit": null, "CommunityName": "FRESNO", "County": "FRESNO", "State": "CA", "PostCode": "93725", "SpatialOffsetMeters": null}}, {"type": "Feature", "geometry": {"type": "Point", "coordinates": [-119.7722959, 36.6815341]}, "properties": {"SSAP_NGUID": "urn:emergency:uid:gis:SSAP:73f9b9dc-f8cf-4bcc-8489-d33b9a9fc8be:fresnocountyca.gov", "DisclID": "fresnocountyca.gov", "CountyLocalID": null, "GERS_ID": "73f9b9dc-f8cf-4bcc-8489-d33b9a9fc8be", "ConflationStatus": "OVERTURE_ONLY", "Source": "OVERTURE_MAPS", "HNO": "3608", "PRD": null, "STN": "S EAST AVE", "STS": null, "Unit": null, "CommunityName": "FRESNO", "County": "FRESNO", "State": "CA", "PostCode": "93725", "SpatialOffsetMeters": null}}, {"type": "Feature", "geometry": {"type": "Point", "coordinates": [-119.7873528, 36.6819073]}, "properties": {"SSAP_NGUID": "urn:emergency:uid:gis:SSAP:5d0ea8fe-2f30-4ac3-9aae-6e6fc7746790:fresnocountyca.gov", "DisclID": "fresnocountyca.gov", "CountyLocalID": null, "GERS_ID": "5d0ea8fe-2f30-4ac3-9aae-6e6fc7746790", "ConflationStatus": "OVERTURE_ONLY", "Source": "OVERTURE_MAPS", "HNO": "3592", "PRD": null, "STN": "S ELM AVE", "STS": null, "Unit": null, "CommunityName": "FRESNO", "County": "FRESNO", "State": "CA", "PostCode": "93706", "SpatialOffsetMeters": null}}, {"type": "Feature", "geometry": {"type": "Point", "coordinates": [-119.7885399, 36.6831505]}, "properties": {"SSAP_NGUID": "urn:emergency:uid:gis:SSAP:81683b55-b60c-4f36-a1ac-26f0c21deacf:fresnocountyca.gov", "DisclID": "fresnocountyca.gov", "CountyLocalID": null, "GERS_ID": "81683b55-b60c-4f36-a1ac-26f0c21deacf", "ConflationStatus": "OVERTURE_ONLY", "Source": "OVERTURE_MAPS", "HNO": "3508", "PRD": null, "STN": "S ELM AVE", "STS": null, "Unit": null, "CommunityName": "FRESNO", "County": "FRESNO", "State": "CA", "PostCode": "93706", "SpatialOffsetMeters": null}}, {"type": "Feature", "geometry": {"type": "Point", "coordinates": [-119.7885399, 36.6831505]}, "properties": {"SSAP_NGUID": "urn:emergency:uid:gis:SSAP:1553bae2-d342-431d-86c0-b8e28f677ee5:fresnocountyca.gov", "DisclID": "fresnocountyca.gov", "CountyLocalID": null, "GERS_ID": "1553bae2-d342-431d-86c0-b8e28f677ee5", "ConflationStatus": "OVERTURE_ONLY", "Source": "OVERTURE_MAPS", "HNO": "3508", "PRD": null, "STN": "S ELM AVE", "STS": null, "Unit": null, "CommunityName": "FRESNO", "County": "FRESNO", "State": "CA", "PostCode": "93706", "SpatialOffsetMeters": null}}, {"type": "Feature", "geometry": {"type": "Point", "coordinates": [-119.7887232, 36.6808994]}, "properties": {"SSAP_NGUID": "urn:emergency:uid:gis:SSAP:debabb58-44aa-444b-8881-ec1727fc897f:fresnocountyca.gov", "DisclID": "fresnocountyca.gov", "CountyLocalID": null, "GERS_ID": "debabb58-44aa-444b-8881-ec1727fc897f", "ConflationStatus": "OVERTURE_ONLY", "Source": "OVERTURE_MAPS", "HNO": "3632", "PRD": null, "STN": "S ELM AVE", "STS": null, "Unit": null, "CommunityName": "FRESNO", "County": "FRESNO", "State": "CA", "PostCode": "93706", "SpatialOffsetMeters": null}}, {"type": "Feature", "geometry": {"type": "Point", "coordinates": [-119.7813159, 36.679579]}, "properties": {"SSAP_NGUID": "urn:emergency:uid:gis:SSAP:e2c3c00a-fd8d-4a5f-bc97-30e9a6ce469e:fresnocountyca.gov", "DisclID": "fresnocountyca.gov", "CountyLocalID": null, "GERS_ID": "e2c3c00a-fd8d-4a5f-bc97-30e9a6ce469e", "ConflationStatus": "OVERTURE_ONLY", "Source": "OVERTURE_MAPS", "HNO": "3706", "PRD": null, "STN": "S CHERRY AVE", "STS": null, "Unit": null, "CommunityName": "FRESNO", "County": "FRESNO", "State": "CA", "PostCode": "93706", "SpatialOffsetMeters": null}}, {"type": "Feature", "geometry": {"type": "Point", "coordinates": [-119.7797568, 36.6794364]}, "properties": {"SSAP_NGUID": "urn:emergency:uid:gis:SSAP:6e3939d7-4156-4910-a48f-ee77fcba7da9:fresnocountyca.gov", "DisclID": "fresnocountyca.gov", "CountyLocalID": null, "GERS_ID": "6e3939d7-4156-4910-a48f-ee77fcba7da9", "ConflationStatus": "OVERTURE_ONLY", "Source": "OVERTURE_MAPS", "HNO": "490", "PRD": null, "STN": "E DALEVILLE AVE", "STS": null, "Unit": null, "CommunityName": "FRESNO", "County": "FRESNO", "State": "CA", "PostCode": "93706", "SpatialOffsetMeters": null}}, {"type": "Feature", "geometry": {"type": "Point", "coordinates": [-119.7787161, 36.6782843]}, "properties": {"SSAP_NGUID": "urn:emergency:uid:gis:SSAP:183d9af2-eed5-462e-8a17-64d3e06625bb:fresnocountyca.gov", "DisclID": "fresnocountyca.gov", "CountyLocalID": null, "GERS_ID": "183d9af2-eed5-462e-8a17-64d3e06625bb", "ConflationStatus": "OVERTURE_ONLY", "Source": "OVERTURE_MAPS", "HNO": "536", "PRD": null, "STN": "E CENTRAL AVE", "STS": null, "Unit": null, "CommunityName": "FRESNO", "County": "FRESNO", "State": "CA", "PostCode": "93706", "SpatialOffsetMeters": null}}, {"type": "Feature", "geometry": {"type": "Point", "coordinates": [-119.7801809, 36.6787994]}, "properties": {"SSAP_NGUID": "urn:emergency:uid:gis:SSAP:bf41f3b0-e1be-4fd2-85cb-be9a49218919:fresnocountyca.gov", "DisclID": "fresnocountyca.gov", "CountyLocalID": null, "GERS_ID": "bf41f3b0-e1be-4fd2-85cb-be9a49218919", "ConflationStatus": "OVERTURE_ONLY", "Source": "OVERTURE_MAPS", "HNO": "467", "PRD": null, "STN": "E DALEVILLE AVE", "STS": null, "Unit": null, "CommunityName": "FRESNO", "County": "FRESNO", "State": "CA", "PostCode": "93706", "SpatialOffsetMeters": null}}, {"type": "Feature", "geometry": {"type": "Point", "coordinates": [-119.7807692, 36.678297]}, "properties": {"SSAP_NGUID": "urn:emergency:uid:gis:SSAP:c42a0d1c-c337-4dcf-bf45-172b05596411:fresnocountyca.gov", "DisclID": "fresnocountyca.gov", "CountyLocalID": null, "GERS_ID": "c42a0d1c-c337-4dcf-bf45-172b05596411", "ConflationStatus": "OVERTURE_ONLY", "Source": "OVERTURE_MAPS", "HNO": "446", "PRD": null, "STN": "E CENTRAL AVE", "STS": null, "Unit": null, "CommunityName": "FRESNO", "County": "FRESNO", "State": "CA", "PostCode": "93706", "SpatialOffsetMeters": null}}, {"type": "Feature", "geometry": {"type": "Point", "coordinates": [-119.7807374, 36.6736315]}, "properties": {"SSAP_NGUID": "urn:emergency:uid:gis:SSAP:56140c91-ff0c-45d7-bf13-84d94d1965f4:fresnocountyca.gov", "DisclID": "fresnocountyca.gov", "CountyLocalID": null, "GERS_ID": "56140c91-ff0c-45d7-bf13-84d94d1965f4", "ConflationStatus": "OVERTURE_ONLY", "Source": "OVERTURE_MAPS", "HNO": "436", "PRD": null, "STN": "E BRITTEN AVE", "STS": null, "Unit": null, "CommunityName": "FRESNO", "County": "FRESNO", "State": "CA", "PostCode": "93706", "SpatialOffsetMeters": null}}, {"type": "Feature", "geometry": {"type": "Point", "coordinates": [-119.7784448, 36.6730284]}, "properties": {"SSAP_NGUID": "urn:emergency:uid:gis:SSAP:9cf857a0-ac31-44ab-a0f4-bcdd09934537:fresnocountyca.gov", "DisclID": "fresnocountyca.gov", "CountyLocalID": null, "GERS_ID": "9cf857a0-ac31-44ab-a0f4-bcdd09934537", "ConflationStatus": "OVERTURE_ONLY", "Source": "OVERTURE_MAPS", "HNO": "547", "PRD": null, "STN": "E BRITTEN AVE", "STS": null, "Unit": null, "CommunityName": "FRESNO", "County": "FRESNO", "State": "CA", "PostCode": "93706", "SpatialOffsetMeters": null}}, {"type": "Feature", "geometry": {"type": "Point", "coordinates": [-119.7778784, 36.6726585]}, "properties": {"SSAP_NGUID": "urn:emergency:uid:gis:SSAP:35e5a267-5170-44a9-bec1-1d902b510885:fresnocountyca.gov", "DisclID": "fresnocountyca.gov", "CountyLocalID": null, "GERS_ID": "35e5a267-5170-44a9-bec1-1d902b510885", "ConflationStatus": "OVERTURE_ONLY", "Source": "OVERTURE_MAPS", "HNO": "4304", "PRD": null, "STN": "S CHERRY AVE", "STS": null, "Unit": null, "CommunityName": "FRESNO", "County": "FRESNO", "State": "CA", "PostCode": "93706", "SpatialOffsetMeters": null}}, {"type": "Feature", "geometry": {"type": "Point", "coordinates": [-119.7901156, 36.6743861]}, "properties": {"SSAP_NGUID": "urn:emergency:uid:gis:SSAP:b215c2e0-b7e0-4402-8d74-7e8bad28fd70:fresnocountyca.gov", "DisclID": "fresnocountyca.gov", "CountyLocalID": null, "GERS_ID": "b215c2e0-b7e0-4402-8d74-7e8bad28fd70", "ConflationStatus": "OVERTURE_ONLY", "Source": "OVERTURE_MAPS", "HNO": "4166", "PRD": null, "STN": "S ELM AVE", "STS": null, "Unit": null, "CommunityName": "FRESNO", "County": "FRESNO", "State": "CA", "PostCode": "93706", "SpatialOffsetMeters": null}}, {"type": "Feature", "geometry": {"type": "Point", "coordinates": [-119.7975516, 36.6751572]}, "properties": {"SSAP_NGUID": "urn:emergency:uid:gis:SSAP:39908d4e-4d06-471d-a926-a4614f9c51cd:fresnocountyca.gov", "DisclID": "fresnocountyca.gov", "CountyLocalID": null, "GERS_ID": "39908d4e-4d06-471d-a926-a4614f9c51cd", "ConflationStatus": "OVERTURE_ONLY", "Source": "OVERTURE_MAPS", "HNO": "4070", "PRD": null, "STN": "S FIG AVE", "STS": null, "Unit": null, "CommunityName": "FRESNO", "County": "FRESNO", "State": "CA", "PostCode": "93706", "SpatialOffsetMeters": null}}, {"type": "Feature", "geometry": {"type": "Point", "coordinates": [-119.8021534, 36.6757791]}, "properties": {"SSAP_NGUID": "urn:emergency:uid:gis:SSAP:b4cf1448-8e6c-4eaf-ac1e-f3ea21b98d33:fresnocountyca.gov", "DisclID": "fresnocountyca.gov", "CountyLocalID": null, "GERS_ID": "b4cf1448-8e6c-4eaf-ac1e-f3ea21b98d33", "ConflationStatus": "OVERTURE_ONLY", "Source": "OVERTURE_MAPS", "HNO": "4101", "PRD": null, "STN": "S FIG AVE", "STS": null, "Unit": null, "CommunityName": "FRESNO", "County": "FRESNO", "State": "CA", "PostCode": "93706", "SpatialOffsetMeters": null}}, {"type": "Feature", "geometry": {"type": "Point", "coordinates": [-119.81555, 36.6799249]}, "properties": {"SSAP_NGUID": "urn:emergency:uid:gis:SSAP:f334159c-46ff-4648-80b1-916464c22d99:fresnocountyca.gov", "DisclID": "fresnocountyca.gov", "CountyLocalID": null, "GERS_ID": "f334159c-46ff-4648-80b1-916464c22d99", "ConflationStatus": "OVERTURE_ONLY", "Source": "OVERTURE_MAPS", "HNO": "3684", "PRD": null, "STN": "S FRUIT AVE", "STS": null, "Unit": null, "CommunityName": "FRESNO", "County": "FRESNO", "State": "CA", "PostCode": "93706", "SpatialOffsetMeters": null}}, {"type": "Feature", "geometry": {"type": "Point", "coordinates": [-119.8201595, 36.6845897]}, "properties": {"SSAP_NGUID": "urn:emergency:uid:gis:SSAP:823c28d8-d26b-49ec-b506-c448755ee32d:fresnocountyca.gov", "DisclID": "fresnocountyca.gov", "CountyLocalID": null, "GERS_ID": "823c28d8-d26b-49ec-b506-c448755ee32d", "ConflationStatus": "OVERTURE_ONLY", "Source": "OVERTURE_MAPS", "HNO": "3437", "PRD": null, "STN": "S FRUIT AVE", "STS": null, "Unit": null, "CommunityName": "FRESNO", "County": "FRESNO", "State": "CA", "PostCode": "93706", "SpatialOffsetMeters": null}}, {"type": "Feature", "geometry": {"type": "Point", "coordinates": [-119.8201864, 36.6860133]}, "properties": {"SSAP_NGUID": "urn:emergency:uid:gis:SSAP:53134030-6167-4545-8e36-100588564d7a:fresnocountyca.gov", "DisclID": "fresnocountyca.gov", "CountyLocalID": null, "GERS_ID": "53134030-6167-4545-8e36-100588564d7a", "ConflationStatus": "OVERTURE_ONLY", "Source": "OVERTURE_MAPS", "HNO": "3375", "PRD": null, "STN": "S FRUIT AVE", "STS": null, "Unit": null, "CommunityName": "FRESNO", "County": "FRESNO", "State": "CA", "PostCode": "93706", "SpatialOffsetMeters": null}}, {"type": "Feature", "geometry": {"type": "Point", "coordinates": [-119.7974739, 36.685132]}, "properties": {"SSAP_NGUID": "urn:emergency:uid:gis:SSAP:5554db8d-d276-427e-8cee-882480c872fd:fresnocountyca.gov", "DisclID": "fresnocountyca.gov", "CountyLocalID": null, "GERS_ID": "5554db8d-d276-427e-8cee-882480c872fd", "ConflationStatus": "OVERTURE_ONLY", "Source": "OVERTURE_MAPS", "HNO": "3450", "PRD": null, "STN": "S FIG AVE", "STS": null, "Unit": null, "CommunityName": "FRESNO", "County": "FRESNO", "State": "CA", "PostCode": "93706", "SpatialOffsetMeters": null}}, {"type": "Feature", "geometry": {"type": "Point", "coordinates": [-119.7812447, 36.6853481]}, "properties": {"SSAP_NGUID": "urn:emergency:uid:gis:SSAP:46ec3699-daf4-4e4a-9776-476434db65f1:fresnocountyca.gov", "DisclID": "fresnocountyca.gov", "CountyLocalID": null, "GERS_ID": "46ec3699-daf4-4e4a-9776-476434db65f1", "ConflationStatus": "OVERTURE_ONLY", "Source": "OVERTURE_MAPS", "HNO": "3400", "PRD": null, "STN": "S CHERRY AVE", "STS": null, "Unit": null, "CommunityName": "FRESNO", "County": "FRESNO", "State": "CA", "PostCode": "93706", "SpatialOffsetMeters": null}}, {"type": "Feature", "geometry": {"type": "Point", "coordinates": [-119.7885577, 36.6876916]}, "properties": {"SSAP_NGUID": "urn:emergency:uid:gis:SSAP:4b5e284f-a2ad-4efb-97d4-1e6c05b7fba4:fresnocountyca.gov", "DisclID": "fresnocountyca.gov", "CountyLocalID": null, "GERS_ID": "4b5e284f-a2ad-4efb-97d4-1e6c05b7fba4", "ConflationStatus": "OVERTURE_ONLY", "Source": "OVERTURE_MAPS", "HNO": "3260", "PRD": null, "STN": "S ELM AVE", "STS": null, "Unit": null, "CommunityName": "FRESNO", "County": "FRESNO", "State": "CA", "PostCode": "93706", "SpatialOffsetMeters": null}}, {"type": "Feature", "geometry": {"type": "Point", "coordinates": [-119.7905009, 36.6870839]}, "properties": {"SSAP_NGUID": "urn:emergency:uid:gis:SSAP:542bfd5a-828e-492a-a860-233aa91e4e72:fresnocountyca.gov", "DisclID": "fresnocountyca.gov", "CountyLocalID": null, "GERS_ID": "542bfd5a-828e-492a-a860-233aa91e4e72", "ConflationStatus": "OVERTURE_ONLY", "Source": "OVERTURE_MAPS", "HNO": "3290", "PRD": null, "STN": "S ELM AVE", "STS": null, "Unit": null, "CommunityName": "FRESNO", "County": "FRESNO", "State": "CA", "PostCode": "93706", "SpatialOffsetMeters": null}}, {"type": "Feature", "geometry": {"type": "Point", "coordinates": [-119.7965476, 36.6897997]}, "properties": {"SSAP_NGUID": "urn:emergency:uid:gis:SSAP:a0fd71bc-9b0d-41ac-afbf-4f3066b66bae:fresnocountyca.gov", "DisclID": "fresnocountyca.gov", "CountyLocalID": null, "GERS_ID": "a0fd71bc-9b0d-41ac-afbf-4f3066b66bae", "ConflationStatus": "OVERTURE_ONLY", "Source": "OVERTURE_MAPS", "HNO": "255", "PRD": null, "STN": "W ROY AVE", "STS": null, "Unit": null, "CommunityName": "FRESNO", "County": "FRESNO", "State": "CA", "PostCode": "93706", "SpatialOffsetMeters": null}}, {"type": "Feature", "geometry": {"type": "Point", "coordinates": [-119.7962554, 36.6902697]}, "properties": {"SSAP_NGUID": "urn:emergency:uid:gis:SSAP:f6560a91-dd4c-4299-82ae-b3d787b9ab44:fresnocountyca.gov", "DisclID": "fresnocountyca.gov", "CountyLocalID": null, "GERS_ID": "f6560a91-dd4c-4299-82ae-b3d787b9ab44", "ConflationStatus": "OVERTURE_ONLY", "Source": "OVERTURE_MAPS", "HNO": "238", "PRD": null, "STN": "W ROY AVE", "STS": null, "Unit": null, "CommunityName": "FRESNO", "County": "FRESNO", "State": "CA", "PostCode": "93706", "SpatialOffsetMeters": null}}, {"type": "Feature", "geometry": {"type": "Point", "coordinates": [-119.7976236, 36.6901849]}, "properties": {"SSAP_NGUID": "urn:emergency:uid:gis:SSAP:12373528-69eb-4820-944c-18a1f0d4c89c:fresnocountyca.gov", "DisclID": "fresnocountyca.gov", "CountyLocalID": null, "GERS_ID": "12373528-69eb-4820-944c-18a1f0d4c89c", "ConflationStatus": "OVERTURE_ONLY", "Source": "OVERTURE_MAPS", "HNO": "302", "PRD": null, "STN": "W ROY AVE", "STS": null, "Unit": null, "CommunityName": "FRESNO", "County": "FRESNO", "State": "CA", "PostCode": "93706", "SpatialOffsetMeters": null}}, {"type": "Feature", "geometry": {"type": "Point", "coordinates": [-119.7983556, 36.6898177]}, "properties": {"SSAP_NGUID": "urn:emergency:uid:gis:SSAP:f09bb3b3-e2e9-4a74-b12e-90d893fd5ba7:fresnocountyca.gov", "DisclID": "fresnocountyca.gov", "CountyLocalID": null, "GERS_ID": "f09bb3b3-e2e9-4a74-b12e-90d893fd5ba7", "ConflationStatus": "OVERTURE_ONLY", "Source": "OVERTURE_MAPS", "HNO": "339", "PRD": null, "STN": "W ROY AVE", "STS": null, "Unit": null, "CommunityName": "FRESNO", "County": "FRESNO", "State": "CA", "PostCode": "93706", "SpatialOffsetMeters": null}}, {"type": "Feature", "geometry": {"type": "Point", "coordinates": [-119.7986391, 36.6902513]}, "properties": {"SSAP_NGUID": "urn:emergency:uid:gis:SSAP:799c6031-bdad-48b0-a854-32350ce62bf2:fresnocountyca.gov", "DisclID": "fresnocountyca.gov", "CountyLocalID": null, "GERS_ID": "799c6031-bdad-48b0-a854-32350ce62bf2", "ConflationStatus": "OVERTURE_ONLY", "Source": "OVERTURE_MAPS", "HNO": "346", "PRD": null, "STN": "W ROY AVE", "STS": null, "Unit": null, "CommunityName": "FRESNO", "County": "FRESNO", "State": "CA", "PostCode": "93706", "SpatialOffsetMeters": null}}, {"type": "Feature", "geometry": {"type": "Point", "coordinates": [-119.7974206, 36.6907119]}, "properties": {"SSAP_NGUID": "urn:emergency:uid:gis:SSAP:0681693a-797b-4edf-baab-643b0eb261e6:fresnocountyca.gov", "DisclID": "fresnocountyca.gov", "CountyLocalID": null, "GERS_ID": "0681693a-797b-4edf-baab-643b0eb261e6", "ConflationStatus": "OVERTURE_ONLY", "Source": "OVERTURE_MAPS", "HNO": "293", "PRD": null, "STN": "W ALMY AVE", "STS": null, "Unit": null, "CommunityName": "FRESNO", "County": "FRESNO", "State": "CA", "PostCode": "93706", "SpatialOffsetMeters": null}}, {"type": "Feature", "geometry": {"type": "Point", "coordinates": [-119.7957039, 36.6914211]}, "properties": {"SSAP_NGUID": "urn:emergency:uid:gis:SSAP:8991c9c2-b78c-4e63-be05-547cfdf49dad:fresnocountyca.gov", "DisclID": "fresnocountyca.gov", "CountyLocalID": null, "GERS_ID": "8991c9c2-b78c-4e63-be05-547cfdf49dad", "ConflationStatus": "OVERTURE_ONLY", "Source": "OVERTURE_MAPS", "HNO": "3045", "PRD": null, "STN": "S CLARA AVE", "STS": null, "Unit": null, "CommunityName": "FRESNO", "County": "FRESNO", "State": "CA", "PostCode": "93706", "SpatialOffsetMeters": null}}, {"type": "Feature", "geometry": {"type": "Point", "coordinates": [-119.7943642, 36.6912988]}, "properties": {"SSAP_NGUID": "urn:emergency:uid:gis:SSAP:3a6f7346-b87a-48a7-9266-aaf75d46e374:fresnocountyca.gov", "DisclID": "fresnocountyca.gov", "CountyLocalID": null, "GERS_ID": "3a6f7346-b87a-48a7-9266-aaf75d46e374", "ConflationStatus": "OVERTURE_ONLY", "Source": "OVERTURE_MAPS", "HNO": "157", "PRD": null, "STN": "W CASITAS AVE", "STS": null, "Unit": null, "CommunityName": "FRESNO", "County": "FRESNO", "State": "CA", "PostCode": "93706", "SpatialOffsetMeters": null}}, {"type": "Feature", "geometry": {"type": "Point", "coordinates": [-119.7967536, 36.6910002]}, "properties": {"SSAP_NGUID": "urn:emergency:uid:gis:SSAP:cba191db-2a5d-4c2b-99f1-b3401f7b1f3c:fresnocountyca.gov", "DisclID": "fresnocountyca.gov", "CountyLocalID": null, "GERS_ID": "cba191db-2a5d-4c2b-99f1-b3401f7b1f3c", "ConflationStatus": "OVERTURE_ONLY", "Source": "OVERTURE_MAPS", "HNO": "262", "PRD": null, "STN": "W ALMY AVE", "STS": null, "Unit": null, "CommunityName": "FRESNO", "County": "FRESNO", "State": "CA", "PostCode": "93706", "SpatialOffsetMeters": null}}, {"type": "Feature", "geometry": {"type": "Point", "coordinates": [-119.7921417, 36.6914911]}, "properties": {"SSAP_NGUID": "urn:emergency:uid:gis:SSAP:cda563a6-4030-48fb-b54f-3f076796083a:fresnocountyca.gov", "DisclID": "fresnocountyca.gov", "CountyLocalID": null, "GERS_ID": "cda563a6-4030-48fb-b54f-3f076796083a", "ConflationStatus": "OVERTURE_ONLY", "Source": "OVERTURE_MAPS", "HNO": "3047", "PRD": null, "STN": "S ELM AVE", "STS": null, "Unit": null, "CommunityName": "FRESNO", "County": "FRESNO", "State": "CA", "PostCode": "93706", "SpatialOffsetMeters": null}}, {"type": "Feature", "geometry": {"type": "Point", "coordinates": [-119.7939, 36.6897062]}, "properties": {"SSAP_NGUID": "urn:emergency:uid:gis:SSAP:4fd8a896-19be-40c5-8d56-774a452e50e9:fresnocountyca.gov", "DisclID": "fresnocountyca.gov", "CountyLocalID": null, "GERS_ID": "4fd8a896-19be-40c5-8d56-774a452e50e9", "ConflationStatus": "OVERTURE_ONLY", "Source": "OVERTURE_MAPS", "HNO": "3147", "PRD": null, "STN": "S ELM AVE", "STS": null, "Unit": null, "CommunityName": "FRESNO", "County": "FRESNO", "State": "CA", "PostCode": "93706", "SpatialOffsetMeters": null}}, {"type": "Feature", "geometry": {"type": "Point", "coordinates": [-119.7800894, 36.6895491]}, "properties": {"SSAP_NGUID": "urn:emergency:uid:gis:SSAP:12cbab7c-fa31-4962-a49a-0ab1e5c9a610:fresnocountyca.gov", "DisclID": "fresnocountyca.gov", "CountyLocalID": null, "GERS_ID": "12cbab7c-fa31-4962-a49a-0ab1e5c9a610", "ConflationStatus": "OVERTURE_ONLY", "Source": "OVERTURE_MAPS", "HNO": "3146", "PRD": null, "STN": "S CHERRY AVE", "STS": null, "Unit": null, "CommunityName": "FRESNO", "County": "FRESNO", "State": "CA", "PostCode": "93706", "SpatialOffsetMeters": null}}, {"type": "Feature", "geometry": {"type": "Point", "coordinates": [-119.7826988, 36.6911463]}, "properties": {"SSAP_NGUID": "urn:emergency:uid:gis:SSAP:38cf42aa-d178-45e6-983a-49ed07da2ffa:fresnocountyca.gov", "DisclID": "fresnocountyca.gov", "CountyLocalID": null, "GERS_ID": "38cf42aa-d178-45e6-983a-49ed07da2ffa", "ConflationStatus": "OVERTURE_ONLY", "Source": "OVERTURE_MAPS", "HNO": "3071", "PRD": null, "STN": "S CHERRY AVE", "STS": null, "Unit": null, "CommunityName": "FRESNO", "County": "FRESNO", "State": "CA", "PostCode": "93706", "SpatialOffsetMeters": null}}, {"type": "Feature", "geometry": {"type": "Point", "coordinates": [-119.7874424, 36.6915868]}, "properties": {"SSAP_NGUID": "urn:emergency:uid:gis:SSAP:2cfedaf5-696d-4b99-8023-f63d07ebf896:fresnocountyca.gov", "DisclID": "fresnocountyca.gov", "CountyLocalID": null, "GERS_ID": "2cfedaf5-696d-4b99-8023-f63d07ebf896", "ConflationStatus": "OVERTURE_ONLY", "Source": "OVERTURE_MAPS", "HNO": "157", "PRD": null, "STN": "E NORTH AVE", "STS": null, "Unit": null, "CommunityName": "FRESNO", "County": "FRESNO", "State": "CA", "PostCode": "93706", "SpatialOffsetMeters": null}}, {"type": "Feature", "geometry": {"type": "Point", "coordinates": [-119.7879407, 36.692953]}, "properties": {"SSAP_NGUID": "urn:emergency:uid:gis:SSAP:a637707a-f068-46cd-abe6-a5b4b8e0249c:fresnocountyca.gov", "DisclID": "fresnocountyca.gov", "CountyLocalID": null, "GERS_ID": "a637707a-f068-46cd-abe6-a5b4b8e0249c", "ConflationStatus": "OVERTURE_ONLY", "Source": "OVERTURE_MAPS", "HNO": "130", "PRD": null, "STN": "E NORTH AVE", "STS": null, "Unit": null, "CommunityName": "FRESNO", "County": "FRESNO", "State": "CA", "PostCode": "93706", "SpatialOffsetMeters": null}}, {"type": "Feature", "geometry": {"type": "Point", "coordinates": [-119.7778476, 36.6933554]}, "properties": {"SSAP_NGUID": "urn:emergency:uid:gis:SSAP:be89e68e-b78b-42f8-adf0-724767bda7f1:fresnocountyca.gov", "DisclID": "fresnocountyca.gov", "CountyLocalID": null, "GERS_ID": "be89e68e-b78b-42f8-adf0-724767bda7f1", "ConflationStatus": "OVERTURE_ONLY", "Source": "OVERTURE_MAPS", "HNO": "2998", "PRD": null, "STN": "S ANGUS ST", "STS": null, "Unit": null, "CommunityName": "FRESNO", "County": "FRESNO", "State": "CA", "PostCode": "93725", "SpatialOffsetMeters": null}}, {"type": "Feature", "geometry": {"type": "Point", "coordinates": [-119.7835293, 36.6943067]}, "properties": {"SSAP_NGUID": "urn:emergency:uid:gis:SSAP:56a95c2b-4b7e-40bd-8bbb-f8d46879b148:fresnocountyca.gov", "DisclID": "fresnocountyca.gov", "CountyLocalID": null, "GERS_ID": "56a95c2b-4b7e-40bd-8bbb-f8d46879b148", "ConflationStatus": "OVERTURE_ONLY", "Source": "OVERTURE_MAPS", "HNO": "2245", "PRD": null, "STN": "E SAMSON AVE", "STS": null, "Unit": null, "CommunityName": "FRESNO", "County": "FRESNO", "State": "CA", "PostCode": "93706", "SpatialOffsetMeters": null}}, {"type": "Feature", "geometry": {"type": "Point", "coordinates": [-119.7902118, 36.6948744]}, "properties": {"SSAP_NGUID": "urn:emergency:uid:gis:SSAP:0779fc7d-69ff-47e5-8669-2ba5a30221fd:fresnocountyca.gov", "DisclID": "fresnocountyca.gov", "CountyLocalID": null, "GERS_ID": "0779fc7d-69ff-47e5-8669-2ba5a30221fd", "ConflationStatus": "OVERTURE_ONLY", "Source": "OVERTURE_MAPS", "HNO": "2935", "PRD": null, "STN": "S ELM AVE", "STS": null, "Unit": null, "CommunityName": "FRESNO", "County": "FRESNO", "State": "CA", "PostCode": "93706", "SpatialOffsetMeters": null}}, {"type": "Feature", "geometry": {"type": "Point", "coordinates": [-119.7940109, 36.6939495]}, "properties": {"SSAP_NGUID": "urn:emergency:uid:gis:SSAP:583ff5f5-b774-4fec-a50a-15af574b40c3:fresnocountyca.gov", "DisclID": "fresnocountyca.gov", "CountyLocalID": null, "GERS_ID": "583ff5f5-b774-4fec-a50a-15af574b40c3", "ConflationStatus": "OVERTURE_ONLY", "Source": "OVERTURE_MAPS", "HNO": "1496", "PRD": null, "STN": "E CHESTER AVE", "STS": null, "Unit": null, "CommunityName": "FRESNO", "County": "FRESNO", "State": "CA", "PostCode": "93706", "SpatialOffsetMeters": null}}, {"type": "Feature", "geometry": {"type": "Point", "coordinates": [-119.7912532, 36.6931704]}, "properties": {"SSAP_NGUID": "urn:emergency:uid:gis:SSAP:05d15eec-c3f9-4b2b-9827-954c1804a6e6:fresnocountyca.gov", "DisclID": "fresnocountyca.gov", "CountyLocalID": null, "GERS_ID": "05d15eec-c3f9-4b2b-9827-954c1804a6e6", "ConflationStatus": "OVERTURE_ONLY", "Source": "OVERTURE_MAPS", "HNO": "2972", "PRD": null, "STN": "S ELM AVE", "STS": null, "Unit": null, "CommunityName": "FRESNO", "County": "FRESNO", "State": "CA", "PostCode": "93706", "SpatialOffsetMeters": null}}, {"type": "Feature", "geometry": {"type": "Point", "coordinates": [-119.7903898, 36.6925942]}, "properties": {"SSAP_NGUID": "urn:emergency:uid:gis:SSAP:e9be1701-2c18-486b-8198-579f71f52682:fresnocountyca.gov", "DisclID": "fresnocountyca.gov", "CountyLocalID": null, "GERS_ID": "e9be1701-2c18-486b-8198-579f71f52682", "ConflationStatus": "OVERTURE_ONLY", "Source": "OVERTURE_MAPS", "HNO": "2995", "PRD": null, "STN": "S ELM AVE", "STS": null, "Unit": null, "CommunityName": "FRESNO", "County": "FRESNO", "State": "CA", "PostCode": "93706", "SpatialOffsetMeters": null}}, {"type": "Feature", "geometry": {"type": "Point", "coordinates": [-119.7935772, 36.6925213]}, "properties": {"SSAP_NGUID": "urn:emergency:uid:gis:SSAP:c7bcf1fb-486c-45ff-a7d8-2645157035bd:fresnocountyca.gov", "DisclID": "fresnocountyca.gov", "CountyLocalID": null, "GERS_ID": "c7bcf1fb-486c-45ff-a7d8-2645157035bd", "ConflationStatus": "OVERTURE_ONLY", "Source": "OVERTURE_MAPS", "HNO": "126", "PRD": null, "STN": "W NORTH AVE", "STS": null, "Unit": null, "CommunityName": "FRESNO", "County": "FRESNO", "State": "CA", "PostCode": "93706", "SpatialOffsetMeters": null}}, {"type": "Feature", "geometry": {"type": "Point", "coordinates": [-119.7917371, 36.6929882]}, "properties": {"SSAP_NGUID": "urn:emergency:uid:gis:SSAP:22fe2e0a-5143-4901-af6a-e40707515eaf:fresnocountyca.gov", "DisclID": "fresnocountyca.gov", "CountyLocalID": null, "GERS_ID": "22fe2e0a-5143-4901-af6a-e40707515eaf", "ConflationStatus": "OVERTURE_ONLY", "Source": "OVERTURE_MAPS", "HNO": "2982", "PRD": null, "STN": "S ELM AVE", "STS": null, "Unit": null, "CommunityName": "FRESNO", "County": "FRESNO", "State": "CA", "PostCode": "93706", "SpatialOffsetMeters": null}}, {"type": "Feature", "geometry": {"type": "Point", "coordinates": [-119.7957554, 36.6930434]}, "properties": {"SSAP_NGUID": "urn:emergency:uid:gis:SSAP:ca506471-5704-4d91-861d-d7efba30cd57:fresnocountyca.gov", "DisclID": "fresnocountyca.gov", "CountyLocalID": null, "GERS_ID": "ca506471-5704-4d91-861d-d7efba30cd57", "ConflationStatus": "OVERTURE_ONLY", "Source": "OVERTURE_MAPS", "HNO": "234", "PRD": null, "STN": "W NORTH AVE", "STS": null, "Unit": null, "CommunityName": "FRESNO", "County": "FRESNO", "State": "CA", "PostCode": "93706", "SpatialOffsetMeters": null}}, {"type": "Feature", "geometry": {"type": "Point", "coordinates": [-119.795142, 36.6925247]}, "properties": {"SSAP_NGUID": "urn:emergency:uid:gis:SSAP:34cb7bf5-5446-41f4-9267-8cfaf519c548:fresnocountyca.gov", "DisclID": "fresnocountyca.gov", "CountyLocalID": null, "GERS_ID": "34cb7bf5-5446-41f4-9267-8cfaf519c548", "ConflationStatus": "OVERTURE_ONLY", "Source": "OVERTURE_MAPS", "HNO": "194", "PRD": null, "STN": "W NORTH AVE", "STS": null, "Unit": null, "CommunityName": "FRESNO", "County": "FRESNO", "State": "CA", "PostCode": "93706", "SpatialOffsetMeters": null}}, {"type": "Feature", "geometry": {"type": "Point", "coordinates": [-119.7962596, 36.6920219]}, "properties": {"SSAP_NGUID": "urn:emergency:uid:gis:SSAP:e7403b92-aa16-4012-b7d0-dc6f3b4e3e70:fresnocountyca.gov", "DisclID": "fresnocountyca.gov", "CountyLocalID": null, "GERS_ID": "e7403b92-aa16-4012-b7d0-dc6f3b4e3e70", "ConflationStatus": "OVERTURE_ONLY", "Source": "OVERTURE_MAPS", "HNO": "247", "PRD": null, "STN": "W NORTH AVE", "STS": null, "Unit": null, "CommunityName": "FRESNO", "County": "FRESNO", "State": "CA", "PostCode": "93706", "SpatialOffsetMeters": null}}, {"type": "Feature", "geometry": {"type": "Point", "coordinates": [-119.7983306, 36.6925019]}, "properties": {"SSAP_NGUID": "urn:emergency:uid:gis:SSAP:26f661a0-e4e9-4c32-acb1-5af3f5c52823:fresnocountyca.gov", "DisclID": "fresnocountyca.gov", "CountyLocalID": null, "GERS_ID": "26f661a0-e4e9-4c32-acb1-5af3f5c52823", "ConflationStatus": "OVERTURE_ONLY", "Source": "OVERTURE_MAPS", "HNO": "336", "PRD": null, "STN": "W NORTH AVE", "STS": null, "Unit": null, "CommunityName": "FRESNO", "County": "FRESNO", "State": "CA", "PostCode": "93706", "SpatialOffsetMeters": null}}, {"type": "Feature", "geometry": {"type": "Point", "coordinates": [-119.7989594, 36.6924746]}, "properties": {"SSAP_NGUID": "urn:emergency:uid:gis:SSAP:08b3ba93-acf0-4294-9243-5858a8f335ee:fresnocountyca.gov", "DisclID": "fresnocountyca.gov", "CountyLocalID": null, "GERS_ID": "08b3ba93-acf0-4294-9243-5858a8f335ee", "ConflationStatus": "OVERTURE_ONLY", "Source": "OVERTURE_MAPS", "HNO": "360", "PRD": null, "STN": "W NORTH AVE", "STS": null, "Unit": null, "CommunityName": "FRESNO", "County": "FRESNO", "State": "CA", "PostCode": "93706", "SpatialOffsetMeters": null}}, {"type": "Feature", "geometry": {"type": "Point", "coordinates": [-119.7980039, 36.6934167]}, "properties": {"SSAP_NGUID": "urn:emergency:uid:gis:SSAP:d1169cf1-41e2-4a01-bc15-4ff82d895864:fresnocountyca.gov", "DisclID": "fresnocountyca.gov", "CountyLocalID": null, "GERS_ID": "d1169cf1-41e2-4a01-bc15-4ff82d895864", "ConflationStatus": "OVERTURE_ONLY", "Source": "OVERTURE_MAPS", "HNO": "1030", "PRD": null, "STN": "E SAMSON AVE", "STS": null, "Unit": null, "CommunityName": "FRESNO", "County": "FRESNO", "State": "CA", "PostCode": "93706", "SpatialOffsetMeters": null}}, {"type": "Feature", "geometry": {"type": "Point", "coordinates": [-119.7990782, 36.6938053]}, "properties": {"SSAP_NGUID": "urn:emergency:uid:gis:SSAP:764b6d89-e93b-4f39-adb9-e3ca3a69e4e5:fresnocountyca.gov", "DisclID": "fresnocountyca.gov", "CountyLocalID": null, "GERS_ID": "764b6d89-e93b-4f39-adb9-e3ca3a69e4e5", "ConflationStatus": "OVERTURE_ONLY", "Source": "OVERTURE_MAPS", "HNO": "931", "PRD": null, "STN": "E SAMSON AVE", "STS": null, "Unit": null, "CommunityName": "FRESNO", "County": "FRESNO", "State": "CA", "PostCode": "93706", "SpatialOffsetMeters": null}}, {"type": "Feature", "geometry": {"type": "Point", "coordinates": [-119.7970415, 36.693815]}, "properties": {"SSAP_NGUID": "urn:emergency:uid:gis:SSAP:43bbf34d-fcdd-4b8b-b852-83d46fd7e40e:fresnocountyca.gov", "DisclID": "fresnocountyca.gov", "CountyLocalID": null, "GERS_ID": "43bbf34d-fcdd-4b8b-b852-83d46fd7e40e", "ConflationStatus": "OVERTURE_ONLY", "Source": "OVERTURE_MAPS", "HNO": "1125", "PRD": null, "STN": "E SAMSON AVE", "STS": null, "Unit": null, "CommunityName": "FRESNO", "County": "FRESNO", "State": "CA", "PostCode": "93706", "SpatialOffsetMeters": null}}, {"type": "Feature", "geometry": {"type": "Point", "coordinates": [-119.7950874, 36.6934288]}, "properties": {"SSAP_NGUID": "urn:emergency:uid:gis:SSAP:89044981-b5f9-43e9-94e2-4ae585e7d483:fresnocountyca.gov", "DisclID": "fresnocountyca.gov", "CountyLocalID": null, "GERS_ID": "89044981-b5f9-43e9-94e2-4ae585e7d483", "ConflationStatus": "OVERTURE_ONLY", "Source": "OVERTURE_MAPS", "HNO": "1312", "PRD": null, "STN": "E SAMSON AVE", "STS": null, "Unit": null, "CommunityName": "FRESNO", "County": "FRESNO", "State": "CA", "PostCode": "93706", "SpatialOffsetMeters": null}}, {"type": "Feature", "geometry": {"type": "Point", "coordinates": [-119.7960894, 36.6938114]}, "properties": {"SSAP_NGUID": "urn:emergency:uid:gis:SSAP:47688ce2-4ac0-4aea-a0d4-87d0c1dc360a:fresnocountyca.gov", "DisclID": "fresnocountyca.gov", "CountyLocalID": null, "GERS_ID": "47688ce2-4ac0-4aea-a0d4-87d0c1dc360a", "ConflationStatus": "OVERTURE_ONLY", "Source": "OVERTURE_MAPS", "HNO": "1213", "PRD": null, "STN": "E SAMSON AVE", "STS": null, "Unit": null, "CommunityName": "FRESNO", "County": "FRESNO", "State": "CA", "PostCode": "93706", "SpatialOffsetMeters": null}}, {"type": "Feature", "geometry": {"type": "Point", "coordinates": [-119.7993856, 36.6942726]}, "properties": {"SSAP_NGUID": "urn:emergency:uid:gis:SSAP:7b60675c-e466-4a90-9755-6f45f28cfeaa:fresnocountyca.gov", "DisclID": "fresnocountyca.gov", "CountyLocalID": null, "GERS_ID": "7b60675c-e466-4a90-9755-6f45f28cfeaa", "ConflationStatus": "OVERTURE_ONLY", "Source": "OVERTURE_MAPS", "HNO": "916", "PRD": null, "STN": "E CHESTER AVE", "STS": null, "Unit": null, "CommunityName": "FRESNO", "County": "FRESNO", "State": "CA", "PostCode": "93706", "SpatialOffsetMeters": null}}, {"type": "Feature", "geometry": {"type": "Point", "coordinates": [-119.8015338, 36.6942755]}, "properties": {"SSAP_NGUID": "urn:emergency:uid:gis:SSAP:58ddb6d6-f017-4f52-94d5-43658bf4e909:fresnocountyca.gov", "DisclID": "fresnocountyca.gov", "CountyLocalID": null, "GERS_ID": "58ddb6d6-f017-4f52-94d5-43658bf4e909", "ConflationStatus": "OVERTURE_ONLY", "Source": "OVERTURE_MAPS", "HNO": "743", "PRD": null, "STN": "E SAMSON AVE", "STS": null, "Unit": null, "CommunityName": "FRESNO", "County": "FRESNO", "State": "CA", "PostCode": "93706", "SpatialOffsetMeters": null}}, {"type": "Feature", "geometry": {"type": "Point", "coordinates": [-119.8001337, 36.6934611]}, "properties": {"SSAP_NGUID": "urn:emergency:uid:gis:SSAP:339febdf-7bf2-4a2e-a6b0-87d4f6207ce2:fresnocountyca.gov", "DisclID": "fresnocountyca.gov", "CountyLocalID": null, "GERS_ID": "339febdf-7bf2-4a2e-a6b0-87d4f6207ce2", "ConflationStatus": "OVERTURE_ONLY", "Source": "OVERTURE_MAPS", "HNO": "2970", "PRD": null, "STN": "S MARTIN LUTHER KING JR BLVD", "STS": null, "Unit": null, "CommunityName": "FRESNO", "County": "FRESNO", "State": "CA", "PostCode": "93706", "SpatialOffsetMeters": null}}, {"type": "Feature", "geometry": {"type": "Point", "coordinates": [-119.810023, 36.6937501]}, "properties": {"SSAP_NGUID": "urn:emergency:uid:gis:SSAP:01459664-05d0-4527-8391-3d9f6ce354ae:fresnocountyca.gov", "DisclID": "fresnocountyca.gov", "CountyLocalID": null, "GERS_ID": "01459664-05d0-4527-8391-3d9f6ce354ae", "ConflationStatus": "OVERTURE_ONLY", "Source": "OVERTURE_MAPS", "HNO": "208", "PRD": null, "STN": "E SAMSON AVE", "STS": null, "Unit": null, "CommunityName": "FRESNO", "County": "FRESNO", "State": "CA", "PostCode": "93706", "SpatialOffsetMeters": null}}, {"type": "Feature", "geometry": {"type": "Point", "coordinates": [-119.8109038, 36.6934226]}, "properties": {"SSAP_NGUID": "urn:emergency:uid:gis:SSAP:dff115ac-c5c8-4868-a5b4-c5d339afffab:fresnocountyca.gov", "DisclID": "fresnocountyca.gov", "CountyLocalID": null, "GERS_ID": "dff115ac-c5c8-4868-a5b4-c5d339afffab", "ConflationStatus": "OVERTURE_ONLY", "Source": "OVERTURE_MAPS", "HNO": "2968", "PRD": null, "STN": "S NEWMAN AVE", "STS": null, "Unit": null, "CommunityName": "FRESNO", "County": "FRESNO", "State": "CA", "PostCode": "93706", "SpatialOffsetMeters": null}}, {"type": "Feature", "geometry": {"type": "Point", "coordinates": [-119.8093347, 36.6925362]}, "properties": {"SSAP_NGUID": "urn:emergency:uid:gis:SSAP:72adc757-b2e5-42c0-8374-ce9c408444a6:fresnocountyca.gov", "DisclID": "fresnocountyca.gov", "CountyLocalID": null, "GERS_ID": "72adc757-b2e5-42c0-8374-ce9c408444a6", "ConflationStatus": "OVERTURE_ONLY", "Source": "OVERTURE_MAPS", "HNO": "2993", "PRD": null, "STN": "S HARDT AVE", "STS": null, "Unit": null, "CommunityName": "FRESNO", "County": "FRESNO", "State": "CA", "PostCode": "93706", "SpatialOffsetMeters": null}}, {"type": "Feature", "geometry": {"type": "Point", "coordinates": [-119.8001961, 36.6933353]}, "properties": {"SSAP_NGUID": "urn:emergency:uid:gis:SSAP:b2bfb938-1a4f-46ac-9a5f-543e7dcfc5ea:fresnocountyca.gov", "DisclID": "fresnocountyca.gov", "CountyLocalID": null, "GERS_ID": "b2bfb938-1a4f-46ac-9a5f-543e7dcfc5ea", "ConflationStatus": "OVERTURE_ONLY", "Source": "OVERTURE_MAPS", "HNO": "2974", "PRD": null, "STN": "S MARTIN LUTHER KING JR BLVD", "STS": null, "Unit": null, "CommunityName": "FRESNO", "County": "FRESNO", "State": "CA", "PostCode": "93706", "SpatialOffsetMeters": null}}, {"type": "Feature", "geometry": {"type": "Point", "coordinates": [-119.8006318, 36.6925435]}, "properties": {"SSAP_NGUID": "urn:emergency:uid:gis:SSAP:e790cef9-6ace-4cb0-83dd-b218e99d9c8d:fresnocountyca.gov", "DisclID": "fresnocountyca.gov", "CountyLocalID": null, "GERS_ID": "e790cef9-6ace-4cb0-83dd-b218e99d9c8d", "ConflationStatus": "OVERTURE_ONLY", "Source": "OVERTURE_MAPS", "HNO": "432", "PRD": null, "STN": "W NORTH AVE", "STS": null, "Unit": null, "CommunityName": "FRESNO", "County": "FRESNO", "State": "CA", "PostCode": "93706", "SpatialOffsetMeters": null}}, {"type": "Feature", "geometry": {"type": "Point", "coordinates": [-119.8128677, 36.6912676]}, "properties": {"SSAP_NGUID": "urn:emergency:uid:gis:SSAP:1137e4cb-4bdd-42fe-9086-ce6b20d60b42:fresnocountyca.gov", "DisclID": "fresnocountyca.gov", "CountyLocalID": null, "GERS_ID": "1137e4cb-4bdd-42fe-9086-ce6b20d60b42", "ConflationStatus": "OVERTURE_ONLY", "Source": "OVERTURE_MAPS", "HNO": "1195", "PRD": null, "STN": "W NORTH AVE", "STS": null, "Unit": null, "CommunityName": "FRESNO", "County": "FRESNO", "State": "CA", "PostCode": "93706", "SpatialOffsetMeters": null}}, {"type": "Feature", "geometry": {"type": "Point", "coordinates": [-119.8118756, 36.6926039]}, "properties": {"SSAP_NGUID": "urn:emergency:uid:gis:SSAP:f1ae1268-123c-4c1d-bdcc-b2beb4b31ca3:fresnocountyca.gov", "DisclID": "fresnocountyca.gov", "CountyLocalID": null, "GERS_ID": "f1ae1268-123c-4c1d-bdcc-b2beb4b31ca3", "ConflationStatus": "OVERTURE_ONLY", "Source": "OVERTURE_MAPS", "HNO": "1136", "PRD": null, "STN": "W NORTH AVE", "STS": null, "Unit": null, "CommunityName": "FRESNO", "County": "FRESNO", "State": "CA", "PostCode": "93706", "SpatialOffsetMeters": null}}, {"type": "Feature", "geometry": {"type": "Point", "coordinates": [-119.8202144, 36.6953968]}, "properties": {"SSAP_NGUID": "urn:emergency:uid:gis:SSAP:64c98dd9-f01d-47f4-a2d4-78d4c4b5d80d:fresnocountyca.gov", "DisclID": "fresnocountyca.gov", "CountyLocalID": null, "GERS_ID": "64c98dd9-f01d-47f4-a2d4-78d4c4b5d80d", "ConflationStatus": "OVERTURE_ONLY", "Source": "OVERTURE_MAPS", "HNO": "2906", "PRD": null, "STN": "S FRUIT AVE", "STS": null, "Unit": null, "CommunityName": "FRESNO", "County": "FRESNO", "State": "CA", "PostCode": "93706", "SpatialOffsetMeters": null}}, {"type": "Feature", "geometry": {"type": "Point", "coordinates": [-119.8092819, 36.7006152]}, "properties": {"SSAP_NGUID": "urn:emergency:uid:gis:SSAP:4913cf71-0c71-4aac-aa80-8ad7667c2b3b:fresnocountyca.gov", "DisclID": "fresnocountyca.gov", "CountyLocalID": null, "GERS_ID": "4913cf71-0c71-4aac-aa80-8ad7667c2b3b", "ConflationStatus": "OVERTURE_ONLY", "Source": "OVERTURE_MAPS", "HNO": "2772", "PRD": null, "STN": "S WALNUT AVE", "STS": null, "Unit": null, "CommunityName": "FRESNO", "County": "FRESNO", "State": "CA", "PostCode": "93706", "SpatialOffsetMeters": null}}, {"type": "Feature", "geometry": {"type": "Point", "coordinates": [-119.8175618, 36.7014055]}, "properties": {"SSAP_NGUID": "urn:emergency:uid:gis:SSAP:009fe4bc-cf5e-4b11-a90e-24f07c4f2678:fresnocountyca.gov", "DisclID": "fresnocountyca.gov", "CountyLocalID": null, "GERS_ID": "009fe4bc-cf5e-4b11-a90e-24f07c4f2678", "ConflationStatus": "OVERTURE_ONLY", "Source": "OVERTURE_MAPS", "HNO": "2755", "PRD": null, "STN": "S FRUIT AVE", "STS": null, "Unit": null, "CommunityName": "FRESNO", "County": "FRESNO", "State": "CA", "PostCode": "93706", "SpatialOffsetMeters": null}}, {"type": "Feature", "geometry": {"type": "Point", "coordinates": [-119.8190785, 36.7028323]}, "properties": {"SSAP_NGUID": "urn:emergency:uid:gis:SSAP:7beacf4d-5a0f-4d9a-82a9-bd1b3146d319:fresnocountyca.gov", "DisclID": "fresnocountyca.gov", "CountyLocalID": null, "GERS_ID": "7beacf4d-5a0f-4d9a-82a9-bd1b3146d319", "ConflationStatus": "OVERTURE_ONLY", "Source": "OVERTURE_MAPS", "HNO": "2700", "PRD": null, "STN": "S FRUIT AVE", "STS": null, "Unit": null, "CommunityName": "FRESNO", "County": "FRESNO", "State": "CA", "PostCode": "93706", "SpatialOffsetMeters": null}}, {"type": "Feature", "geometry": {"type": "Point", "coordinates": [-119.8013516, 36.705324]}, "properties": {"SSAP_NGUID": "urn:emergency:uid:gis:SSAP:fd1cc80c-aab4-4fb2-8b06-d0e734a521fd:fresnocountyca.gov", "DisclID": "fresnocountyca.gov", "CountyLocalID": null, "GERS_ID": "fd1cc80c-aab4-4fb2-8b06-d0e734a521fd", "ConflationStatus": "OVERTURE_ONLY", "Source": "OVERTURE_MAPS", "HNO": "635", "PRD": null, "STN": "E CALWA AVE", "STS": null, "Unit": null, "CommunityName": "FRESNO", "County": "FRESNO", "State": "CA", "PostCode": "93706", "SpatialOffsetMeters": null}}, {"type": "Feature", "geometry": {"type": "Point", "coordinates": [-119.8001649, 36.704931]}, "properties": {"SSAP_NGUID": "urn:emergency:uid:gis:SSAP:a621afcf-5224-4b94-a960-131711bb4d6a:fresnocountyca.gov", "DisclID": "fresnocountyca.gov", "CountyLocalID": null, "GERS_ID": "a621afcf-5224-4b94-a960-131711bb4d6a", "ConflationStatus": "OVERTURE_ONLY", "Source": "OVERTURE_MAPS", "HNO": "2658", "PRD": null, "STN": "S MARTIN LUTHER KING JR BLVD", "STS": null, "Unit": null, "CommunityName": "FRESNO", "County": "FRESNO", "State": "CA", "PostCode": "93706", "SpatialOffsetMeters": null}}, {"type": "Feature", "geometry": {"type": "Point", "coordinates": [-119.8004894, 36.7045944]}, "properties": {"SSAP_NGUID": "urn:emergency:uid:gis:SSAP:0882ac7e-cc82-488f-8f3b-4e095bec39e3:fresnocountyca.gov", "DisclID": "fresnocountyca.gov", "CountyLocalID": null, "GERS_ID": "0882ac7e-cc82-488f-8f3b-4e095bec39e3", "ConflationStatus": "OVERTURE_ONLY", "Source": "OVERTURE_MAPS", "HNO": "2665", "PRD": null, "STN": "S CARVER AVE", "STS": null, "Unit": null, "CommunityName": "FRESNO", "County": "FRESNO", "State": "CA", "PostCode": "93706", "SpatialOffsetMeters": null}}, {"type": "Feature", "geometry": {"type": "Point", "coordinates": [-119.8032492, 36.7045409]}, "properties": {"SSAP_NGUID": "urn:emergency:uid:gis:SSAP:5db42744-3163-43a1-a4bd-beab108ea647:fresnocountyca.gov", "DisclID": "fresnocountyca.gov", "CountyLocalID": null, "GERS_ID": "5db42744-3163-43a1-a4bd-beab108ea647", "ConflationStatus": "OVERTURE_ONLY", "Source": "OVERTURE_MAPS", "HNO": "646", "PRD": null, "STN": "E JENSEN AVE", "STS": null, "Unit": null, "CommunityName": "FRESNO", "County": "FRESNO", "State": "CA", "PostCode": "93706", "SpatialOffsetMeters": null}}, {"type": "Feature", "geometry": {"type": "Point", "coordinates": [-119.8005058, 36.7041026]}, "properties": {"SSAP_NGUID": "urn:emergency:uid:gis:SSAP:3b379e4d-2822-4b4f-9857-fed8e6cc02ed:fresnocountyca.gov", "DisclID": "fresnocountyca.gov", "CountyLocalID": null, "GERS_ID": "3b379e4d-2822-4b4f-9857-fed8e6cc02ed", "ConflationStatus": "OVERTURE_ONLY", "Source": "OVERTURE_MAPS", "HNO": "2679", "PRD": null, "STN": "S CARVER AVE", "STS": null, "Unit": null, "CommunityName": "FRESNO", "County": "FRESNO", "State": "CA", "PostCode": "93706", "SpatialOffsetMeters": null}}, {"type": "Feature", "geometry": {"type": "Point", "coordinates": [-119.8010313, 36.7037758]}, "properties": {"SSAP_NGUID": "urn:emergency:uid:gis:SSAP:5dbe27ab-a616-4f96-b6d3-a4706d9db8ff:fresnocountyca.gov", "DisclID": "fresnocountyca.gov", "CountyLocalID": null, "GERS_ID": "5dbe27ab-a616-4f96-b6d3-a4706d9db8ff", "ConflationStatus": "OVERTURE_ONLY", "Source": "OVERTURE_MAPS", "HNO": "2686", "PRD": null, "STN": "S CARVER AVE", "STS": null, "Unit": null, "CommunityName": "FRESNO", "County": "FRESNO", "State": "CA", "PostCode": "93706", "SpatialOffsetMeters": null}}, {"type": "Feature", "geometry": {"type": "Point", "coordinates": [-119.8012196, 36.7033777]}, "properties": {"SSAP_NGUID": "urn:emergency:uid:gis:SSAP:a1b7198f-a5e1-43c3-963e-e30a45b9268a:fresnocountyca.gov", "DisclID": "fresnocountyca.gov", "CountyLocalID": null, "GERS_ID": "a1b7198f-a5e1-43c3-963e-e30a45b9268a", "ConflationStatus": "OVERTURE_ONLY", "Source": "OVERTURE_MAPS", "HNO": "648", "PRD": null, "STN": "E VINE AVE", "STS": null, "Unit": null, "CommunityName": "FRESNO", "County": "FRESNO", "State": "CA", "PostCode": "93706", "SpatialOffsetMeters": null}}, {"type": "Feature", "geometry": {"type": "Point", "coordinates": [-119.7992781, 36.7007061]}, "properties": {"SSAP_NGUID": "urn:emergency:uid:gis:SSAP:54bf205a-8c62-4837-8bed-1540162cc42f:fresnocountyca.gov", "DisclID": "fresnocountyca.gov", "CountyLocalID": null, "GERS_ID": "54bf205a-8c62-4837-8bed-1540162cc42f", "ConflationStatus": "OVERTURE_ONLY", "Source": "OVERTURE_MAPS", "HNO": "2775", "PRD": null, "STN": "S MARTIN LUTHER KING JR BLVD", "STS": null, "Unit": null, "CommunityName": "FRESNO", "County": "FRESNO", "State": "CA", "PostCode": "93706", "SpatialOffsetMeters": null}}, {"type": "Feature", "geometry": {"type": "Point", "coordinates": [-119.7993655, 36.7009169]}, "properties": {"SSAP_NGUID": "urn:emergency:uid:gis:SSAP:d079e486-59be-4cae-bec5-baa5ae313067:fresnocountyca.gov", "DisclID": "fresnocountyca.gov", "CountyLocalID": null, "GERS_ID": "d079e486-59be-4cae-bec5-baa5ae313067", "ConflationStatus": "OVERTURE_ONLY", "Source": "OVERTURE_MAPS", "HNO": "2775", "PRD": null, "STN": "S MARTIN LUTHER KING JR BLVD", "STS": null, "Unit": null, "CommunityName": "FRESNO", "County": "FRESNO", "State": "CA", "PostCode": "93706", "SpatialOffsetMeters": null}}, {"type": "Feature", "geometry": {"type": "Point", "coordinates": [-119.7977437, 36.7007877]}, "properties": {"SSAP_NGUID": "urn:emergency:uid:gis:SSAP:41ca105f-8511-42d6-b15c-58302c3b9799:fresnocountyca.gov", "DisclID": "fresnocountyca.gov", "CountyLocalID": null, "GERS_ID": "41ca105f-8511-42d6-b15c-58302c3b9799", "ConflationStatus": "OVERTURE_ONLY", "Source": "OVERTURE_MAPS", "HNO": "2705", "PRD": null, "STN": "S MARTIN LUTHER KING JR BLVD", "STS": null, "Unit": null, "CommunityName": "FRESNO", "County": "FRESNO", "State": "CA", "PostCode": "93706", "SpatialOffsetMeters": null}}, {"type": "Feature", "geometry": {"type": "Point", "coordinates": [-119.7981589, 36.7010239]}, "properties": {"SSAP_NGUID": "urn:emergency:uid:gis:SSAP:651c8296-a9bc-4913-afe3-7c4f45fc0be3:fresnocountyca.gov", "DisclID": "fresnocountyca.gov", "CountyLocalID": null, "GERS_ID": "651c8296-a9bc-4913-afe3-7c4f45fc0be3", "ConflationStatus": "OVERTURE_ONLY", "Source": "OVERTURE_MAPS", "HNO": "2715", "PRD": null, "STN": "S MARTIN LUTHER KING JR BLVD", "STS": null, "Unit": null, "CommunityName": "FRESNO", "County": "FRESNO", "State": "CA", "PostCode": "93706", "SpatialOffsetMeters": null}}, {"type": "Feature", "geometry": {"type": "Point", "coordinates": [-119.7978146, 36.7013806]}, "properties": {"SSAP_NGUID": "urn:emergency:uid:gis:SSAP:3d7265dd-2ae6-4b8d-92a4-182ebe497707:fresnocountyca.gov", "DisclID": "fresnocountyca.gov", "CountyLocalID": null, "GERS_ID": "3d7265dd-2ae6-4b8d-92a4-182ebe497707", "ConflationStatus": "OVERTURE_ONLY", "Source": "OVERTURE_MAPS", "HNO": "2705", "PRD": null, "STN": "S MARTIN LUTHER KING JR BLVD", "STS": null, "Unit": null, "CommunityName": "FRESNO", "County": "FRESNO", "State": "CA", "PostCode": "93706", "SpatialOffsetMeters": null}}, {"type": "Feature", "geometry": {"type": "Point", "coordinates": [-119.7985869, 36.7011776]}, "properties": {"SSAP_NGUID": "urn:emergency:uid:gis:SSAP:386f6d60-305a-413f-b917-6dc8780ce129:fresnocountyca.gov", "DisclID": "fresnocountyca.gov", "CountyLocalID": null, "GERS_ID": "386f6d60-305a-413f-b917-6dc8780ce129", "ConflationStatus": "OVERTURE_ONLY", "Source": "OVERTURE_MAPS", "HNO": "2715", "PRD": null, "STN": "S MARTIN LUTHER KING JR BLVD", "STS": null, "Unit": null, "CommunityName": "FRESNO", "County": "FRESNO", "State": "CA", "PostCode": "93706", "SpatialOffsetMeters": null}}, {"type": "Feature", "geometry": {"type": "Point", "coordinates": [-119.7990103, 36.7014922]}, "properties": {"SSAP_NGUID": "urn:emergency:uid:gis:SSAP:b21ace38-cbd8-4365-8d42-7692e4bf6f11:fresnocountyca.gov", "DisclID": "fresnocountyca.gov", "CountyLocalID": null, "GERS_ID": "b21ace38-cbd8-4365-8d42-7692e4bf6f11", "ConflationStatus": "OVERTURE_ONLY", "Source": "OVERTURE_MAPS", "HNO": "2715", "PRD": null, "STN": "S MARTIN LUTHER KING JR BLVD", "STS": null, "Unit": null, "CommunityName": "FRESNO", "County": "FRESNO", "State": "CA", "PostCode": "93706", "SpatialOffsetMeters": null}}, {"type": "Feature", "geometry": {"type": "Point", "coordinates": [-119.7990996, 36.7016109]}, "properties": {"SSAP_NGUID": "urn:emergency:uid:gis:SSAP:38d3751e-7418-4428-bfeb-9fbb2ef09a75:fresnocountyca.gov", "DisclID": "fresnocountyca.gov", "CountyLocalID": null, "GERS_ID": "38d3751e-7418-4428-bfeb-9fbb2ef09a75", "ConflationStatus": "OVERTURE_ONLY", "Source": "OVERTURE_MAPS", "HNO": "2715", "PRD": null, "STN": "S MARTIN LUTHER KING JR BLVD", "STS": null, "Unit": null, "CommunityName": "FRESNO", "County": "FRESNO", "State": "CA", "PostCode": "93706", "SpatialOffsetMeters": null}}, {"type": "Feature", "geometry": {"type": "Point", "coordinates": [-119.798677, 36.7019764]}, "properties": {"SSAP_NGUID": "urn:emergency:uid:gis:SSAP:6fff2539-6b42-43d8-aca7-0232fbab2848:fresnocountyca.gov", "DisclID": "fresnocountyca.gov", "CountyLocalID": null, "GERS_ID": "6fff2539-6b42-43d8-aca7-0232fbab2848", "ConflationStatus": "OVERTURE_ONLY", "Source": "OVERTURE_MAPS", "HNO": "2715", "PRD": null, "STN": "S MARTIN LUTHER KING JR BLVD", "STS": null, "Unit": null, "CommunityName": "FRESNO", "County": "FRESNO", "State": "CA", "PostCode": "93706", "SpatialOffsetMeters": null}}, {"type": "Feature", "geometry": {"type": "Point", "coordinates": [-119.7982565, 36.7018858]}, "properties": {"SSAP_NGUID": "urn:emergency:uid:gis:SSAP:bb58b348-645f-4e40-8197-50383631b4a1:fresnocountyca.gov", "DisclID": "fresnocountyca.gov", "CountyLocalID": null, "GERS_ID": "bb58b348-645f-4e40-8197-50383631b4a1", "ConflationStatus": "OVERTURE_ONLY", "Source": "OVERTURE_MAPS", "HNO": "2715", "PRD": null, "STN": "S MARTIN LUTHER KING JR BLVD", "STS": null, "Unit": null, "CommunityName": "FRESNO", "County": "FRESNO", "State": "CA", "PostCode": "93706", "SpatialOffsetMeters": null}}, {"type": "Feature", "geometry": {"type": "Point", "coordinates": [-119.797829, 36.7017788]}, "properties": {"SSAP_NGUID": "urn:emergency:uid:gis:SSAP:5f3dac28-f378-4b8d-a2f4-89be92114695:fresnocountyca.gov", "DisclID": "fresnocountyca.gov", "CountyLocalID": null, "GERS_ID": "5f3dac28-f378-4b8d-a2f4-89be92114695", "ConflationStatus": "OVERTURE_ONLY", "Source": "OVERTURE_MAPS", "HNO": "2705", "PRD": null, "STN": "S MARTIN LUTHER KING JR BLVD", "STS": null, "Unit": null, "CommunityName": "FRESNO", "County": "FRESNO", "State": "CA", "PostCode": "93706", "SpatialOffsetMeters": null}}, {"type": "Feature", "geometry": {"type": "Point", "coordinates": [-119.7981595, 36.7015274]}, "properties": {"SSAP_NGUID": "urn:emergency:uid:gis:SSAP:e629aff7-ced0-4ea3-97d4-789a3bdee406:fresnocountyca.gov", "DisclID": "fresnocountyca.gov", "CountyLocalID": null, "GERS_ID": "e629aff7-ced0-4ea3-97d4-789a3bdee406", "ConflationStatus": "OVERTURE_ONLY", "Source": "OVERTURE_MAPS", "HNO": "2715", "PRD": null, "STN": "S MARTIN LUTHER KING JR BLVD", "STS": null, "Unit": null, "CommunityName": "FRESNO", "County": "FRESNO", "State": "CA", "PostCode": "93706", "SpatialOffsetMeters": null}}, {"type": "Feature", "geometry": {"type": "Point", "coordinates": [-119.7969214, 36.7017419]}, "properties": {"SSAP_NGUID": "urn:emergency:uid:gis:SSAP:26393e81-89ea-40b8-8e8d-21b9c3fda670:fresnocountyca.gov", "DisclID": "fresnocountyca.gov", "CountyLocalID": null, "GERS_ID": "26393e81-89ea-40b8-8e8d-21b9c3fda670", "ConflationStatus": "OVERTURE_ONLY", "Source": "OVERTURE_MAPS", "HNO": "2737", "PRD": null, "STN": "S BARDELL ST", "STS": null, "Unit": null, "CommunityName": "FRESNO", "County": "FRESNO", "State": "CA", "PostCode": "93706", "SpatialOffsetMeters": null}}, {"type": "Feature", "geometry": {"type": "Point", "coordinates": [-119.7962854, 36.7012327]}, "properties": {"SSAP_NGUID": "urn:emergency:uid:gis:SSAP:cd975734-f7cb-4235-a17a-552664932eda:fresnocountyca.gov", "DisclID": "fresnocountyca.gov", "CountyLocalID": null, "GERS_ID": "cd975734-f7cb-4235-a17a-552664932eda", "ConflationStatus": "OVERTURE_ONLY", "Source": "OVERTURE_MAPS", "HNO": "1202", "PRD": null, "STN": "E GEORGE AVE", "STS": null, "Unit": null, "CommunityName": "FRESNO", "County": "FRESNO", "State": "CA", "PostCode": "93706", "SpatialOffsetMeters": null}}, {"type": "Feature", "geometry": {"type": "Point", "coordinates": [-119.7935812, 36.7009305]}, "properties": {"SSAP_NGUID": "urn:emergency:uid:gis:SSAP:4cb1098f-6dcb-4f50-a727-26bf5499cf88:fresnocountyca.gov", "DisclID": "fresnocountyca.gov", "CountyLocalID": null, "GERS_ID": "4cb1098f-6dcb-4f50-a727-26bf5499cf88", "ConflationStatus": "OVERTURE_ONLY", "Source": "OVERTURE_MAPS", "HNO": "1450", "PRD": null, "STN": "E DATE AVE", "STS": null, "Unit": null, "CommunityName": "FRESNO", "County": "FRESNO", "State": "CA", "PostCode": "93706", "SpatialOffsetMeters": null}}, {"type": "Feature", "geometry": {"type": "Point", "coordinates": [-119.7927079, 36.7008351]}, "properties": {"SSAP_NGUID": "urn:emergency:uid:gis:SSAP:498e5dd9-9b0c-406d-a5c2-99489b55ad1d:fresnocountyca.gov", "DisclID": "fresnocountyca.gov", "CountyLocalID": null, "GERS_ID": "498e5dd9-9b0c-406d-a5c2-99489b55ad1d", "ConflationStatus": "OVERTURE_ONLY", "Source": "OVERTURE_MAPS", "HNO": "1515", "PRD": null, "STN": "E ANNADALE AVE", "STS": null, "Unit": null, "CommunityName": "FRESNO", "County": "FRESNO", "State": "CA", "PostCode": "93706", "SpatialOffsetMeters": null}}, {"type": "Feature", "geometry": {"type": "Point", "coordinates": [-119.791211, 36.7029944]}, "properties": {"SSAP_NGUID": "urn:emergency:uid:gis:SSAP:d1946abc-3619-4e1b-a457-183ac7b52a11:fresnocountyca.gov", "DisclID": "fresnocountyca.gov", "CountyLocalID": null, "GERS_ID": "d1946abc-3619-4e1b-a457-183ac7b52a11", "ConflationStatus": "OVERTURE_ONLY", "Source": "OVERTURE_MAPS", "HNO": "2706", "PRD": null, "STN": "S ELM AVE", "STS": null, "Unit": null, "CommunityName": "FRESNO", "County": "FRESNO", "State": "CA", "PostCode": "93706", "SpatialOffsetMeters": null}}, {"type": "Feature", "geometry": {"type": "Point", "coordinates": [-119.7947625, 36.7034263]}, "properties": {"SSAP_NGUID": "urn:emergency:uid:gis:SSAP:c54433bd-ee54-4b8f-ab20-67fbe76ebe34:fresnocountyca.gov", "DisclID": "fresnocountyca.gov", "CountyLocalID": null, "GERS_ID": "c54433bd-ee54-4b8f-ab20-67fbe76ebe34", "ConflationStatus": "OVERTURE_ONLY", "Source": "OVERTURE_MAPS", "HNO": "1321", "PRD": null, "STN": "E VINE AVE", "STS": null, "Unit": null, "CommunityName": "FRESNO", "County": "FRESNO", "State": "CA", "PostCode": "93706", "SpatialOffsetMeters": null}}, {"type": "Feature", "geometry": {"type": "Point", "coordinates": [-119.7959312, 36.7033694]}, "properties": {"SSAP_NGUID": "urn:emergency:uid:gis:SSAP:ce23abe1-5466-48b4-b856-65bdf81e3978:fresnocountyca.gov", "DisclID": "fresnocountyca.gov", "CountyLocalID": null, "GERS_ID": "ce23abe1-5466-48b4-b856-65bdf81e3978", "ConflationStatus": "OVERTURE_ONLY", "Source": "OVERTURE_MAPS", "HNO": "2695", "PRD": null, "STN": "S TUPMAN ST", "STS": null, "Unit": null, "CommunityName": "FRESNO", "County": "FRESNO", "State": "CA", "PostCode": "93706", "SpatialOffsetMeters": null}}, {"type": "Feature", "geometry": {"type": "Point", "coordinates": [-119.7956107, 36.7024481]}, "properties": {"SSAP_NGUID": "urn:emergency:uid:gis:SSAP:f735a7a8-8d4c-4ed7-9475-06a840d1fb0c:fresnocountyca.gov", "DisclID": "fresnocountyca.gov", "CountyLocalID": null, "GERS_ID": "f735a7a8-8d4c-4ed7-9475-06a840d1fb0c", "ConflationStatus": "OVERTURE_ONLY", "Source": "OVERTURE_MAPS", "HNO": "2724", "PRD": null, "STN": "S CLARA AVE", "STS": null, "Unit": null, "CommunityName": "FRESNO", "County": "FRESNO", "State": "CA", "PostCode": "93706", "SpatialOffsetMeters": null}}, {"type": "Feature", "geometry": {"type": "Point", "coordinates": [-119.8687658, 36.7766103]}, "properties": {"SSAP_NGUID": "urn:emergency:uid:gis:SSAP:c7d0594e-bd76-452f-bf8f-1ffd14092e4c:fresnocountyca.gov", "DisclID": "fresnocountyca.gov", "CountyLocalID": null, "GERS_ID": "c7d0594e-bd76-452f-bf8f-1ffd14092e4c", "ConflationStatus": "OVERTURE_ONLY", "Source": "OVERTURE_MAPS", "HNO": "4284", "PRD": null, "STN": "W AMHERST AVE", "STS": null, "Unit": null, "CommunityName": "FRESNO", "County": "FRESNO", "State": "CA", "PostCode": "93722", "SpatialOffsetMeters": null}}, {"type": "Feature", "geometry": {"type": "Point", "coordinates": [-119.8669793, 36.776874]}, "properties": {"SSAP_NGUID": "urn:emergency:uid:gis:SSAP:a435bb5d-1684-4bda-8018-d2c0cd5c533d:fresnocountyca.gov", "DisclID": "fresnocountyca.gov", "CountyLocalID": null, "GERS_ID": "a435bb5d-1684-4bda-8018-d2c0cd5c533d", "ConflationStatus": "OVERTURE_ONLY", "Source": "OVERTURE_MAPS", "HNO": "2672", "PRD": null, "STN": "N BRUNSWICK AVE", "STS": null, "Unit": null, "CommunityName": "FRESNO", "County": "FRESNO", "State": "CA", "PostCode": "93722", "SpatialOffsetMeters": null}}, {"type": "Feature", "geometry": {"type": "Point", "coordinates": [-119.8674652, 36.7773087]}, "properties": {"SSAP_NGUID": "urn:emergency:uid:gis:SSAP:6bdd527d-7fbb-4e3a-8c2a-68146bfd48f9:fresnocountyca.gov", "DisclID": "fresnocountyca.gov", "CountyLocalID": null, "GERS_ID": "6bdd527d-7fbb-4e3a-8c2a-68146bfd48f9", "ConflationStatus": "OVERTURE_ONLY", "Source": "OVERTURE_MAPS", "HNO": "4230", "PRD": null, "STN": "W CORNELL AVE", "STS": null, "Unit": null, "CommunityName": "FRESNO", "County": "FRESNO", "State": "CA", "PostCode": "93722", "SpatialOffsetMeters": null}}, {"type": "Feature", "geometry": {"type": "Point", "coordinates": [-119.8688899, 36.7772942]}, "properties": {"SSAP_NGUID": "urn:emergency:uid:gis:SSAP:70d1bcf7-27ff-4423-95c2-c156e673de1f:fresnocountyca.gov", "DisclID": "fresnocountyca.gov", "CountyLocalID": null, "GERS_ID": "70d1bcf7-27ff-4423-95c2-c156e673de1f", "ConflationStatus": "OVERTURE_ONLY", "Source": "OVERTURE_MAPS", "HNO": "4290", "PRD": null, "STN": "W CORNELL AVE", "STS": null, "Unit": null, "CommunityName": "FRESNO", "County": "FRESNO", "State": "CA", "PostCode": "93722", "SpatialOffsetMeters": null}}, {"type": "Feature", "geometry": {"type": "Point", "coordinates": [-119.8698224, 36.7782184]}, "properties": {"SSAP_NGUID": "urn:emergency:uid:gis:SSAP:625fd763-6f8f-47f9-ab5b-6d3e48671a97:fresnocountyca.gov", "DisclID": "fresnocountyca.gov", "CountyLocalID": null, "GERS_ID": "625fd763-6f8f-47f9-ab5b-6d3e48671a97", "ConflationStatus": "OVERTURE_ONLY", "Source": "OVERTURE_MAPS", "HNO": "4337", "PRD": null, "STN": "W SHIELDS AVE", "STS": null, "Unit": null, "CommunityName": "FRESNO", "County": "FRESNO", "State": "CA", "PostCode": "93722", "SpatialOffsetMeters": null}}, {"type": "Feature", "geometry": {"type": "Point", "coordinates": [-119.8725982, 36.7798435]}, "properties": {"SSAP_NGUID": "urn:emergency:uid:gis:SSAP:289bc97b-1c29-4ed5-b29a-80afcdf9d952:fresnocountyca.gov", "DisclID": "fresnocountyca.gov", "CountyLocalID": null, "GERS_ID": "289bc97b-1c29-4ed5-b29a-80afcdf9d952", "ConflationStatus": "OVERTURE_ONLY", "Source": "OVERTURE_MAPS", "HNO": "3027", "PRD": null, "STN": "N BLYTHE AVE", "STS": null, "Unit": null, "CommunityName": "FRESNO", "County": "FRESNO", "State": "CA", "PostCode": "93722", "SpatialOffsetMeters": null}}, {"type": "Feature", "geometry": {"type": "Point", "coordinates": [-119.8683867, 36.7802854]}, "properties": {"SSAP_NGUID": "urn:emergency:uid:gis:SSAP:818af01e-a8b5-4469-9d76-b02d3f28b091:fresnocountyca.gov", "DisclID": "fresnocountyca.gov", "CountyLocalID": null, "GERS_ID": "818af01e-a8b5-4469-9d76-b02d3f28b091", "ConflationStatus": "OVERTURE_ONLY", "Source": "OVERTURE_MAPS", "HNO": "3062", "PRD": null, "STN": "N EL CAPITAN AVE", "STS": null, "Unit": null, "CommunityName": "FRESNO", "County": "FRESNO", "State": "CA", "PostCode": "93722", "SpatialOffsetMeters": null}}, {"type": "Feature", "geometry": {"type": "Point", "coordinates": [-119.8683801, 36.7807767]}, "properties": {"SSAP_NGUID": "urn:emergency:uid:gis:SSAP:db82e97b-4806-4d4e-98cd-88c9030d588e:fresnocountyca.gov", "DisclID": "fresnocountyca.gov", "CountyLocalID": null, "GERS_ID": "db82e97b-4806-4d4e-98cd-88c9030d588e", "ConflationStatus": "OVERTURE_ONLY", "Source": "OVERTURE_MAPS", "HNO": "3086", "PRD": null, "STN": "N EL CAPITAN AVE", "STS": null, "Unit": null, "CommunityName": "FRESNO", "County": "FRESNO", "State": "CA", "PostCode": "93722", "SpatialOffsetMeters": null}}, {"type": "Feature", "geometry": {"type": "Point", "coordinates": [-119.8665913, 36.7804966]}, "properties": {"SSAP_NGUID": "urn:emergency:uid:gis:SSAP:4a7620cc-4846-4049-842a-4d25bda8110f:fresnocountyca.gov", "DisclID": "fresnocountyca.gov", "CountyLocalID": null, "GERS_ID": "4a7620cc-4846-4049-842a-4d25bda8110f", "ConflationStatus": "OVERTURE_ONLY", "Source": "OVERTURE_MAPS", "HNO": "3065", "PRD": null, "STN": "N HANOVER AVE", "STS": null, "Unit": null, "CommunityName": "FRESNO", "County": "FRESNO", "State": "CA", "PostCode": "93722", "SpatialOffsetMeters": null}}, {"type": "Feature", "geometry": {"type": "Point", "coordinates": [-119.8665705, 36.7801711]}, "properties": {"SSAP_NGUID": "urn:emergency:uid:gis:SSAP:14313eaf-1061-4f19-8510-fb8bca9cd012:fresnocountyca.gov", "DisclID": "fresnocountyca.gov", "CountyLocalID": null, "GERS_ID": "14313eaf-1061-4f19-8510-fb8bca9cd012", "ConflationStatus": "OVERTURE_ONLY", "Source": "OVERTURE_MAPS", "HNO": "3049", "PRD": null, "STN": "N HANOVER AVE", "STS": null, "Unit": null, "CommunityName": "FRESNO", "County": "FRESNO", "State": "CA", "PostCode": "93722", "SpatialOffsetMeters": null}}, {"type": "Feature", "geometry": {"type": "Point", "coordinates": [-119.8674876, 36.7797925]}, "properties": {"SSAP_NGUID": "urn:emergency:uid:gis:SSAP:9bb549d5-d9f7-45dd-96fd-c542cc92608b:fresnocountyca.gov", "DisclID": "fresnocountyca.gov", "CountyLocalID": null, "GERS_ID": "9bb549d5-d9f7-45dd-96fd-c542cc92608b", "ConflationStatus": "OVERTURE_ONLY", "Source": "OVERTURE_MAPS", "HNO": "3036", "PRD": null, "STN": "N WAPOMA AVE", "STS": null, "Unit": null, "CommunityName": "FRESNO", "County": "FRESNO", "State": "CA", "PostCode": "93722", "SpatialOffsetMeters": null}}, {"type": "Feature", "geometry": {"type": "Point", "coordinates": [-119.8659463, 36.7794716]}, "properties": {"SSAP_NGUID": "urn:emergency:uid:gis:SSAP:91d772f7-9b4a-40de-b8f1-f190105d280c:fresnocountyca.gov", "DisclID": "fresnocountyca.gov", "CountyLocalID": null, "GERS_ID": "91d772f7-9b4a-40de-b8f1-f190105d280c", "ConflationStatus": "OVERTURE_ONLY", "Source": "OVERTURE_MAPS", "HNO": "4163", "PRD": null, "STN": "W ANDREWS AVE", "STS": null, "Unit": null, "CommunityName": "FRESNO", "County": "FRESNO", "State": "CA", "PostCode": "93722", "SpatialOffsetMeters": null}}, {"type": "Feature", "geometry": {"type": "Point", "coordinates": [-119.8652332, 36.7803335]}, "properties": {"SSAP_NGUID": "urn:emergency:uid:gis:SSAP:bff21174-ff28-4e46-bdca-a2123b8eb97d:fresnocountyca.gov", "DisclID": "fresnocountyca.gov", "CountyLocalID": null, "GERS_ID": "bff21174-ff28-4e46-bdca-a2123b8eb97d", "ConflationStatus": "OVERTURE_ONLY", "Source": "OVERTURE_MAPS", "HNO": "3056", "PRD": null, "STN": "N SONORA LN", "STS": null, "Unit": null, "CommunityName": "FRESNO", "County": "FRESNO", "State": "CA", "PostCode": "93722", "SpatialOffsetMeters": null}}, {"type": "Feature", "geometry": {"type": "Point", "coordinates": [-119.8652041, 36.7808127]}, "properties": {"SSAP_NGUID": "urn:emergency:uid:gis:SSAP:e079c694-e369-43cb-86cd-2a0ffcd466cc:fresnocountyca.gov", "DisclID": "fresnocountyca.gov", "CountyLocalID": null, "GERS_ID": "e079c694-e369-43cb-86cd-2a0ffcd466cc", "ConflationStatus": "OVERTURE_ONLY", "Source": "OVERTURE_MAPS", "HNO": "3086", "PRD": null, "STN": "N SONORA LN", "STS": null, "Unit": null, "CommunityName": "FRESNO", "County": "FRESNO", "State": "CA", "PostCode": "93722", "SpatialOffsetMeters": null}}, {"type": "Feature", "geometry": {"type": "Point", "coordinates": [-119.8599988, 36.7803092]}, "properties": {"SSAP_NGUID": "urn:emergency:uid:gis:SSAP:edb936aa-12eb-4c2d-81ba-28a09987db0e:fresnocountyca.gov", "DisclID": "fresnocountyca.gov", "CountyLocalID": null, "GERS_ID": "edb936aa-12eb-4c2d-81ba-28a09987db0e", "ConflationStatus": "OVERTURE_ONLY", "Source": "OVERTURE_MAPS", "HNO": "3738", "PRD": null, "STN": "W SHIELDS AVE", "STS": null, "Unit": null, "CommunityName": "FRESNO", "County": "FRESNO", "State": "CA", "PostCode": "93722", "SpatialOffsetMeters": null}}, {"type": "Feature", "geometry": {"type": "Point", "coordinates": [-119.8612434, 36.7803581]}, "properties": {"SSAP_NGUID": "urn:emergency:uid:gis:SSAP:4faa2d22-b1f2-43a6-86db-85d0493bfe44:fresnocountyca.gov", "DisclID": "fresnocountyca.gov", "CountyLocalID": null, "GERS_ID": "4faa2d22-b1f2-43a6-86db-85d0493bfe44", "ConflationStatus": "OVERTURE_ONLY", "Source": "OVERTURE_MAPS", "HNO": "3782", "PRD": null, "STN": "W SHIELDS AVE", "STS": null, "Unit": null, "CommunityName": "FRESNO", "County": "FRESNO", "State": "CA", "PostCode": "93722", "SpatialOffsetMeters": null}}, {"type": "Feature", "geometry": {"type": "Point", "coordinates": [-119.8598322, 36.7799634]}, "properties": {"SSAP_NGUID": "urn:emergency:uid:gis:SSAP:23bc766b-8041-4b04-b447-ea11b1e361af:fresnocountyca.gov", "DisclID": "fresnocountyca.gov", "CountyLocalID": null, "GERS_ID": "23bc766b-8041-4b04-b447-ea11b1e361af", "ConflationStatus": "OVERTURE_ONLY", "Source": "OVERTURE_MAPS", "HNO": "3718", "PRD": null, "STN": "W SHIELDS AVE", "STS": null, "Unit": null, "CommunityName": "FRESNO", "County": "FRESNO", "State": "CA", "PostCode": "93722", "SpatialOffsetMeters": null}}, {"type": "Feature", "geometry": {"type": "Point", "coordinates": [-119.8605027, 36.7796076]}, "properties": {"SSAP_NGUID": "urn:emergency:uid:gis:SSAP:4c14b08e-7872-4527-8421-916804fdd560:fresnocountyca.gov", "DisclID": "fresnocountyca.gov", "CountyLocalID": null, "GERS_ID": "4c14b08e-7872-4527-8421-916804fdd560", "ConflationStatus": "OVERTURE_ONLY", "Source": "OVERTURE_MAPS", "HNO": "3752", "PRD": null, "STN": "W SHIELDS AVE", "STS": null, "Unit": null, "CommunityName": "FRESNO", "County": "FRESNO", "State": "CA", "PostCode": "93722", "SpatialOffsetMeters": null}}, {"type": "Feature", "geometry": {"type": "Point", "coordinates": [-119.8598894, 36.7788271]}, "properties": {"SSAP_NGUID": "urn:emergency:uid:gis:SSAP:44247193-f2e2-44cf-852d-3a447ba698e0:fresnocountyca.gov", "DisclID": "fresnocountyca.gov", "CountyLocalID": null, "GERS_ID": "44247193-f2e2-44cf-852d-3a447ba698e0", "ConflationStatus": "OVERTURE_ONLY", "Source": "OVERTURE_MAPS", "HNO": "3661", "PRD": null, "STN": "W SHIELDS AVE", "STS": null, "Unit": null, "CommunityName": "FRESNO", "County": "FRESNO", "State": "CA", "PostCode": "93722", "SpatialOffsetMeters": null}}, {"type": "Feature", "geometry": {"type": "Point", "coordinates": [-119.8637004, 36.7786585]}, "properties": {"SSAP_NGUID": "urn:emergency:uid:gis:SSAP:a09f0542-cc1f-4d1a-9644-596494b812b3:fresnocountyca.gov", "DisclID": "fresnocountyca.gov", "CountyLocalID": null, "GERS_ID": "a09f0542-cc1f-4d1a-9644-596494b812b3", "ConflationStatus": "OVERTURE_ONLY", "Source": "OVERTURE_MAPS", "HNO": "4061", "PRD": null, "STN": "W SHIELDS AVE", "STS": null, "Unit": null, "CommunityName": "FRESNO", "County": "FRESNO", "State": "CA", "PostCode": "93722", "SpatialOffsetMeters": null}}, {"type": "Feature", "geometry": {"type": "Point", "coordinates": [-119.8662864, 36.7775297]}, "properties": {"SSAP_NGUID": "urn:emergency:uid:gis:SSAP:2fb8fd13-6213-41ac-80bd-48a888304fd9:fresnocountyca.gov", "DisclID": "fresnocountyca.gov", "CountyLocalID": null, "GERS_ID": "2fb8fd13-6213-41ac-80bd-48a888304fd9", "ConflationStatus": "OVERTURE_ONLY", "Source": "OVERTURE_MAPS", "HNO": "4186", "PRD": null, "STN": "W CORNELL AVE", "STS": null, "Unit": null, "CommunityName": "FRESNO", "County": "FRESNO", "State": "CA", "PostCode": "93722", "SpatialOffsetMeters": null}}, {"type": "Feature", "geometry": {"type": "Point", "coordinates": [-119.8648485, 36.7770361]}, "properties": {"SSAP_NGUID": "urn:emergency:uid:gis:SSAP:f5419807-4078-4674-9cb9-054664f8927b:fresnocountyca.gov", "DisclID": "fresnocountyca.gov", "CountyLocalID": null, "GERS_ID": "f5419807-4078-4674-9cb9-054664f8927b", "ConflationStatus": "OVERTURE_ONLY", "Source": "OVERTURE_MAPS", "HNO": "4121", "PRD": null, "STN": "W CORNELL AVE", "STS": null, "Unit": null, "CommunityName": "FRESNO", "County": "FRESNO", "State": "CA", "PostCode": "93722", "SpatialOffsetMeters": null}}, {"type": "Feature", "geometry": {"type": "Point", "coordinates": [-119.865538, 36.7767668]}, "properties": {"SSAP_NGUID": "urn:emergency:uid:gis:SSAP:44d0a31b-c137-41d6-8f1e-8b35ee42b0e8:fresnocountyca.gov", "DisclID": "fresnocountyca.gov", "CountyLocalID": null, "GERS_ID": "44d0a31b-c137-41d6-8f1e-8b35ee42b0e8", "ConflationStatus": "OVERTURE_ONLY", "Source": "OVERTURE_MAPS", "HNO": "4152", "PRD": null, "STN": "W AMHERST AVE", "STS": null, "Unit": null, "CommunityName": "FRESNO", "County": "FRESNO", "State": "CA", "PostCode": "93722", "SpatialOffsetMeters": null}}, {"type": "Feature", "geometry": {"type": "Point", "coordinates": [-119.8615991, 36.776681]}, "properties": {"SSAP_NGUID": "urn:emergency:uid:gis:SSAP:f8c5a147-20a3-4da6-b943-90ff51e6c5a5:fresnocountyca.gov", "DisclID": "fresnocountyca.gov", "CountyLocalID": null, "GERS_ID": "f8c5a147-20a3-4da6-b943-90ff51e6c5a5", "ConflationStatus": "OVERTURE_ONLY", "Source": "OVERTURE_MAPS", "HNO": "2670", "PRD": null, "STN": "N BRAWLEY AVE", "STS": null, "Unit": null, "CommunityName": "FRESNO", "County": "FRESNO", "State": "CA", "PostCode": "93722", "SpatialOffsetMeters": null}}, {"type": "Feature", "geometry": {"type": "Point", "coordinates": [-119.8598736, 36.7771521]}, "properties": {"SSAP_NGUID": "urn:emergency:uid:gis:SSAP:00cc061f-0820-4a3f-943b-f6de05ace450:fresnocountyca.gov", "DisclID": "fresnocountyca.gov", "CountyLocalID": null, "GERS_ID": "00cc061f-0820-4a3f-943b-f6de05ace450", "ConflationStatus": "OVERTURE_ONLY", "Source": "OVERTURE_MAPS", "HNO": "3661", "PRD": null, "STN": "W SHIELDS AVE", "STS": null, "Unit": null, "CommunityName": "FRESNO", "County": "FRESNO", "State": "CA", "PostCode": "93722", "SpatialOffsetMeters": null}}, {"type": "Feature", "geometry": {"type": "Point", "coordinates": [-119.8598535, 36.7762489]}, "properties": {"SSAP_NGUID": "urn:emergency:uid:gis:SSAP:9a7ab4e2-df6d-4487-ab9b-eb8183bb13f1:fresnocountyca.gov", "DisclID": "fresnocountyca.gov", "CountyLocalID": null, "GERS_ID": "9a7ab4e2-df6d-4487-ab9b-eb8183bb13f1", "ConflationStatus": "OVERTURE_ONLY", "Source": "OVERTURE_MAPS", "HNO": "3661", "PRD": null, "STN": "W SHIELDS AVE", "STS": null, "Unit": null, "CommunityName": "FRESNO", "County": "FRESNO", "State": "CA", "PostCode": "93722", "SpatialOffsetMeters": null}}, {"type": "Feature", "geometry": {"type": "Point", "coordinates": [-119.8613879, 36.7762413]}, "properties": {"SSAP_NGUID": "urn:emergency:uid:gis:SSAP:efeae03f-a4fe-4cff-aed4-cf56b142bf15:fresnocountyca.gov", "DisclID": "fresnocountyca.gov", "CountyLocalID": null, "GERS_ID": "efeae03f-a4fe-4cff-aed4-cf56b142bf15", "ConflationStatus": "OVERTURE_ONLY", "Source": "OVERTURE_MAPS", "HNO": "2652", "PRD": null, "STN": "N BRAWLEY AVE", "STS": null, "Unit": null, "CommunityName": "FRESNO", "County": "FRESNO", "State": "CA", "PostCode": "93722", "SpatialOffsetMeters": null}}, {"type": "Feature", "geometry": {"type": "Point", "coordinates": [-119.8625597, 36.7756246]}, "properties": {"SSAP_NGUID": "urn:emergency:uid:gis:SSAP:629b85ff-8cc6-4166-a053-0f47d6dfcadf:fresnocountyca.gov", "DisclID": "fresnocountyca.gov", "CountyLocalID": null, "GERS_ID": "629b85ff-8cc6-4166-a053-0f47d6dfcadf", "ConflationStatus": "OVERTURE_ONLY", "Source": "OVERTURE_MAPS", "HNO": "4018", "PRD": null, "STN": "W PRINCETON AVE", "STS": null, "Unit": null, "CommunityName": "FRESNO", "County": "FRESNO", "State": "CA", "PostCode": "93722", "SpatialOffsetMeters": null}}, {"type": "Feature", "geometry": {"type": "Point", "coordinates": [-119.8603032, 36.7756371]}, "properties": {"SSAP_NGUID": "urn:emergency:uid:gis:SSAP:1d015d65-2061-45e6-bee7-d7d52a34c45c:fresnocountyca.gov", "DisclID": "fresnocountyca.gov", "CountyLocalID": null, "GERS_ID": "1d015d65-2061-45e6-bee7-d7d52a34c45c", "ConflationStatus": "OVERTURE_ONLY", "Source": "OVERTURE_MAPS", "HNO": "2660", "PRD": null, "STN": "N BRAWLEY AVE", "STS": null, "Unit": null, "CommunityName": "FRESNO", "County": "FRESNO", "State": "CA", "PostCode": "93722", "SpatialOffsetMeters": null}}, {"type": "Feature", "geometry": {"type": "Point", "coordinates": [-119.8604501, 36.7753542]}, "properties": {"SSAP_NGUID": "urn:emergency:uid:gis:SSAP:37e4284f-26f2-46b0-8c51-15cdb52bea8e:fresnocountyca.gov", "DisclID": "fresnocountyca.gov", "CountyLocalID": null, "GERS_ID": "37e4284f-26f2-46b0-8c51-15cdb52bea8e", "ConflationStatus": "OVERTURE_ONLY", "Source": "OVERTURE_MAPS", "HNO": "3710", "PRD": null, "STN": "W PRINCETON AVE", "STS": null, "Unit": null, "CommunityName": "FRESNO", "County": "FRESNO", "State": "CA", "PostCode": "93722", "SpatialOffsetMeters": null}}, {"type": "Feature", "geometry": {"type": "Point", "coordinates": [-119.8598615, 36.7747545]}, "properties": {"SSAP_NGUID": "urn:emergency:uid:gis:SSAP:69c59687-2a5e-47c5-a64a-6be348ee10de:fresnocountyca.gov", "DisclID": "fresnocountyca.gov", "CountyLocalID": null, "GERS_ID": "69c59687-2a5e-47c5-a64a-6be348ee10de", "ConflationStatus": "OVERTURE_ONLY", "Source": "OVERTURE_MAPS", "HNO": "2565", "PRD": null, "STN": "N KNOLL DR", "STS": null, "Unit": null, "CommunityName": "FRESNO", "County": "FRESNO", "State": "CA", "PostCode": "93722", "SpatialOffsetMeters": null}}, {"type": "Feature", "geometry": {"type": "Point", "coordinates": [-119.8607031, 36.7742498]}, "properties": {"SSAP_NGUID": "urn:emergency:uid:gis:SSAP:698212c3-783e-4bad-837d-84d703303889:fresnocountyca.gov", "DisclID": "fresnocountyca.gov", "CountyLocalID": null, "GERS_ID": "698212c3-783e-4bad-837d-84d703303889", "ConflationStatus": "OVERTURE_ONLY", "Source": "OVERTURE_MAPS", "HNO": "3723", "PRD": null, "STN": "W BROWN AVE", "STS": null, "Unit": null, "CommunityName": "FRESNO", "County": "FRESNO", "State": "CA", "PostCode": "93722", "SpatialOffsetMeters": null}}, {"type": "Feature", "geometry": {"type": "Point", "coordinates": [-119.8619418, 36.7746402]}, "properties": {"SSAP_NGUID": "urn:emergency:uid:gis:SSAP:993e2a53-88f2-4490-b89f-cfcdc0318d69:fresnocountyca.gov", "DisclID": "fresnocountyca.gov", "CountyLocalID": null, "GERS_ID": "993e2a53-88f2-4490-b89f-cfcdc0318d69", "ConflationStatus": "OVERTURE_ONLY", "Source": "OVERTURE_MAPS", "HNO": "3792", "PRD": null, "STN": "W BROWN AVE", "STS": null, "Unit": null, "CommunityName": "FRESNO", "County": "FRESNO", "State": "CA", "PostCode": "93722", "SpatialOffsetMeters": null}}, {"type": "Feature", "geometry": {"type": "Point", "coordinates": [-119.8626925, 36.7749029]}, "properties": {"SSAP_NGUID": "urn:emergency:uid:gis:SSAP:0500580e-5e86-487c-b7af-a747a019a16a:fresnocountyca.gov", "DisclID": "fresnocountyca.gov", "CountyLocalID": null, "GERS_ID": "0500580e-5e86-487c-b7af-a747a019a16a", "ConflationStatus": "OVERTURE_ONLY", "Source": "OVERTURE_MAPS", "HNO": "2562", "PRD": null, "STN": "N VERNAL AVE", "STS": null, "Unit": null, "CommunityName": "FRESNO", "County": "FRESNO", "State": "CA", "PostCode": "93722", "SpatialOffsetMeters": null}}, {"type": "Feature", "geometry": {"type": "Point", "coordinates": [-119.864497, 36.7749711]}, "properties": {"SSAP_NGUID": "urn:emergency:uid:gis:SSAP:06fccdec-1934-411a-bb14-c96e2d195615:fresnocountyca.gov", "DisclID": "fresnocountyca.gov", "CountyLocalID": null, "GERS_ID": "06fccdec-1934-411a-bb14-c96e2d195615", "ConflationStatus": "OVERTURE_ONLY", "Source": "OVERTURE_MAPS", "HNO": "4093", "PRD": null, "STN": "W PRINCETON AVE", "STS": null, "Unit": null, "CommunityName": "FRESNO", "County": "FRESNO", "State": "CA", "PostCode": "93722", "SpatialOffsetMeters": null}}, {"type": "Feature", "geometry": {"type": "Point", "coordinates": [-119.8634063, 36.7746883]}, "properties": {"SSAP_NGUID": "urn:emergency:uid:gis:SSAP:1a97d77c-6047-4ba1-93da-52589a0b7d3e:fresnocountyca.gov", "DisclID": "fresnocountyca.gov", "CountyLocalID": null, "GERS_ID": "1a97d77c-6047-4ba1-93da-52589a0b7d3e", "ConflationStatus": "OVERTURE_ONLY", "Source": "OVERTURE_MAPS", "HNO": "4044", "PRD": null, "STN": "W BROWN AVE", "STS": null, "Unit": null, "CommunityName": "FRESNO", "County": "FRESNO", "State": "CA", "PostCode": "93722", "SpatialOffsetMeters": null}}, {"type": "Feature", "geometry": {"type": "Point", "coordinates": [-119.8638873, 36.7742681]}, "properties": {"SSAP_NGUID": "urn:emergency:uid:gis:SSAP:cbeeb249-b71e-4ac2-b63c-7f3665eb180e:fresnocountyca.gov", "DisclID": "fresnocountyca.gov", "CountyLocalID": null, "GERS_ID": "cbeeb249-b71e-4ac2-b63c-7f3665eb180e", "ConflationStatus": "OVERTURE_ONLY", "Source": "OVERTURE_MAPS", "HNO": "4065", "PRD": null, "STN": "W BROWN AVE", "STS": null, "Unit": null, "CommunityName": "FRESNO", "County": "FRESNO", "State": "CA", "PostCode": "93722", "SpatialOffsetMeters": null}}, {"type": "Feature", "geometry": {"type": "Point", "coordinates": [-119.8645278, 36.7746742]}, "properties": {"SSAP_NGUID": "urn:emergency:uid:gis:SSAP:a4854089-1a7d-4576-aaf5-7625908db8dd:fresnocountyca.gov", "DisclID": "fresnocountyca.gov", "CountyLocalID": null, "GERS_ID": "a4854089-1a7d-4576-aaf5-7625908db8dd", "ConflationStatus": "OVERTURE_ONLY", "Source": "OVERTURE_MAPS", "HNO": "4092", "PRD": null, "STN": "W BROWN AVE", "STS": null, "Unit": null, "CommunityName": "FRESNO", "County": "FRESNO", "State": "CA", "PostCode": "93722", "SpatialOffsetMeters": null}}, {"type": "Feature", "geometry": {"type": "Point", "coordinates": [-119.8651258, 36.7742485]}, "properties": {"SSAP_NGUID": "urn:emergency:uid:gis:SSAP:44e95173-6c9f-4b7f-9568-351ac820f7f1:fresnocountyca.gov", "DisclID": "fresnocountyca.gov", "CountyLocalID": null, "GERS_ID": "44e95173-6c9f-4b7f-9568-351ac820f7f1", "ConflationStatus": "OVERTURE_ONLY", "Source": "OVERTURE_MAPS", "HNO": "4125", "PRD": null, "STN": "W BROWN AVE", "STS": null, "Unit": null, "CommunityName": "FRESNO", "County": "FRESNO", "State": "CA", "PostCode": "93722", "SpatialOffsetMeters": null}}, {"type": "Feature", "geometry": {"type": "Point", "coordinates": [-119.8656431, 36.7746803]}, "properties": {"SSAP_NGUID": "urn:emergency:uid:gis:SSAP:09d73fe8-4430-428b-a6d1-eb958eafa832:fresnocountyca.gov", "DisclID": "fresnocountyca.gov", "CountyLocalID": null, "GERS_ID": "09d73fe8-4430-428b-a6d1-eb958eafa832", "ConflationStatus": "OVERTURE_ONLY", "Source": "OVERTURE_MAPS", "HNO": "4146", "PRD": null, "STN": "W BROWN AVE", "STS": null, "Unit": null, "CommunityName": "FRESNO", "County": "FRESNO", "State": "CA", "PostCode": "93722", "SpatialOffsetMeters": null}}, {"type": "Feature", "geometry": {"type": "Point", "coordinates": [-119.8648109, 36.7749664]}, "properties": {"SSAP_NGUID": "urn:emergency:uid:gis:SSAP:2aed1c3a-9192-4878-86ed-c17fcee534b6:fresnocountyca.gov", "DisclID": "fresnocountyca.gov", "CountyLocalID": null, "GERS_ID": "2aed1c3a-9192-4878-86ed-c17fcee534b6", "ConflationStatus": "OVERTURE_ONLY", "Source": "OVERTURE_MAPS", "HNO": "4111", "PRD": null, "STN": "W PRINCETON AVE", "STS": null, "Unit": null, "CommunityName": "FRESNO", "County": "FRESNO", "State": "CA", "PostCode": "93722", "SpatialOffsetMeters": null}}, {"type": "Feature", "geometry": {"type": "Point", "coordinates": [-119.8656652, 36.7753787]}, "properties": {"SSAP_NGUID": "urn:emergency:uid:gis:SSAP:f9b36920-5658-43fc-9e15-6ba3807d6fd3:fresnocountyca.gov", "DisclID": "fresnocountyca.gov", "CountyLocalID": null, "GERS_ID": "f9b36920-5658-43fc-9e15-6ba3807d6fd3", "ConflationStatus": "OVERTURE_ONLY", "Source": "OVERTURE_MAPS", "HNO": "4148", "PRD": null, "STN": "W PRINCETON AVE", "STS": null, "Unit": null, "CommunityName": "FRESNO", "County": "FRESNO", "State": "CA", "PostCode": "93722", "SpatialOffsetMeters": null}}, {"type": "Feature", "geometry": {"type": "Point", "coordinates": [-119.865261, 36.7756585]}, "properties": {"SSAP_NGUID": "urn:emergency:uid:gis:SSAP:c599954c-68d1-49ad-a621-a439d145afee:fresnocountyca.gov", "DisclID": "fresnocountyca.gov", "CountyLocalID": null, "GERS_ID": "c599954c-68d1-49ad-a621-a439d145afee", "ConflationStatus": "OVERTURE_ONLY", "Source": "OVERTURE_MAPS", "HNO": "4127", "PRD": null, "STN": "W MICHIGAN AVE", "STS": null, "Unit": null, "CommunityName": "FRESNO", "County": "FRESNO", "State": "CA", "PostCode": "93722", "SpatialOffsetMeters": null}}, {"type": "Feature", "geometry": {"type": "Point", "coordinates": [-119.8647108, 36.7753844]}, "properties": {"SSAP_NGUID": "urn:emergency:uid:gis:SSAP:4a555439-b4f8-4488-8576-c9e3e6995b47:fresnocountyca.gov", "DisclID": "fresnocountyca.gov", "CountyLocalID": null, "GERS_ID": "4a555439-b4f8-4488-8576-c9e3e6995b47", "ConflationStatus": "OVERTURE_ONLY", "Source": "OVERTURE_MAPS", "HNO": "4106", "PRD": null, "STN": "W PRINCETON AVE", "STS": null, "Unit": null, "CommunityName": "FRESNO", "County": "FRESNO", "State": "CA", "PostCode": "93722", "SpatialOffsetMeters": null}}, {"type": "Feature", "geometry": {"type": "Point", "coordinates": [-119.8637416, 36.7756677]}, "properties": {"SSAP_NGUID": "urn:emergency:uid:gis:SSAP:af8ec971-f49a-42ae-b434-168739ba089c:fresnocountyca.gov", "DisclID": "fresnocountyca.gov", "CountyLocalID": null, "GERS_ID": "af8ec971-f49a-42ae-b434-168739ba089c", "ConflationStatus": "OVERTURE_ONLY", "Source": "OVERTURE_MAPS", "HNO": "4059", "PRD": null, "STN": "W MICHIGAN AVE", "STS": null, "Unit": null, "CommunityName": "FRESNO", "County": "FRESNO", "State": "CA", "PostCode": "93722", "SpatialOffsetMeters": null}}, {"type": "Feature", "geometry": {"type": "Point", "coordinates": [-119.8644549, 36.77608]}, "properties": {"SSAP_NGUID": "urn:emergency:uid:gis:SSAP:2883e51e-9785-480e-98ae-14f298a4c602:fresnocountyca.gov", "DisclID": "fresnocountyca.gov", "CountyLocalID": null, "GERS_ID": "2883e51e-9785-480e-98ae-14f298a4c602", "ConflationStatus": "OVERTURE_ONLY", "Source": "OVERTURE_MAPS", "HNO": "4104", "PRD": null, "STN": "W MICHIGAN AVE", "STS": null, "Unit": null, "CommunityName": "FRESNO", "County": "FRESNO", "State": "CA", "PostCode": "93722", "SpatialOffsetMeters": null}}, {"type": "Feature", "geometry": {"type": "Point", "coordinates": [-119.8648506, 36.7760686]}, "properties": {"SSAP_NGUID": "urn:emergency:uid:gis:SSAP:60266217-19ee-46a7-8152-2228fadf0de1:fresnocountyca.gov", "DisclID": "fresnocountyca.gov", "CountyLocalID": null, "GERS_ID": "60266217-19ee-46a7-8152-2228fadf0de1", "ConflationStatus": "OVERTURE_ONLY", "Source": "OVERTURE_MAPS", "HNO": "4122", "PRD": null, "STN": "W MICHIGAN AVE", "STS": null, "Unit": null, "CommunityName": "FRESNO", "County": "FRESNO", "State": "CA", "PostCode": "93722", "SpatialOffsetMeters": null}}, {"type": "Feature", "geometry": {"type": "Point", "coordinates": [-119.8660749, 36.7760761]}, "properties": {"SSAP_NGUID": "urn:emergency:uid:gis:SSAP:a5a30b32-3511-4f78-81b9-c5271780bd79:fresnocountyca.gov", "DisclID": "fresnocountyca.gov", "CountyLocalID": null, "GERS_ID": "a5a30b32-3511-4f78-81b9-c5271780bd79", "ConflationStatus": "OVERTURE_ONLY", "Source": "OVERTURE_MAPS", "HNO": "4176", "PRD": null, "STN": "W MICHIGAN AVE", "STS": null, "Unit": null, "CommunityName": "FRESNO", "County": "FRESNO", "State": "CA", "PostCode": "93722", "SpatialOffsetMeters": null}}, {"type": "Feature", "geometry": {"type": "Point", "coordinates": [-119.8669792, 36.7762334]}, "properties": {"SSAP_NGUID": "urn:emergency:uid:gis:SSAP:324a0105-15b8-442b-a396-c9a1600be406:fresnocountyca.gov", "DisclID": "fresnocountyca.gov", "CountyLocalID": null, "GERS_ID": "324a0105-15b8-442b-a396-c9a1600be406", "ConflationStatus": "OVERTURE_ONLY", "Source": "OVERTURE_MAPS", "HNO": "2640", "PRD": null, "STN": "N BRUNSWICK AVE", "STS": null, "Unit": null, "CommunityName": "FRESNO", "County": "FRESNO", "State": "CA", "PostCode": "93722", "SpatialOffsetMeters": null}}, {"type": "Feature", "geometry": {"type": "Point", "coordinates": [-119.8669824, 36.7760737]}, "properties": {"SSAP_NGUID": "urn:emergency:uid:gis:SSAP:bb6a7df5-7bdd-4ab9-bd63-f3aa6fcfaea6:fresnocountyca.gov", "DisclID": "fresnocountyca.gov", "CountyLocalID": null, "GERS_ID": "bb6a7df5-7bdd-4ab9-bd63-f3aa6fcfaea6", "ConflationStatus": "OVERTURE_ONLY", "Source": "OVERTURE_MAPS", "HNO": "2632", "PRD": null, "STN": "N BRUNSWICK AVE", "STS": null, "Unit": null, "CommunityName": "FRESNO", "County": "FRESNO", "State": "CA", "PostCode": "93722", "SpatialOffsetMeters": null}}, {"type": "Feature", "geometry": {"type": "Point", "coordinates": [-119.8676227, 36.7755121]}, "properties": {"SSAP_NGUID": "urn:emergency:uid:gis:SSAP:84abc740-da49-4e90-8d23-2d9241e75012:fresnocountyca.gov", "DisclID": "fresnocountyca.gov", "CountyLocalID": null, "GERS_ID": "84abc740-da49-4e90-8d23-2d9241e75012", "ConflationStatus": "OVERTURE_ONLY", "Source": "OVERTURE_MAPS", "HNO": "4241", "PRD": null, "STN": "W MICHIGAN AVE", "STS": null, "Unit": null, "CommunityName": "FRESNO", "County": "FRESNO", "State": "CA", "PostCode": "93722", "SpatialOffsetMeters": null}}, {"type": "Feature", "geometry": {"type": "Point", "coordinates": [-119.8695483, 36.775504]}, "properties": {"SSAP_NGUID": "urn:emergency:uid:gis:SSAP:90fc1ee1-ed80-48de-a28c-e03a77a71ef2:fresnocountyca.gov", "DisclID": "fresnocountyca.gov", "CountyLocalID": null, "GERS_ID": "90fc1ee1-ed80-48de-a28c-e03a77a71ef2", "ConflationStatus": "OVERTURE_ONLY", "Source": "OVERTURE_MAPS", "HNO": "4323", "PRD": null, "STN": "W MICHIGAN AVE", "STS": null, "Unit": null, "CommunityName": "FRESNO", "County": "FRESNO", "State": "CA", "PostCode": "93722", "SpatialOffsetMeters": null}}, {"type": "Feature", "geometry": {"type": "Point", "coordinates": [-119.868632, 36.7762073]}, "properties": {"SSAP_NGUID": "urn:emergency:uid:gis:SSAP:d20f2dd6-5319-45ce-8ebe-ce0a2662b0cd:fresnocountyca.gov", "DisclID": "fresnocountyca.gov", "CountyLocalID": null, "GERS_ID": "d20f2dd6-5319-45ce-8ebe-ce0a2662b0cd", "ConflationStatus": "OVERTURE_ONLY", "Source": "OVERTURE_MAPS", "HNO": "4279", "PRD": null, "STN": "W AMHERST AVE", "STS": null, "Unit": null, "CommunityName": "FRESNO", "County": "FRESNO", "State": "CA", "PostCode": "93722", "SpatialOffsetMeters": null}}, {"type": "Feature", "geometry": {"type": "Point", "coordinates": [-119.8703926, 36.7762252]}, "properties": {"SSAP_NGUID": "urn:emergency:uid:gis:SSAP:6e58b60b-2723-408c-adf0-ecf93380e40e:fresnocountyca.gov", "DisclID": "fresnocountyca.gov", "CountyLocalID": null, "GERS_ID": "6e58b60b-2723-408c-adf0-ecf93380e40e", "ConflationStatus": "OVERTURE_ONLY", "Source": "OVERTURE_MAPS", "HNO": "2640", "PRD": null, "STN": "N PIMA AVE", "STS": null, "Unit": null, "CommunityName": "FRESNO", "County": "FRESNO", "State": "CA", "PostCode": "93722", "SpatialOffsetMeters": null}}, {"type": "Feature", "geometry": {"type": "Point", "coordinates": [-119.8709115, 36.7764395]}, "properties": {"SSAP_NGUID": "urn:emergency:uid:gis:SSAP:cbd72f7f-1ad6-468f-86e8-106047745522:fresnocountyca.gov", "DisclID": "fresnocountyca.gov", "CountyLocalID": null, "GERS_ID": "cbd72f7f-1ad6-468f-86e8-106047745522", "ConflationStatus": "OVERTURE_ONLY", "Source": "OVERTURE_MAPS", "HNO": "2649", "PRD": null, "STN": "N PIMA AVE", "STS": null, "Unit": null, "CommunityName": "FRESNO", "County": "FRESNO", "State": "CA", "PostCode": "93722", "SpatialOffsetMeters": null}}, {"type": "Feature", "geometry": {"type": "Point", "coordinates": [-119.8709105, 36.7756368]}, "properties": {"SSAP_NGUID": "urn:emergency:uid:gis:SSAP:1402ddde-8538-451f-b7ff-a249406fcc64:fresnocountyca.gov", "DisclID": "fresnocountyca.gov", "CountyLocalID": null, "GERS_ID": "1402ddde-8538-451f-b7ff-a249406fcc64", "ConflationStatus": "OVERTURE_ONLY", "Source": "OVERTURE_MAPS", "HNO": "2609", "PRD": null, "STN": "N PIMA AVE", "STS": null, "Unit": null, "CommunityName": "FRESNO", "County": "FRESNO", "State": "CA", "PostCode": "93722", "SpatialOffsetMeters": null}}, {"type": "Feature", "geometry": {"type": "Point", "coordinates": [-119.870043, 36.7752342]}, "properties": {"SSAP_NGUID": "urn:emergency:uid:gis:SSAP:847e85d2-425c-4b11-b9a4-afa245b3e7d7:fresnocountyca.gov", "DisclID": "fresnocountyca.gov", "CountyLocalID": null, "GERS_ID": "847e85d2-425c-4b11-b9a4-afa245b3e7d7", "ConflationStatus": "OVERTURE_ONLY", "Source": "OVERTURE_MAPS", "HNO": "4344", "PRD": null, "STN": "W PRINCETON AVE", "STS": null, "Unit": null, "CommunityName": "FRESNO", "County": "FRESNO", "State": "CA", "PostCode": "93722", "SpatialOffsetMeters": null}}, {"type": "Feature", "geometry": {"type": "Point", "coordinates": [-119.8708991, 36.7747664]}, "properties": {"SSAP_NGUID": "urn:emergency:uid:gis:SSAP:292461a9-bda2-4f9f-bb01-8e37c47bac0a:fresnocountyca.gov", "DisclID": "fresnocountyca.gov", "CountyLocalID": null, "GERS_ID": "292461a9-bda2-4f9f-bb01-8e37c47bac0a", "ConflationStatus": "OVERTURE_ONLY", "Source": "OVERTURE_MAPS", "HNO": "2561", "PRD": null, "STN": "N PIMA AVE", "STS": null, "Unit": null, "CommunityName": "FRESNO", "County": "FRESNO", "State": "CA", "PostCode": "93722", "SpatialOffsetMeters": null}}, {"type": "Feature", "geometry": {"type": "Point", "coordinates": [-119.8723362, 36.7752071]}, "properties": {"SSAP_NGUID": "urn:emergency:uid:gis:SSAP:047eb8b5-27be-4ec1-8414-67024816d50c:fresnocountyca.gov", "DisclID": "fresnocountyca.gov", "CountyLocalID": null, "GERS_ID": "047eb8b5-27be-4ec1-8414-67024816d50c", "ConflationStatus": "OVERTURE_ONLY", "Source": "OVERTURE_MAPS", "HNO": "4443", "PRD": null, "STN": "W PRINCETON AVE", "STS": null, "Unit": null, "CommunityName": "FRESNO", "County": "FRESNO", "State": "CA", "PostCode": "93722", "SpatialOffsetMeters": null}}, {"type": "Feature", "geometry": {"type": "Point", "coordinates": [-119.8720866, 36.7745206]}, "properties": {"SSAP_NGUID": "urn:emergency:uid:gis:SSAP:45a1c42e-f11d-400a-bdd2-9c60f99b2dbf:fresnocountyca.gov", "DisclID": "fresnocountyca.gov", "CountyLocalID": null, "GERS_ID": "45a1c42e-f11d-400a-bdd2-9c60f99b2dbf", "ConflationStatus": "OVERTURE_ONLY", "Source": "OVERTURE_MAPS", "HNO": "4435", "PRD": null, "STN": "W BROWN AVE", "STS": null, "Unit": null, "CommunityName": "FRESNO", "County": "FRESNO", "State": "CA", "PostCode": "93722", "SpatialOffsetMeters": null}}, {"type": "Feature", "geometry": {"type": "Point", "coordinates": [-119.870898, 36.774461]}, "properties": {"SSAP_NGUID": "urn:emergency:uid:gis:SSAP:4352e173-ac18-49d5-8ede-3bb72359e7ac:fresnocountyca.gov", "DisclID": "fresnocountyca.gov", "CountyLocalID": null, "GERS_ID": "4352e173-ac18-49d5-8ede-3bb72359e7ac", "ConflationStatus": "OVERTURE_ONLY", "Source": "OVERTURE_MAPS", "HNO": "2541", "PRD": null, "STN": "N PIMA AVE", "STS": null, "Unit": null, "CommunityName": "FRESNO", "County": "FRESNO", "State": "CA", "PostCode": "93722", "SpatialOffsetMeters": null}}, {"type": "Feature", "geometry": {"type": "Point", "coordinates": [-119.8703153, 36.7741422]}, "properties": {"SSAP_NGUID": "urn:emergency:uid:gis:SSAP:0477f388-e6cb-49f8-8cf8-81d73a9f76d6:fresnocountyca.gov", "DisclID": "fresnocountyca.gov", "CountyLocalID": null, "GERS_ID": "0477f388-e6cb-49f8-8cf8-81d73a9f76d6", "ConflationStatus": "OVERTURE_ONLY", "Source": "OVERTURE_MAPS", "HNO": "4357", "PRD": null, "STN": "W BROWN AVE", "STS": null, "Unit": null, "CommunityName": "FRESNO", "County": "FRESNO", "State": "CA", "PostCode": "93722", "SpatialOffsetMeters": null}}, {"type": "Feature", "geometry": {"type": "Point", "coordinates": [-119.8689284, 36.774147]}, "properties": {"SSAP_NGUID": "urn:emergency:uid:gis:SSAP:9bdadf93-5c19-424c-90b9-dcded9040411:fresnocountyca.gov", "DisclID": "fresnocountyca.gov", "CountyLocalID": null, "GERS_ID": "9bdadf93-5c19-424c-90b9-dcded9040411", "ConflationStatus": "OVERTURE_ONLY", "Source": "OVERTURE_MAPS", "HNO": "4297", "PRD": null, "STN": "W BROWN AVE", "STS": null, "Unit": null, "CommunityName": "FRESNO", "County": "FRESNO", "State": "CA", "PostCode": "93722", "SpatialOffsetMeters": null}}, {"type": "Feature", "geometry": {"type": "Point", "coordinates": [-119.8682384, 36.7745491]}, "properties": {"SSAP_NGUID": "urn:emergency:uid:gis:SSAP:e7f17965-2260-4b81-b5b1-e52433caf2bf:fresnocountyca.gov", "DisclID": "fresnocountyca.gov", "CountyLocalID": null, "GERS_ID": "e7f17965-2260-4b81-b5b1-e52433caf2bf", "ConflationStatus": "OVERTURE_ONLY", "Source": "OVERTURE_MAPS", "HNO": "4268", "PRD": null, "STN": "W BROWN AVE", "STS": null, "Unit": null, "CommunityName": "FRESNO", "County": "FRESNO", "State": "CA", "PostCode": "93722", "SpatialOffsetMeters": null}}, {"type": "Feature", "geometry": {"type": "Point", "coordinates": [-119.8692073, 36.7748341]}, "properties": {"SSAP_NGUID": "urn:emergency:uid:gis:SSAP:98b6d169-4a71-4aac-8e84-1f80b3d56f07:fresnocountyca.gov", "DisclID": "fresnocountyca.gov", "CountyLocalID": null, "GERS_ID": "98b6d169-4a71-4aac-8e84-1f80b3d56f07", "ConflationStatus": "OVERTURE_ONLY", "Source": "OVERTURE_MAPS", "HNO": "4307", "PRD": null, "STN": "W PRINCETON AVE", "STS": null, "Unit": null, "CommunityName": "FRESNO", "County": "FRESNO", "State": "CA", "PostCode": "93722", "SpatialOffsetMeters": null}}, {"type": "Feature", "geometry": {"type": "Point", "coordinates": [-119.8686618, 36.7752438]}, "properties": {"SSAP_NGUID": "urn:emergency:uid:gis:SSAP:c269da9c-6f50-4d7b-8697-81dcf65a729c:fresnocountyca.gov", "DisclID": "fresnocountyca.gov", "CountyLocalID": null, "GERS_ID": "c269da9c-6f50-4d7b-8697-81dcf65a729c", "ConflationStatus": "OVERTURE_ONLY", "Source": "OVERTURE_MAPS", "HNO": "4284", "PRD": null, "STN": "W PRINCETON AVE", "STS": null, "Unit": null, "CommunityName": "FRESNO", "County": "FRESNO", "State": "CA", "PostCode": "93722", "SpatialOffsetMeters": null}}, {"type": "Feature", "geometry": {"type": "Point", "coordinates": [-119.8679674, 36.7748203]}, "properties": {"SSAP_NGUID": "urn:emergency:uid:gis:SSAP:660431d3-4318-4b0b-aeef-d762a32ed21f:fresnocountyca.gov", "DisclID": "fresnocountyca.gov", "CountyLocalID": null, "GERS_ID": "660431d3-4318-4b0b-aeef-d762a32ed21f", "ConflationStatus": "OVERTURE_ONLY", "Source": "OVERTURE_MAPS", "HNO": "4253", "PRD": null, "STN": "W PRINCETON AVE", "STS": null, "Unit": null, "CommunityName": "FRESNO", "County": "FRESNO", "State": "CA", "PostCode": "93722", "SpatialOffsetMeters": null}}, {"type": "Feature", "geometry": {"type": "Point", "coordinates": [-119.8669456, 36.7750533]}, "properties": {"SSAP_NGUID": "urn:emergency:uid:gis:SSAP:e001474f-2735-415f-aee9-5225b4d6c91d:fresnocountyca.gov", "DisclID": "fresnocountyca.gov", "CountyLocalID": null, "GERS_ID": "e001474f-2735-415f-aee9-5225b4d6c91d", "ConflationStatus": "OVERTURE_ONLY", "Source": "OVERTURE_MAPS", "HNO": "2576", "PRD": null, "STN": "N BRUNSWICK AVE", "STS": null, "Unit": null, "CommunityName": "FRESNO", "County": "FRESNO", "State": "CA", "PostCode": "93722", "SpatialOffsetMeters": null}}, {"type": "Feature", "geometry": {"type": "Point", "coordinates": [-119.866648, 36.7747196]}, "properties": {"SSAP_NGUID": "urn:emergency:uid:gis:SSAP:eea57b43-788e-407c-abe8-bea263a9ee45:fresnocountyca.gov", "DisclID": "fresnocountyca.gov", "CountyLocalID": null, "GERS_ID": "eea57b43-788e-407c-abe8-bea263a9ee45", "ConflationStatus": "OVERTURE_ONLY", "Source": "OVERTURE_MAPS", "HNO": "2557", "PRD": null, "STN": "N HANOVER AVE", "STS": null, "Unit": null, "CommunityName": "FRESNO", "County": "FRESNO", "State": "CA", "PostCode": "93722", "SpatialOffsetMeters": null}}, {"type": "Feature", "geometry": {"type": "Point", "coordinates": [-119.8674245, 36.7745521]}, "properties": {"SSAP_NGUID": "urn:emergency:uid:gis:SSAP:87e5eb43-5140-47ed-b9af-bde700d47934:fresnocountyca.gov", "DisclID": "fresnocountyca.gov", "CountyLocalID": null, "GERS_ID": "87e5eb43-5140-47ed-b9af-bde700d47934", "ConflationStatus": "OVERTURE_ONLY", "Source": "OVERTURE_MAPS", "HNO": "4232", "PRD": null, "STN": "W BROWN AVE", "STS": null, "Unit": null, "CommunityName": "FRESNO", "County": "FRESNO", "State": "CA", "PostCode": "93722", "SpatialOffsetMeters": null}}, {"type": "Feature", "geometry": {"type": "Point", "coordinates": [-119.8666472, 36.7743953]}, "properties": {"SSAP_NGUID": "urn:emergency:uid:gis:SSAP:43d001a6-2874-4dc4-8e35-ad6737bc7d4a:fresnocountyca.gov", "DisclID": "fresnocountyca.gov", "CountyLocalID": null, "GERS_ID": "43d001a6-2874-4dc4-8e35-ad6737bc7d4a", "ConflationStatus": "OVERTURE_ONLY", "Source": "OVERTURE_MAPS", "HNO": "2539", "PRD": null, "STN": "N HANOVER AVE", "STS": null, "Unit": null, "CommunityName": "FRESNO", "County": "FRESNO", "State": "CA", "PostCode": "93722", "SpatialOffsetMeters": null}}, {"type": "Feature", "geometry": {"type": "Point", "coordinates": [-119.8674099, 36.7738637]}, "properties": {"SSAP_NGUID": "urn:emergency:uid:gis:SSAP:cbb55f3a-97c2-4868-8d47-44e9acc5f284:fresnocountyca.gov", "DisclID": "fresnocountyca.gov", "CountyLocalID": null, "GERS_ID": "cbb55f3a-97c2-4868-8d47-44e9acc5f284", "ConflationStatus": "OVERTURE_ONLY", "Source": "OVERTURE_MAPS", "HNO": "4228", "PRD": null, "STN": "W HARVARD AVE", "STS": null, "Unit": null, "CommunityName": "FRESNO", "County": "FRESNO", "State": "CA", "PostCode": "93722", "SpatialOffsetMeters": null}}, {"type": "Feature", "geometry": {"type": "Point", "coordinates": [-119.8675156, 36.7731502]}, "properties": {"SSAP_NGUID": "urn:emergency:uid:gis:SSAP:b1319051-dad5-4acf-8a16-8ad7b341b209:fresnocountyca.gov", "DisclID": "fresnocountyca.gov", "CountyLocalID": null, "GERS_ID": "b1319051-dad5-4acf-8a16-8ad7b341b209", "ConflationStatus": "OVERTURE_ONLY", "Source": "OVERTURE_MAPS", "HNO": "2473", "PRD": null, "STN": "N BRUNSWICK AVE", "STS": null, "Unit": null, "CommunityName": "FRESNO", "County": "FRESNO", "State": "CA", "PostCode": "93722", "SpatialOffsetMeters": null}}, {"type": "Feature", "geometry": {"type": "Point", "coordinates": [-119.8683547, 36.7730331]}, "properties": {"SSAP_NGUID": "urn:emergency:uid:gis:SSAP:349dd414-be34-4e16-8d16-079d15a5e05c:fresnocountyca.gov", "DisclID": "fresnocountyca.gov", "CountyLocalID": null, "GERS_ID": "349dd414-be34-4e16-8d16-079d15a5e05c", "ConflationStatus": "OVERTURE_ONLY", "Source": "OVERTURE_MAPS", "HNO": "2465", "PRD": null, "STN": "N WAPOMA AVE", "STS": null, "Unit": null, "CommunityName": "FRESNO", "County": "FRESNO", "State": "CA", "PostCode": "93722", "SpatialOffsetMeters": null}}, {"type": "Feature", "geometry": {"type": "Point", "coordinates": [-119.8693598, 36.7734449]}, "properties": {"SSAP_NGUID": "urn:emergency:uid:gis:SSAP:4bd56a74-e934-4348-8578-3968a4feec7c:fresnocountyca.gov", "DisclID": "fresnocountyca.gov", "CountyLocalID": null, "GERS_ID": "4bd56a74-e934-4348-8578-3968a4feec7c", "ConflationStatus": "OVERTURE_ONLY", "Source": "OVERTURE_MAPS", "HNO": "4311", "PRD": null, "STN": "W HARVARD AVE", "STS": null, "Unit": null, "CommunityName": "FRESNO", "County": "FRESNO", "State": "CA", "PostCode": "93722", "SpatialOffsetMeters": null}}, {"type": "Feature", "geometry": {"type": "Point", "coordinates": [-119.8691994, 36.7738366]}, "properties": {"SSAP_NGUID": "urn:emergency:uid:gis:SSAP:3b7b5cdc-7631-4070-bd4c-d23144478b05:fresnocountyca.gov", "DisclID": "fresnocountyca.gov", "CountyLocalID": null, "GERS_ID": "3b7b5cdc-7631-4070-bd4c-d23144478b05", "ConflationStatus": "OVERTURE_ONLY", "Source": "OVERTURE_MAPS", "HNO": "4306", "PRD": null, "STN": "W HARVARD AVE", "STS": null, "Unit": null, "CommunityName": "FRESNO", "County": "FRESNO", "State": "CA", "PostCode": "93722", "SpatialOffsetMeters": null}}, {"type": "Feature", "geometry": {"type": "Point", "coordinates": [-119.8708971, 36.7739143]}, "properties": {"SSAP_NGUID": "urn:emergency:uid:gis:SSAP:548534af-c06f-4f0f-ac00-05cd594da9f8:fresnocountyca.gov", "DisclID": "fresnocountyca.gov", "CountyLocalID": null, "GERS_ID": "548534af-c06f-4f0f-ac00-05cd594da9f8", "ConflationStatus": "OVERTURE_ONLY", "Source": "OVERTURE_MAPS", "HNO": "2513", "PRD": null, "STN": "N PIMA AVE", "STS": null, "Unit": null, "CommunityName": "FRESNO", "County": "FRESNO", "State": "CA", "PostCode": "93722", "SpatialOffsetMeters": null}}, {"type": "Feature", "geometry": {"type": "Point", "coordinates": [-119.8720914, 36.7734946]}, "properties": {"SSAP_NGUID": "urn:emergency:uid:gis:SSAP:897a3686-4c63-4887-aa87-181dd071e9f6:fresnocountyca.gov", "DisclID": "fresnocountyca.gov", "CountyLocalID": null, "GERS_ID": "897a3686-4c63-4887-aa87-181dd071e9f6", "ConflationStatus": "OVERTURE_ONLY", "Source": "OVERTURE_MAPS", "HNO": "4424", "PRD": null, "STN": "W TERRACE AVE", "STS": null, "Unit": null, "CommunityName": "FRESNO", "County": "FRESNO", "State": "CA", "PostCode": "93722", "SpatialOffsetMeters": null}}, {"type": "Feature", "geometry": {"type": "Point", "coordinates": [-119.870905, 36.7730716]}, "properties": {"SSAP_NGUID": "urn:emergency:uid:gis:SSAP:9e5e0172-8368-41f4-80d4-8c63bf7b089d:fresnocountyca.gov", "DisclID": "fresnocountyca.gov", "CountyLocalID": null, "GERS_ID": "9e5e0172-8368-41f4-80d4-8c63bf7b089d", "ConflationStatus": "OVERTURE_ONLY", "Source": "OVERTURE_MAPS", "HNO": "2465", "PRD": null, "STN": "N PIMA AVE", "STS": null, "Unit": null, "CommunityName": "FRESNO", "County": "FRESNO", "State": "CA", "PostCode": "93722", "SpatialOffsetMeters": null}}, {"type": "Feature", "geometry": {"type": "Point", "coordinates": [-119.8700424, 36.7728578]}, "properties": {"SSAP_NGUID": "urn:emergency:uid:gis:SSAP:ef53df45-7dca-4b40-80b3-3b5e7b290b96:fresnocountyca.gov", "DisclID": "fresnocountyca.gov", "CountyLocalID": null, "GERS_ID": "ef53df45-7dca-4b40-80b3-3b5e7b290b96", "ConflationStatus": "OVERTURE_ONLY", "Source": "OVERTURE_MAPS", "HNO": "2465", "PRD": null, "STN": "N BENDEL AVE", "STS": null, "Unit": null, "CommunityName": "FRESNO", "County": "FRESNO", "State": "CA", "PostCode": "93722", "SpatialOffsetMeters": null}}, {"type": "Feature", "geometry": {"type": "Point", "coordinates": [-119.8725148, 36.7727943]}, "properties": {"SSAP_NGUID": "urn:emergency:uid:gis:SSAP:4ef7d992-39a4-4c93-9b46-49ecdf1c6ec1:fresnocountyca.gov", "DisclID": "fresnocountyca.gov", "CountyLocalID": null, "GERS_ID": "4ef7d992-39a4-4c93-9b46-49ecdf1c6ec1", "ConflationStatus": "OVERTURE_ONLY", "Source": "OVERTURE_MAPS", "HNO": "4448", "PRD": null, "STN": "W PROVIDENCE AVE", "STS": null, "Unit": null, "CommunityName": "FRESNO", "County": "FRESNO", "State": "CA", "PostCode": "93722", "SpatialOffsetMeters": null}}, {"type": "Feature", "geometry": {"type": "Point", "coordinates": [-119.8723974, 36.7719772]}, "properties": {"SSAP_NGUID": "urn:emergency:uid:gis:SSAP:b80181d3-a1f2-405f-9d31-80e5bfeae941:fresnocountyca.gov", "DisclID": "fresnocountyca.gov", "CountyLocalID": null, "GERS_ID": "b80181d3-a1f2-405f-9d31-80e5bfeae941", "ConflationStatus": "OVERTURE_ONLY", "Source": "OVERTURE_MAPS", "HNO": "4444", "PRD": null, "STN": "W CLINTON AVE", "STS": null, "Unit": null, "CommunityName": "FRESNO", "County": "FRESNO", "State": "CA", "PostCode": "93722", "SpatialOffsetMeters": null}}, {"type": "Feature", "geometry": {"type": "Point", "coordinates": [-119.8698053, 36.7721285]}, "properties": {"SSAP_NGUID": "urn:emergency:uid:gis:SSAP:ad251546-da8f-4bbf-b50f-dc6ca35b54ba:fresnocountyca.gov", "DisclID": "fresnocountyca.gov", "CountyLocalID": null, "GERS_ID": "ad251546-da8f-4bbf-b50f-dc6ca35b54ba", "ConflationStatus": "OVERTURE_ONLY", "Source": "OVERTURE_MAPS", "HNO": "4333", "PRD": null, "STN": "W PROVIDENCE AVE", "STS": null, "Unit": null, "CommunityName": "FRESNO", "County": "FRESNO", "State": "CA", "PostCode": "93722", "SpatialOffsetMeters": null}}, {"type": "Feature", "geometry": {"type": "Point", "coordinates": [-119.8692021, 36.7726544]}, "properties": {"SSAP_NGUID": "urn:emergency:uid:gis:SSAP:43d335bc-36cc-4556-b5ab-90af02ea5a03:fresnocountyca.gov", "DisclID": "fresnocountyca.gov", "CountyLocalID": null, "GERS_ID": "43d335bc-36cc-4556-b5ab-90af02ea5a03", "ConflationStatus": "OVERTURE_ONLY", "Source": "OVERTURE_MAPS", "HNO": "2445", "PRD": null, "STN": "N EL CAPITAN AVE", "STS": null, "Unit": null, "CommunityName": "FRESNO", "County": "FRESNO", "State": "CA", "PostCode": "93722", "SpatialOffsetMeters": null}}, {"type": "Feature", "geometry": {"type": "Point", "coordinates": [-119.8678502, 36.7725189]}, "properties": {"SSAP_NGUID": "urn:emergency:uid:gis:SSAP:568f86f5-3a17-4459-9b96-6799eb1e76a3:fresnocountyca.gov", "DisclID": "fresnocountyca.gov", "CountyLocalID": null, "GERS_ID": "568f86f5-3a17-4459-9b96-6799eb1e76a3", "ConflationStatus": "OVERTURE_ONLY", "Source": "OVERTURE_MAPS", "HNO": "2438", "PRD": null, "STN": "N WAPOMA AVE", "STS": null, "Unit": null, "CommunityName": "FRESNO", "County": "FRESNO", "State": "CA", "PostCode": "93722", "SpatialOffsetMeters": null}}, {"type": "Feature", "geometry": {"type": "Point", "coordinates": [-119.8665028, 36.7728393]}, "properties": {"SSAP_NGUID": "urn:emergency:uid:gis:SSAP:984dc184-f3b4-4f7c-9074-feb57a3b8614:fresnocountyca.gov", "DisclID": "fresnocountyca.gov", "CountyLocalID": null, "GERS_ID": "984dc184-f3b4-4f7c-9074-feb57a3b8614", "ConflationStatus": "OVERTURE_ONLY", "Source": "OVERTURE_MAPS", "HNO": "4185", "PRD": null, "STN": "W TERRACE AVE", "STS": null, "Unit": null, "CommunityName": "FRESNO", "County": "FRESNO", "State": "CA", "PostCode": "93722", "SpatialOffsetMeters": null}}, {"type": "Feature", "geometry": {"type": "Point", "coordinates": [-119.8677439, 36.7721368]}, "properties": {"SSAP_NGUID": "urn:emergency:uid:gis:SSAP:e120b726-75b4-4319-9002-8ec00dc3d76b:fresnocountyca.gov", "DisclID": "fresnocountyca.gov", "CountyLocalID": null, "GERS_ID": "e120b726-75b4-4319-9002-8ec00dc3d76b", "ConflationStatus": "OVERTURE_ONLY", "Source": "OVERTURE_MAPS", "HNO": "4243", "PRD": null, "STN": "W PROVIDENCE AVE", "STS": null, "Unit": null, "CommunityName": "FRESNO", "County": "FRESNO", "State": "CA", "PostCode": "93722", "SpatialOffsetMeters": null}}, {"type": "Feature", "geometry": {"type": "Point", "coordinates": [-119.8648018, 36.7721623]}, "properties": {"SSAP_NGUID": "urn:emergency:uid:gis:SSAP:eca6e8b0-dbcf-4aec-9ac8-f97e168039f7:fresnocountyca.gov", "DisclID": "fresnocountyca.gov", "CountyLocalID": null, "GERS_ID": "eca6e8b0-dbcf-4aec-9ac8-f97e168039f7", "ConflationStatus": "OVERTURE_ONLY", "Source": "OVERTURE_MAPS", "HNO": "4113", "PRD": null, "STN": "W PROVIDENCE AVE", "STS": null, "Unit": null, "CommunityName": "FRESNO", "County": "FRESNO", "State": "CA", "PostCode": "93722", "SpatialOffsetMeters": null}}, {"type": "Feature", "geometry": {"type": "Point", "coordinates": [-119.8644062, 36.7725716]}, "properties": {"SSAP_NGUID": "urn:emergency:uid:gis:SSAP:9858cb7e-d951-4aa2-a992-929efdad6f18:fresnocountyca.gov", "DisclID": "fresnocountyca.gov", "CountyLocalID": null, "GERS_ID": "9858cb7e-d951-4aa2-a992-929efdad6f18", "ConflationStatus": "OVERTURE_ONLY", "Source": "OVERTURE_MAPS", "HNO": "4094", "PRD": null, "STN": "W PROVIDENCE AVE", "STS": null, "Unit": null, "CommunityName": "FRESNO", "County": "FRESNO", "State": "CA", "PostCode": "93722", "SpatialOffsetMeters": null}}, {"type": "Feature", "geometry": {"type": "Point", "coordinates": [-119.8637842, 36.7728625]}, "properties": {"SSAP_NGUID": "urn:emergency:uid:gis:SSAP:5dca9bd2-3788-4d43-be1a-68d618a3d8a1:fresnocountyca.gov", "DisclID": "fresnocountyca.gov", "CountyLocalID": null, "GERS_ID": "5dca9bd2-3788-4d43-be1a-68d618a3d8a1", "ConflationStatus": "OVERTURE_ONLY", "Source": "OVERTURE_MAPS", "HNO": "4067", "PRD": null, "STN": "W TERRACE AVE", "STS": null, "Unit": null, "CommunityName": "FRESNO", "County": "FRESNO", "State": "CA", "PostCode": "93722", "SpatialOffsetMeters": null}}, {"type": "Feature", "geometry": {"type": "Point", "coordinates": [-119.8652163, 36.7725758]}, "properties": {"SSAP_NGUID": "urn:emergency:uid:gis:SSAP:c4b7d976-01aa-402a-87b9-eaae3857f639:fresnocountyca.gov", "DisclID": "fresnocountyca.gov", "CountyLocalID": null, "GERS_ID": "c4b7d976-01aa-402a-87b9-eaae3857f639", "ConflationStatus": "OVERTURE_ONLY", "Source": "OVERTURE_MAPS", "HNO": "4130", "PRD": null, "STN": "W PROVIDENCE AVE", "STS": null, "Unit": null, "CommunityName": "FRESNO", "County": "FRESNO", "State": "CA", "PostCode": "93722", "SpatialOffsetMeters": null}}, {"type": "Feature", "geometry": {"type": "Point", "coordinates": [-119.8648595, 36.7732618]}, "properties": {"SSAP_NGUID": "urn:emergency:uid:gis:SSAP:4ee8f5c5-e0e2-467e-8033-5fc1d1ed90fb:fresnocountyca.gov", "DisclID": "fresnocountyca.gov", "CountyLocalID": null, "GERS_ID": "4ee8f5c5-e0e2-467e-8033-5fc1d1ed90fb", "ConflationStatus": "OVERTURE_ONLY", "Source": "OVERTURE_MAPS", "HNO": "4114", "PRD": null, "STN": "W TERRACE AVE", "STS": null, "Unit": null, "CommunityName": "FRESNO", "County": "FRESNO", "State": "CA", "PostCode": "93722", "SpatialOffsetMeters": null}}, {"type": "Feature", "geometry": {"type": "Point", "coordinates": [-119.8659788, 36.7739594]}, "properties": {"SSAP_NGUID": "urn:emergency:uid:gis:SSAP:89168d41-16b3-40fa-a216-5ebc1312794a:fresnocountyca.gov", "DisclID": "fresnocountyca.gov", "CountyLocalID": null, "GERS_ID": "89168d41-16b3-40fa-a216-5ebc1312794a", "ConflationStatus": "OVERTURE_ONLY", "Source": "OVERTURE_MAPS", "HNO": "4160", "PRD": null, "STN": "W HARVARD AVE", "STS": null, "Unit": null, "CommunityName": "FRESNO", "County": "FRESNO", "State": "CA", "PostCode": "93722", "SpatialOffsetMeters": null}}, {"type": "Feature", "geometry": {"type": "Point", "coordinates": [-119.8646659, 36.7735604]}, "properties": {"SSAP_NGUID": "urn:emergency:uid:gis:SSAP:ad64d890-338e-4ac8-a0e8-bf1cddb5fe47:fresnocountyca.gov", "DisclID": "fresnocountyca.gov", "CountyLocalID": null, "GERS_ID": "ad64d890-338e-4ac8-a0e8-bf1cddb5fe47", "ConflationStatus": "OVERTURE_ONLY", "Source": "OVERTURE_MAPS", "HNO": "4109", "PRD": null, "STN": "W HARVARD AVE", "STS": null, "Unit": null, "CommunityName": "FRESNO", "County": "FRESNO", "State": "CA", "PostCode": "93722", "SpatialOffsetMeters": null}}, {"type": "Feature", "geometry": {"type": "Point", "coordinates": [-119.8635669, 36.77356]}, "properties": {"SSAP_NGUID": "urn:emergency:uid:gis:SSAP:54d88287-ac76-462e-8490-4e98cd62548b:fresnocountyca.gov", "DisclID": "fresnocountyca.gov", "CountyLocalID": null, "GERS_ID": "54d88287-ac76-462e-8490-4e98cd62548b", "ConflationStatus": "OVERTURE_ONLY", "Source": "OVERTURE_MAPS", "HNO": "2490", "PRD": null, "STN": "N BERLIN AVE", "STS": null, "Unit": null, "CommunityName": "FRESNO", "County": "FRESNO", "State": "CA", "PostCode": "93722", "SpatialOffsetMeters": null}}, {"type": "Feature", "geometry": {"type": "Point", "coordinates": [-119.8627129, 36.7729696]}, "properties": {"SSAP_NGUID": "urn:emergency:uid:gis:SSAP:18fb2487-be70-4ce7-b94f-fb214dea2a8e:fresnocountyca.gov", "DisclID": "fresnocountyca.gov", "CountyLocalID": null, "GERS_ID": "18fb2487-be70-4ce7-b94f-fb214dea2a8e", "ConflationStatus": "OVERTURE_ONLY", "Source": "OVERTURE_MAPS", "HNO": "2462", "PRD": null, "STN": "N VERNAL AVE", "STS": null, "Unit": null, "CommunityName": "FRESNO", "County": "FRESNO", "State": "CA", "PostCode": "93722", "SpatialOffsetMeters": null}}, {"type": "Feature", "geometry": {"type": "Point", "coordinates": [-119.8617635, 36.7733027]}, "properties": {"SSAP_NGUID": "urn:emergency:uid:gis:SSAP:1a6d79b3-4d8e-40a2-a1aa-850523bc2aad:fresnocountyca.gov", "DisclID": "fresnocountyca.gov", "CountyLocalID": null, "GERS_ID": "1a6d79b3-4d8e-40a2-a1aa-850523bc2aad", "ConflationStatus": "OVERTURE_ONLY", "Source": "OVERTURE_MAPS", "HNO": "2482", "PRD": null, "STN": "N BRAWLEY AVE", "STS": null, "Unit": null, "CommunityName": "FRESNO", "County": "FRESNO", "State": "CA", "PostCode": "93722", "SpatialOffsetMeters": null}}, {"type": "Feature", "geometry": {"type": "Point", "coordinates": [-119.8613339, 36.7739717]}, "properties": {"SSAP_NGUID": "urn:emergency:uid:gis:SSAP:c9ca14eb-79ca-488c-8712-c2670c3521ca:fresnocountyca.gov", "DisclID": "fresnocountyca.gov", "CountyLocalID": null, "GERS_ID": "c9ca14eb-79ca-488c-8712-c2670c3521ca", "ConflationStatus": "OVERTURE_ONLY", "Source": "OVERTURE_MAPS", "HNO": "3762", "PRD": null, "STN": "W HARVARD AVE", "STS": null, "Unit": null, "CommunityName": "FRESNO", "County": "FRESNO", "State": "CA", "PostCode": "93722", "SpatialOffsetMeters": null}}, {"type": "Feature", "geometry": {"type": "Point", "coordinates": [-119.8598122, 36.7734109]}, "properties": {"SSAP_NGUID": "urn:emergency:uid:gis:SSAP:a9053cdc-e68f-46e4-ae63-1fd035a0ddbd:fresnocountyca.gov", "DisclID": "fresnocountyca.gov", "CountyLocalID": null, "GERS_ID": "a9053cdc-e68f-46e4-ae63-1fd035a0ddbd", "ConflationStatus": "OVERTURE_ONLY", "Source": "OVERTURE_MAPS", "HNO": "2489", "PRD": null, "STN": "N KNOLL DR", "STS": null, "Unit": null, "CommunityName": "FRESNO", "County": "FRESNO", "State": "CA", "PostCode": "93722", "SpatialOffsetMeters": null}}, {"type": "Feature", "geometry": {"type": "Point", "coordinates": [-119.8611723, 36.7728313]}, "properties": {"SSAP_NGUID": "urn:emergency:uid:gis:SSAP:84254b91-8353-4c30-9b00-e152b2f99e7d:fresnocountyca.gov", "DisclID": "fresnocountyca.gov", "CountyLocalID": null, "GERS_ID": "84254b91-8353-4c30-9b00-e152b2f99e7d", "ConflationStatus": "OVERTURE_ONLY", "Source": "OVERTURE_MAPS", "HNO": "3756", "PRD": null, "STN": "W CLINTON AVE", "STS": null, "Unit": null, "CommunityName": "FRESNO", "County": "FRESNO", "State": "CA", "PostCode": "93722", "SpatialOffsetMeters": null}}, {"type": "Feature", "geometry": {"type": "Point", "coordinates": [-119.8619733, 36.7721579]}, "properties": {"SSAP_NGUID": "urn:emergency:uid:gis:SSAP:ddde15dc-9004-4ed0-a4a4-de3e65f70351:fresnocountyca.gov", "DisclID": "fresnocountyca.gov", "CountyLocalID": null, "GERS_ID": "ddde15dc-9004-4ed0-a4a4-de3e65f70351", "ConflationStatus": "OVERTURE_ONLY", "Source": "OVERTURE_MAPS", "HNO": "2424", "PRD": null, "STN": "N BRAWLEY AVE", "STS": null, "Unit": null, "CommunityName": "FRESNO", "County": "FRESNO", "State": "CA", "PostCode": "93722", "SpatialOffsetMeters": null}}, {"type": "Feature", "geometry": {"type": "Point", "coordinates": [-119.8627409, 36.7708121]}, "properties": {"SSAP_NGUID": "urn:emergency:uid:gis:SSAP:a08c9cfa-b777-418d-a601-46a4b02901d9:fresnocountyca.gov", "DisclID": "fresnocountyca.gov", "CountyLocalID": null, "GERS_ID": "a08c9cfa-b777-418d-a601-46a4b02901d9", "ConflationStatus": "OVERTURE_ONLY", "Source": "OVERTURE_MAPS", "HNO": "4021", "PRD": null, "STN": "W CLINTON AVE", "STS": null, "Unit": null, "CommunityName": "FRESNO", "County": "FRESNO", "State": "CA", "PostCode": "93722", "SpatialOffsetMeters": null}}, {"type": "Feature", "geometry": {"type": "Point", "coordinates": [-119.865734, 36.7715653]}, "properties": {"SSAP_NGUID": "urn:emergency:uid:gis:SSAP:888e0c22-516b-4252-9e31-e2d2db125a5f:fresnocountyca.gov", "DisclID": "fresnocountyca.gov", "CountyLocalID": null, "GERS_ID": "888e0c22-516b-4252-9e31-e2d2db125a5f", "ConflationStatus": "OVERTURE_ONLY", "Source": "OVERTURE_MAPS", "HNO": "4168", "PRD": null, "STN": "W VASSAR AVE", "STS": null, "Unit": null, "CommunityName": "FRESNO", "County": "FRESNO", "State": "CA", "PostCode": "93722", "SpatialOffsetMeters": null}}, {"type": "Feature", "geometry": {"type": "Point", "coordinates": [-119.8661099, 36.7708537]}, "properties": {"SSAP_NGUID": "urn:emergency:uid:gis:SSAP:b41f5728-22d7-4f9a-bec1-7791e3a72fe6:fresnocountyca.gov", "DisclID": "fresnocountyca.gov", "CountyLocalID": null, "GERS_ID": "b41f5728-22d7-4f9a-bec1-7791e3a72fe6", "ConflationStatus": "OVERTURE_ONLY", "Source": "OVERTURE_MAPS", "HNO": "2344", "PRD": null, "STN": "N HANOVER AVE", "STS": null, "Unit": null, "CommunityName": "FRESNO", "County": "FRESNO", "State": "CA", "PostCode": "93722", "SpatialOffsetMeters": null}}, {"type": "Feature", "geometry": {"type": "Point", "coordinates": [-119.8640383, 36.7708218]}, "properties": {"SSAP_NGUID": "urn:emergency:uid:gis:SSAP:81f7d38c-5849-4e86-b94e-bcd0acf48f0d:fresnocountyca.gov", "DisclID": "fresnocountyca.gov", "CountyLocalID": null, "GERS_ID": "81f7d38c-5849-4e86-b94e-bcd0acf48f0d", "ConflationStatus": "OVERTURE_ONLY", "Source": "OVERTURE_MAPS", "HNO": "4063", "PRD": null, "STN": "W CLINTON AVE", "STS": null, "Unit": null, "CommunityName": "FRESNO", "County": "FRESNO", "State": "CA", "PostCode": "93722", "SpatialOffsetMeters": null}}, {"type": "Feature", "geometry": {"type": "Point", "coordinates": [-119.8660995, 36.7701882]}, "properties": {"SSAP_NGUID": "urn:emergency:uid:gis:SSAP:92316cbd-aff4-4729-91b4-53fad4784f88:fresnocountyca.gov", "DisclID": "fresnocountyca.gov", "CountyLocalID": null, "GERS_ID": "92316cbd-aff4-4729-91b4-53fad4784f88", "ConflationStatus": "OVERTURE_ONLY", "Source": "OVERTURE_MAPS", "HNO": "2308", "PRD": null, "STN": "N HANOVER AVE", "STS": null, "Unit": null, "CommunityName": "FRESNO", "County": "FRESNO", "State": "CA", "PostCode": "93722", "SpatialOffsetMeters": null}}, {"type": "Feature", "geometry": {"type": "Point", "coordinates": [-119.8657441, 36.7698617]}, "properties": {"SSAP_NGUID": "urn:emergency:uid:gis:SSAP:b62013f3-f9f3-4560-aeb1-f0119d9a5ada:fresnocountyca.gov", "DisclID": "fresnocountyca.gov", "CountyLocalID": null, "GERS_ID": "b62013f3-f9f3-4560-aeb1-f0119d9a5ada", "ConflationStatus": "OVERTURE_ONLY", "Source": "OVERTURE_MAPS", "HNO": "2283", "PRD": null, "STN": "N SONORA LN", "STS": null, "Unit": null, "CommunityName": "FRESNO", "County": "FRESNO", "State": "CA", "PostCode": "93722", "SpatialOffsetMeters": null}}, {"type": "Feature", "geometry": {"type": "Point", "coordinates": [-119.8642941, 36.7700113]}, "properties": {"SSAP_NGUID": "urn:emergency:uid:gis:SSAP:a60ef55d-8b78-481b-9fe8-f4e4cb1c7b55:fresnocountyca.gov", "DisclID": "fresnocountyca.gov", "CountyLocalID": null, "GERS_ID": "a60ef55d-8b78-481b-9fe8-f4e4cb1c7b55", "ConflationStatus": "OVERTURE_ONLY", "Source": "OVERTURE_MAPS", "HNO": "2311", "PRD": null, "STN": "N SARATOGA AVE", "STS": null, "Unit": null, "CommunityName": "FRESNO", "County": "FRESNO", "State": "CA", "PostCode": "93722", "SpatialOffsetMeters": null}}, {"type": "Feature", "geometry": {"type": "Point", "coordinates": [-119.8611898, 36.7705916]}, "properties": {"SSAP_NGUID": "urn:emergency:uid:gis:SSAP:e66c7f9e-4ffe-42df-b668-7822a5192115:fresnocountyca.gov", "DisclID": "fresnocountyca.gov", "CountyLocalID": null, "GERS_ID": "e66c7f9e-4ffe-42df-b668-7822a5192115", "ConflationStatus": "OVERTURE_ONLY", "Source": "OVERTURE_MAPS", "HNO": "3861", "PRD": null, "STN": "W CLINTON AVE", "STS": null, "Unit": null, "CommunityName": "FRESNO", "County": "FRESNO", "State": "CA", "PostCode": "93722", "SpatialOffsetMeters": null}}, {"type": "Feature", "geometry": {"type": "Point", "coordinates": [-119.862874, 36.7683949]}, "properties": {"SSAP_NGUID": "urn:emergency:uid:gis:SSAP:cb2167cd-6cd7-41f2-b0cc-65a306c01164:fresnocountyca.gov", "DisclID": "fresnocountyca.gov", "CountyLocalID": null, "GERS_ID": "cb2167cd-6cd7-41f2-b0cc-65a306c01164", "ConflationStatus": "OVERTURE_ONLY", "Source": "OVERTURE_MAPS", "HNO": "4015", "PRD": null, "STN": "W WELDON AVE", "STS": null, "Unit": null, "CommunityName": "FRESNO", "County": "FRESNO", "State": "CA", "PostCode": "93722", "SpatialOffsetMeters": null}}, {"type": "Feature", "geometry": {"type": "Point", "coordinates": [-119.8661717, 36.7672199]}, "properties": {"SSAP_NGUID": "urn:emergency:uid:gis:SSAP:296d20fa-6488-45af-9604-91210a066234:fresnocountyca.gov", "DisclID": "fresnocountyca.gov", "CountyLocalID": null, "GERS_ID": "296d20fa-6488-45af-9604-91210a066234", "ConflationStatus": "OVERTURE_ONLY", "Source": "OVERTURE_MAPS", "HNO": "2151", "PRD": null, "STN": "N SONORA LN", "STS": null, "Unit": null, "CommunityName": "FRESNO", "County": "FRESNO", "State": "CA", "PostCode": "93722", "SpatialOffsetMeters": null}}, {"type": "Feature", "geometry": {"type": "Point", "coordinates": [-119.8657868, 36.7686953]}, "properties": {"SSAP_NGUID": "urn:emergency:uid:gis:SSAP:c9f70f63-7d39-4cbf-9770-f77dd4202737:fresnocountyca.gov", "DisclID": "fresnocountyca.gov", "CountyLocalID": null, "GERS_ID": "c9f70f63-7d39-4cbf-9770-f77dd4202737", "ConflationStatus": "OVERTURE_ONLY", "Source": "OVERTURE_MAPS", "HNO": "2221", "PRD": null, "STN": "N SONORA LN", "STS": null, "Unit": null, "CommunityName": "FRESNO", "County": "FRESNO", "State": "CA", "PostCode": "93722", "SpatialOffsetMeters": null}}, {"type": "Feature", "geometry": {"type": "Point", "coordinates": [-119.8641017, 36.7683832]}, "properties": {"SSAP_NGUID": "urn:emergency:uid:gis:SSAP:1bf1d5b2-1db0-4b43-80b1-48cacf38ab37:fresnocountyca.gov", "DisclID": "fresnocountyca.gov", "CountyLocalID": null, "GERS_ID": "1bf1d5b2-1db0-4b43-80b1-48cacf38ab37", "ConflationStatus": "OVERTURE_ONLY", "Source": "OVERTURE_MAPS", "HNO": "4087", "PRD": null, "STN": "W WELDON AVE", "STS": null, "Unit": null, "CommunityName": "FRESNO", "County": "FRESNO", "State": "CA", "PostCode": "93722", "SpatialOffsetMeters": null}}, {"type": "Feature", "geometry": {"type": "Point", "coordinates": [-119.8640239, 36.7687853]}, "properties": {"SSAP_NGUID": "urn:emergency:uid:gis:SSAP:51b97e89-e983-4003-8dcf-8df64fa7a1ae:fresnocountyca.gov", "DisclID": "fresnocountyca.gov", "CountyLocalID": null, "GERS_ID": "51b97e89-e983-4003-8dcf-8df64fa7a1ae", "ConflationStatus": "OVERTURE_ONLY", "Source": "OVERTURE_MAPS", "HNO": "4080", "PRD": null, "STN": "W WELDON AVE", "STS": null, "Unit": null, "CommunityName": "FRESNO", "County": "FRESNO", "State": "CA", "PostCode": "93722", "SpatialOffsetMeters": null}}, {"type": "Feature", "geometry": {"type": "Point", "coordinates": [-119.8638172, 36.7690951]}, "properties": {"SSAP_NGUID": "urn:emergency:uid:gis:SSAP:c072de8d-f20e-4e52-b048-e45a9830b39e:fresnocountyca.gov", "DisclID": "fresnocountyca.gov", "CountyLocalID": null, "GERS_ID": "c072de8d-f20e-4e52-b048-e45a9830b39e", "ConflationStatus": "OVERTURE_ONLY", "Source": "OVERTURE_MAPS", "HNO": "4067", "PRD": null, "STN": "W CAMBRIDGE AVE", "STS": null, "Unit": null, "CommunityName": "FRESNO", "County": "FRESNO", "State": "CA", "PostCode": "93722", "SpatialOffsetMeters": null}}, {"type": "Feature", "geometry": {"type": "Point", "coordinates": [-119.8657555, 36.7693719]}, "properties": {"SSAP_NGUID": "urn:emergency:uid:gis:SSAP:12c0de93-8c25-4283-a050-e2e4fc9720c5:fresnocountyca.gov", "DisclID": "fresnocountyca.gov", "CountyLocalID": null, "GERS_ID": "12c0de93-8c25-4283-a050-e2e4fc9720c5", "ConflationStatus": "OVERTURE_ONLY", "Source": "OVERTURE_MAPS", "HNO": "2259", "PRD": null, "STN": "N SONORA LN", "STS": null, "Unit": null, "CommunityName": "FRESNO", "County": "FRESNO", "State": "CA", "PostCode": "93722", "SpatialOffsetMeters": null}}, {"type": "Feature", "geometry": {"type": "Point", "coordinates": [-119.8669763, 36.769183]}, "properties": {"SSAP_NGUID": "urn:emergency:uid:gis:SSAP:7777dce8-9c49-477b-abdb-5cf419b961d6:fresnocountyca.gov", "DisclID": "fresnocountyca.gov", "CountyLocalID": null, "GERS_ID": "7777dce8-9c49-477b-abdb-5cf419b961d6", "ConflationStatus": "OVERTURE_ONLY", "Source": "OVERTURE_MAPS", "HNO": "2250", "PRD": null, "STN": "N BRUNSWICK AVE", "STS": null, "Unit": null, "CommunityName": "FRESNO", "County": "FRESNO", "State": "CA", "PostCode": "93722", "SpatialOffsetMeters": null}}, {"type": "Feature", "geometry": {"type": "Point", "coordinates": [-119.868145, 36.7694624]}, "properties": {"SSAP_NGUID": "urn:emergency:uid:gis:SSAP:cbaffd30-78bb-4209-892f-234f8d3847ba:fresnocountyca.gov", "DisclID": "fresnocountyca.gov", "CountyLocalID": null, "GERS_ID": "cbaffd30-78bb-4209-892f-234f8d3847ba", "ConflationStatus": "OVERTURE_ONLY", "Source": "OVERTURE_MAPS", "HNO": "4258", "PRD": null, "STN": "W CAMBRIDGE AVE", "STS": null, "Unit": null, "CommunityName": "FRESNO", "County": "FRESNO", "State": "CA", "PostCode": "93722", "SpatialOffsetMeters": null}}, {"type": "Feature", "geometry": {"type": "Point", "coordinates": [-119.8688591, 36.7690483]}, "properties": {"SSAP_NGUID": "urn:emergency:uid:gis:SSAP:39883410-7558-48b2-b28c-15a4aac218de:fresnocountyca.gov", "DisclID": "fresnocountyca.gov", "CountyLocalID": null, "GERS_ID": "39883410-7558-48b2-b28c-15a4aac218de", "ConflationStatus": "OVERTURE_ONLY", "Source": "OVERTURE_MAPS", "HNO": "4295", "PRD": null, "STN": "W CAMBRIDGE AVE", "STS": null, "Unit": null, "CommunityName": "FRESNO", "County": "FRESNO", "State": "CA", "PostCode": "93722", "SpatialOffsetMeters": null}}, {"type": "Feature", "geometry": {"type": "Point", "coordinates": [-119.8682917, 36.7690416]}, "properties": {"SSAP_NGUID": "urn:emergency:uid:gis:SSAP:b5d34992-bd6c-4cd0-9837-c04c9ed37d3f:fresnocountyca.gov", "DisclID": "fresnocountyca.gov", "CountyLocalID": null, "GERS_ID": "b5d34992-bd6c-4cd0-9837-c04c9ed37d3f", "ConflationStatus": "OVERTURE_ONLY", "Source": "OVERTURE_MAPS", "HNO": "4267", "PRD": null, "STN": "W CAMBRIDGE AVE", "STS": null, "Unit": null, "CommunityName": "FRESNO", "County": "FRESNO", "State": "CA", "PostCode": "93722", "SpatialOffsetMeters": null}}, {"type": "Feature", "geometry": {"type": "Point", "coordinates": [-119.8695906, 36.7687626]}, "properties": {"SSAP_NGUID": "urn:emergency:uid:gis:SSAP:edc32132-59ad-4011-bb4b-83f1efbde6b0:fresnocountyca.gov", "DisclID": "fresnocountyca.gov", "CountyLocalID": null, "GERS_ID": "edc32132-59ad-4011-bb4b-83f1efbde6b0", "ConflationStatus": "OVERTURE_ONLY", "Source": "OVERTURE_MAPS", "HNO": "4330", "PRD": null, "STN": "W WELDON AVE", "STS": null, "Unit": null, "CommunityName": "FRESNO", "County": "FRESNO", "State": "CA", "PostCode": "93722", "SpatialOffsetMeters": null}}, {"type": "Feature", "geometry": {"type": "Point", "coordinates": [-119.8684562, 36.768346]}, "properties": {"SSAP_NGUID": "urn:emergency:uid:gis:SSAP:828980be-b280-4287-804a-18da2a6f0a11:fresnocountyca.gov", "DisclID": "fresnocountyca.gov", "CountyLocalID": null, "GERS_ID": "828980be-b280-4287-804a-18da2a6f0a11", "ConflationStatus": "OVERTURE_ONLY", "Source": "OVERTURE_MAPS", "HNO": "4275", "PRD": null, "STN": "W WELDON AVE", "STS": null, "Unit": null, "CommunityName": "FRESNO", "County": "FRESNO", "State": "CA", "PostCode": "93722", "SpatialOffsetMeters": null}}, {"type": "Feature", "geometry": {"type": "Point", "coordinates": [-119.8678524, 36.7687682]}, "properties": {"SSAP_NGUID": "urn:emergency:uid:gis:SSAP:c03ce712-2dfd-4a59-8c5b-5a54704ae745:fresnocountyca.gov", "DisclID": "fresnocountyca.gov", "CountyLocalID": null, "GERS_ID": "c03ce712-2dfd-4a59-8c5b-5a54704ae745", "ConflationStatus": "OVERTURE_ONLY", "Source": "OVERTURE_MAPS", "HNO": "4246", "PRD": null, "STN": "W WELDON AVE", "STS": null, "Unit": null, "CommunityName": "FRESNO", "County": "FRESNO", "State": "CA", "PostCode": "93722", "SpatialOffsetMeters": null}}, {"type": "Feature", "geometry": {"type": "Point", "coordinates": [-119.8664928, 36.7683285]}, "properties": {"SSAP_NGUID": "urn:emergency:uid:gis:SSAP:58587d82-3fce-46c7-b64e-575d1e5dc75f:fresnocountyca.gov", "DisclID": "fresnocountyca.gov", "CountyLocalID": null, "GERS_ID": "58587d82-3fce-46c7-b64e-575d1e5dc75f", "ConflationStatus": "OVERTURE_ONLY", "Source": "OVERTURE_MAPS", "HNO": "4187", "PRD": null, "STN": "W WELDON AVE", "STS": null, "Unit": null, "CommunityName": "FRESNO", "County": "FRESNO", "State": "CA", "PostCode": "93722", "SpatialOffsetMeters": null}}, {"type": "Feature", "geometry": {"type": "Point", "coordinates": [-119.8722231, 36.7687165]}, "properties": {"SSAP_NGUID": "urn:emergency:uid:gis:SSAP:78249776-2a91-482f-b79e-2524460b05c7:fresnocountyca.gov", "DisclID": "fresnocountyca.gov", "CountyLocalID": null, "GERS_ID": "78249776-2a91-482f-b79e-2524460b05c7", "ConflationStatus": "OVERTURE_ONLY", "Source": "OVERTURE_MAPS", "HNO": "2229", "PRD": null, "STN": "N MITRE AVE", "STS": null, "Unit": null, "CommunityName": "FRESNO", "County": "FRESNO", "State": "CA", "PostCode": "93722", "SpatialOffsetMeters": null}}, {"type": "Feature", "geometry": {"type": "Point", "coordinates": [-119.8704736, 36.7683187]}, "properties": {"SSAP_NGUID": "urn:emergency:uid:gis:SSAP:c7bfbe69-c8ba-4202-b44a-94d69b71413b:fresnocountyca.gov", "DisclID": "fresnocountyca.gov", "CountyLocalID": null, "GERS_ID": "c7bfbe69-c8ba-4202-b44a-94d69b71413b", "ConflationStatus": "OVERTURE_ONLY", "Source": "OVERTURE_MAPS", "HNO": "2202", "PRD": null, "STN": "N PIMA AVE", "STS": null, "Unit": null, "CommunityName": "FRESNO", "County": "FRESNO", "State": "CA", "PostCode": "93722", "SpatialOffsetMeters": null}}, {"type": "Feature", "geometry": {"type": "Point", "coordinates": [-119.8700321, 36.7687582]}, "properties": {"SSAP_NGUID": "urn:emergency:uid:gis:SSAP:2ab17a35-122b-4eb2-bb22-b8c93140fc85:fresnocountyca.gov", "DisclID": "fresnocountyca.gov", "CountyLocalID": null, "GERS_ID": "2ab17a35-122b-4eb2-bb22-b8c93140fc85", "ConflationStatus": "OVERTURE_ONLY", "Source": "OVERTURE_MAPS", "HNO": "4352", "PRD": null, "STN": "W WELDON AVE", "STS": null, "Unit": null, "CommunityName": "FRESNO", "County": "FRESNO", "State": "CA", "PostCode": "93722", "SpatialOffsetMeters": null}}, {"type": "Feature", "geometry": {"type": "Point", "coordinates": [-119.8701741, 36.7690333]}, "properties": {"SSAP_NGUID": "urn:emergency:uid:gis:SSAP:9f919fc6-7cb9-45c2-ad6b-7ef84432c7d5:fresnocountyca.gov", "DisclID": "fresnocountyca.gov", "CountyLocalID": null, "GERS_ID": "9f919fc6-7cb9-45c2-ad6b-7ef84432c7d5", "ConflationStatus": "OVERTURE_ONLY", "Source": "OVERTURE_MAPS", "HNO": "4357", "PRD": null, "STN": "W CAMBRIDGE AVE", "STS": null, "Unit": null, "CommunityName": "FRESNO", "County": "FRESNO", "State": "CA", "PostCode": "93722", "SpatialOffsetMeters": null}}, {"type": "Feature", "geometry": {"type": "Point", "coordinates": [-119.8703185, 36.7694526]}, "properties": {"SSAP_NGUID": "urn:emergency:uid:gis:SSAP:2a019826-c47c-48b6-8445-badc3c355291:fresnocountyca.gov", "DisclID": "fresnocountyca.gov", "CountyLocalID": null, "GERS_ID": "2a019826-c47c-48b6-8445-badc3c355291", "ConflationStatus": "OVERTURE_ONLY", "Source": "OVERTURE_MAPS", "HNO": "4364", "PRD": null, "STN": "W CAMBRIDGE AVE", "STS": null, "Unit": null, "CommunityName": "FRESNO", "County": "FRESNO", "State": "CA", "PostCode": "93722", "SpatialOffsetMeters": null}}, {"type": "Feature", "geometry": {"type": "Point", "coordinates": [-119.8722249, 36.7691994]}, "properties": {"SSAP_NGUID": "urn:emergency:uid:gis:SSAP:1515d37b-2063-497b-9f84-4d90a5e6addb:fresnocountyca.gov", "DisclID": "fresnocountyca.gov", "CountyLocalID": null, "GERS_ID": "1515d37b-2063-497b-9f84-4d90a5e6addb", "ConflationStatus": "OVERTURE_ONLY", "Source": "OVERTURE_MAPS", "HNO": "2255", "PRD": null, "STN": "N MITRE AVE", "STS": null, "Unit": null, "CommunityName": "FRESNO", "County": "FRESNO", "State": "CA", "PostCode": "93722", "SpatialOffsetMeters": null}}, {"type": "Feature", "geometry": {"type": "Point", "coordinates": [-119.8726061, 36.7698715]}, "properties": {"SSAP_NGUID": "urn:emergency:uid:gis:SSAP:fe553512-3cce-461c-89f2-a0553a9207dd:fresnocountyca.gov", "DisclID": "fresnocountyca.gov", "CountyLocalID": null, "GERS_ID": "fe553512-3cce-461c-89f2-a0553a9207dd", "ConflationStatus": "OVERTURE_ONLY", "Source": "OVERTURE_MAPS", "HNO": "4456", "PRD": null, "STN": "W BERKELEY AVE", "STS": null, "Unit": null, "CommunityName": "FRESNO", "County": "FRESNO", "State": "CA", "PostCode": "93722", "SpatialOffsetMeters": null}}, {"type": "Feature", "geometry": {"type": "Point", "coordinates": [-119.8705747, 36.770415]}, "properties": {"SSAP_NGUID": "urn:emergency:uid:gis:SSAP:8b788baa-aa94-4537-9107-0195f41c280b:fresnocountyca.gov", "DisclID": "fresnocountyca.gov", "CountyLocalID": null, "GERS_ID": "8b788baa-aa94-4537-9107-0195f41c280b", "ConflationStatus": "OVERTURE_ONLY", "Source": "OVERTURE_MAPS", "HNO": "4373", "PRD": null, "STN": "W VASSAR AVE", "STS": null, "Unit": null, "CommunityName": "FRESNO", "County": "FRESNO", "State": "CA", "PostCode": "93722", "SpatialOffsetMeters": null}}, {"type": "Feature", "geometry": {"type": "Point", "coordinates": [-119.8696518, 36.7701426]}, "properties": {"SSAP_NGUID": "urn:emergency:uid:gis:SSAP:98794c34-3bf8-4694-9fa2-aaab8ea229fa:fresnocountyca.gov", "DisclID": "fresnocountyca.gov", "CountyLocalID": null, "GERS_ID": "98794c34-3bf8-4694-9fa2-aaab8ea229fa", "ConflationStatus": "OVERTURE_ONLY", "Source": "OVERTURE_MAPS", "HNO": "4332", "PRD": null, "STN": "W YALE AVE", "STS": null, "Unit": null, "CommunityName": "FRESNO", "County": "FRESNO", "State": "CA", "PostCode": "93722", "SpatialOffsetMeters": null}}, {"type": "Feature", "geometry": {"type": "Point", "coordinates": [-119.8697397, 36.7697145]}, "properties": {"SSAP_NGUID": "urn:emergency:uid:gis:SSAP:f35ad69b-5d49-4517-b2bf-1c86dae1f92c:fresnocountyca.gov", "DisclID": "fresnocountyca.gov", "CountyLocalID": null, "GERS_ID": "f35ad69b-5d49-4517-b2bf-1c86dae1f92c", "ConflationStatus": "OVERTURE_ONLY", "Source": "OVERTURE_MAPS", "HNO": "4335", "PRD": null, "STN": "W YALE AVE", "STS": null, "Unit": null, "CommunityName": "FRESNO", "County": "FRESNO", "State": "CA", "PostCode": "93722", "SpatialOffsetMeters": null}}, {"type": "Feature", "geometry": {"type": "Point", "coordinates": [-119.8684372, 36.7697271]}, "properties": {"SSAP_NGUID": "urn:emergency:uid:gis:SSAP:c1487281-d220-450f-bf1b-94a80e376b68:fresnocountyca.gov", "DisclID": "fresnocountyca.gov", "CountyLocalID": null, "GERS_ID": "c1487281-d220-450f-bf1b-94a80e376b68", "ConflationStatus": "OVERTURE_ONLY", "Source": "OVERTURE_MAPS", "HNO": "4271", "PRD": null, "STN": "W YALE AVE", "STS": null, "Unit": null, "CommunityName": "FRESNO", "County": "FRESNO", "State": "CA", "PostCode": "93722", "SpatialOffsetMeters": null}}, {"type": "Feature", "geometry": {"type": "Point", "coordinates": [-119.8669685, 36.7696484]}, "properties": {"SSAP_NGUID": "urn:emergency:uid:gis:SSAP:7fe181e6-6b24-4e60-a6ea-1028711efa0e:fresnocountyca.gov", "DisclID": "fresnocountyca.gov", "CountyLocalID": null, "GERS_ID": "7fe181e6-6b24-4e60-a6ea-1028711efa0e", "ConflationStatus": "OVERTURE_ONLY", "Source": "OVERTURE_MAPS", "HNO": "2278", "PRD": null, "STN": "N BRUNSWICK AVE", "STS": null, "Unit": null, "CommunityName": "FRESNO", "County": "FRESNO", "State": "CA", "PostCode": "93722", "SpatialOffsetMeters": null}}, {"type": "Feature", "geometry": {"type": "Point", "coordinates": [-119.8674941, 36.7700842]}, "properties": {"SSAP_NGUID": "urn:emergency:uid:gis:SSAP:09d2f0da-f9f4-4f34-8c71-d3d6f10a3aa1:fresnocountyca.gov", "DisclID": "fresnocountyca.gov", "CountyLocalID": null, "GERS_ID": "09d2f0da-f9f4-4f34-8c71-d3d6f10a3aa1", "ConflationStatus": "OVERTURE_ONLY", "Source": "OVERTURE_MAPS", "HNO": "2305", "PRD": null, "STN": "N BRUNSWICK AVE", "STS": null, "Unit": null, "CommunityName": "FRESNO", "County": "FRESNO", "State": "CA", "PostCode": "93722", "SpatialOffsetMeters": null}}, {"type": "Feature", "geometry": {"type": "Point", "coordinates": [-119.8674952, 36.7705534]}, "properties": {"SSAP_NGUID": "urn:emergency:uid:gis:SSAP:e55e0a64-c1b3-42e0-a90d-d004bcb8065c:fresnocountyca.gov", "DisclID": "fresnocountyca.gov", "CountyLocalID": null, "GERS_ID": "e55e0a64-c1b3-42e0-a90d-d004bcb8065c", "ConflationStatus": "OVERTURE_ONLY", "Source": "OVERTURE_MAPS", "HNO": "2333", "PRD": null, "STN": "N BRUNSWICK AVE", "STS": null, "Unit": null, "CommunityName": "FRESNO", "County": "FRESNO", "State": "CA", "PostCode": "93722", "SpatialOffsetMeters": null}}, {"type": "Feature", "geometry": {"type": "Point", "coordinates": [-119.8686205, 36.7701408]}, "properties": {"SSAP_NGUID": "urn:emergency:uid:gis:SSAP:5fc679dc-9802-418e-a699-54a0737b3b2c:fresnocountyca.gov", "DisclID": "fresnocountyca.gov", "CountyLocalID": null, "GERS_ID": "5fc679dc-9802-418e-a699-54a0737b3b2c", "ConflationStatus": "OVERTURE_ONLY", "Source": "OVERTURE_MAPS", "HNO": "4282", "PRD": null, "STN": "W YALE AVE", "STS": null, "Unit": null, "CommunityName": "FRESNO", "County": "FRESNO", "State": "CA", "PostCode": "93722", "SpatialOffsetMeters": null}}, {"type": "Feature", "geometry": {"type": "Point", "coordinates": [-119.8688998, 36.7704116]}, "properties": {"SSAP_NGUID": "urn:emergency:uid:gis:SSAP:6bfc8c12-b7b7-40c1-a652-eef73d2d4102:fresnocountyca.gov", "DisclID": "fresnocountyca.gov", "CountyLocalID": null, "GERS_ID": "6bfc8c12-b7b7-40c1-a652-eef73d2d4102", "ConflationStatus": "OVERTURE_ONLY", "Source": "OVERTURE_MAPS", "HNO": "4291", "PRD": null, "STN": "W VASSAR AVE", "STS": null, "Unit": null, "CommunityName": "FRESNO", "County": "FRESNO", "State": "CA", "PostCode": "93722", "SpatialOffsetMeters": null}}, {"type": "Feature", "geometry": {"type": "Point", "coordinates": [-119.8686896, 36.7707896]}, "properties": {"SSAP_NGUID": "urn:emergency:uid:gis:SSAP:e369fd5e-2635-4268-a485-9cb40d22830d:fresnocountyca.gov", "DisclID": "fresnocountyca.gov", "CountyLocalID": null, "GERS_ID": "e369fd5e-2635-4268-a485-9cb40d22830d", "ConflationStatus": "OVERTURE_ONLY", "Source": "OVERTURE_MAPS", "HNO": "2342", "PRD": null, "STN": "N EL CAPITAN AVE", "STS": null, "Unit": null, "CommunityName": "FRESNO", "County": "FRESNO", "State": "CA", "PostCode": "93722", "SpatialOffsetMeters": null}}, {"type": "Feature", "geometry": {"type": "Point", "coordinates": [-119.8669698, 36.7708032]}, "properties": {"SSAP_NGUID": "urn:emergency:uid:gis:SSAP:30021836-0a21-4569-bdb1-c0d206b6827c:fresnocountyca.gov", "DisclID": "fresnocountyca.gov", "CountyLocalID": null, "GERS_ID": "30021836-0a21-4569-bdb1-c0d206b6827c", "ConflationStatus": "OVERTURE_ONLY", "Source": "OVERTURE_MAPS", "HNO": "2348", "PRD": null, "STN": "N BRUNSWICK AVE", "STS": null, "Unit": null, "CommunityName": "FRESNO", "County": "FRESNO", "State": "CA", "PostCode": "93722", "SpatialOffsetMeters": null}}, {"type": "Feature", "geometry": {"type": "Point", "coordinates": [-119.8678346, 36.7714819]}, "properties": {"SSAP_NGUID": "urn:emergency:uid:gis:SSAP:4cf1bef2-3126-456a-be31-6805a393a53c:fresnocountyca.gov", "DisclID": "fresnocountyca.gov", "CountyLocalID": null, "GERS_ID": "4cf1bef2-3126-456a-be31-6805a393a53c", "ConflationStatus": "OVERTURE_ONLY", "Source": "OVERTURE_MAPS", "HNO": "2390", "PRD": null, "STN": "N WAPOMA AVE", "STS": null, "Unit": null, "CommunityName": "FRESNO", "County": "FRESNO", "State": "CA", "PostCode": "93722", "SpatialOffsetMeters": null}}, {"type": "Feature", "geometry": {"type": "Point", "coordinates": [-119.866615, 36.7716202]}, "properties": {"SSAP_NGUID": "urn:emergency:uid:gis:SSAP:0ba561d6-5c9d-4534-98a0-9c0210d00d87:fresnocountyca.gov", "DisclID": "fresnocountyca.gov", "CountyLocalID": null, "GERS_ID": "0ba561d6-5c9d-4534-98a0-9c0210d00d87", "ConflationStatus": "OVERTURE_ONLY", "Source": "OVERTURE_MAPS", "HNO": "4197", "PRD": null, "STN": "W CLINTON AVE", "STS": null, "Unit": null, "CommunityName": "FRESNO", "County": "FRESNO", "State": "CA", "PostCode": "93722", "SpatialOffsetMeters": null}}, {"type": "Feature", "geometry": {"type": "Point", "coordinates": [-119.8693978, 36.7716366]}, "properties": {"SSAP_NGUID": "urn:emergency:uid:gis:SSAP:1a774e80-daf9-4542-b8fc-53c1166a1dd2:fresnocountyca.gov", "DisclID": "fresnocountyca.gov", "CountyLocalID": null, "GERS_ID": "1a774e80-daf9-4542-b8fc-53c1166a1dd2", "ConflationStatus": "OVERTURE_ONLY", "Source": "OVERTURE_MAPS", "HNO": "4331", "PRD": null, "STN": "W CLINTON AVE", "STS": null, "Unit": null, "CommunityName": "FRESNO", "County": "FRESNO", "State": "CA", "PostCode": "93722", "SpatialOffsetMeters": null}}, {"type": "Feature", "geometry": {"type": "Point", "coordinates": [-119.869652, 36.770801]}, "properties": {"SSAP_NGUID": "urn:emergency:uid:gis:SSAP:8edc2f02-ed01-4512-9b66-3ad566f81c7d:fresnocountyca.gov", "DisclID": "fresnocountyca.gov", "CountyLocalID": null, "GERS_ID": "8edc2f02-ed01-4512-9b66-3ad566f81c7d", "ConflationStatus": "OVERTURE_ONLY", "Source": "OVERTURE_MAPS", "HNO": "4330", "PRD": null, "STN": "W VASSAR AVE", "STS": null, "Unit": null, "CommunityName": "FRESNO", "County": "FRESNO", "State": "CA", "PostCode": "93722", "SpatialOffsetMeters": null}}, {"type": "Feature", "geometry": {"type": "Point", "coordinates": [-119.8728068, 36.7706525]}, "properties": {"SSAP_NGUID": "urn:emergency:uid:gis:SSAP:72c7cf27-f75b-4dc3-97af-593628293006:fresnocountyca.gov", "DisclID": "fresnocountyca.gov", "CountyLocalID": null, "GERS_ID": "72c7cf27-f75b-4dc3-97af-593628293006", "ConflationStatus": "OVERTURE_ONLY", "Source": "OVERTURE_MAPS", "HNO": "2342", "PRD": null, "STN": "N CECELIA AVE", "STS": null, "Unit": null, "CommunityName": "FRESNO", "County": "FRESNO", "State": "CA", "PostCode": "93722", "SpatialOffsetMeters": null}}, {"type": "Feature", "geometry": {"type": "Point", "coordinates": [-119.8733815, 36.7713505]}, "properties": {"SSAP_NGUID": "urn:emergency:uid:gis:SSAP:ae2c783d-2120-4efd-841f-f8a9393cddc3:fresnocountyca.gov", "DisclID": "fresnocountyca.gov", "CountyLocalID": null, "GERS_ID": "ae2c783d-2120-4efd-841f-f8a9393cddc3", "ConflationStatus": "OVERTURE_ONLY", "Source": "OVERTURE_MAPS", "HNO": "2383", "PRD": null, "STN": "N CECELIA AVE", "STS": null, "Unit": null, "CommunityName": "FRESNO", "County": "FRESNO", "State": "CA", "PostCode": "93722", "SpatialOffsetMeters": null}}, {"type": "Feature", "geometry": {"type": "Point", "coordinates": [-119.8737372, 36.7715814]}, "properties": {"SSAP_NGUID": "urn:emergency:uid:gis:SSAP:fbf02ae7-7b13-4b98-96ef-8be6faa1af2d:fresnocountyca.gov", "DisclID": "fresnocountyca.gov", "CountyLocalID": null, "GERS_ID": "fbf02ae7-7b13-4b98-96ef-8be6faa1af2d", "ConflationStatus": "OVERTURE_ONLY", "Source": "OVERTURE_MAPS", "HNO": "2398", "PRD": null, "STN": "N KATY LN", "STS": null, "Unit": null, "CommunityName": "FRESNO", "County": "FRESNO", "State": "CA", "PostCode": "93722", "SpatialOffsetMeters": null}}, {"type": "Feature", "geometry": {"type": "Point", "coordinates": [-119.8755476, 36.7713659]}, "properties": {"SSAP_NGUID": "urn:emergency:uid:gis:SSAP:01b1c0fa-cfe7-4433-8510-33131d650d07:fresnocountyca.gov", "DisclID": "fresnocountyca.gov", "CountyLocalID": null, "GERS_ID": "01b1c0fa-cfe7-4433-8510-33131d650d07", "ConflationStatus": "OVERTURE_ONLY", "Source": "OVERTURE_MAPS", "HNO": "2384", "PRD": null, "STN": "N MILBURN AVE", "STS": null, "Unit": null, "CommunityName": "FRESNO", "County": "FRESNO", "State": "CA", "PostCode": "93722", "SpatialOffsetMeters": null}}, {"type": "Feature", "geometry": {"type": "Point", "coordinates": [-119.8752259, 36.77111]}, "properties": {"SSAP_NGUID": "urn:emergency:uid:gis:SSAP:47f2a73f-fb4e-4290-80b1-13815b3e0552:fresnocountyca.gov", "DisclID": "fresnocountyca.gov", "CountyLocalID": null, "GERS_ID": "47f2a73f-fb4e-4290-80b1-13815b3e0552", "ConflationStatus": "OVERTURE_ONLY", "Source": "OVERTURE_MAPS", "HNO": "2361", "PRD": null, "STN": "N BABIGIAN AVE", "STS": null, "Unit": null, "CommunityName": "FRESNO", "County": "FRESNO", "State": "CA", "PostCode": "93722", "SpatialOffsetMeters": null}}, {"type": "Feature", "geometry": {"type": "Point", "coordinates": [-119.8741587, 36.7708379]}, "properties": {"SSAP_NGUID": "urn:emergency:uid:gis:SSAP:52131ae0-ff79-41f6-bc40-c1fdc9a0e9f1:fresnocountyca.gov", "DisclID": "fresnocountyca.gov", "CountyLocalID": null, "GERS_ID": "52131ae0-ff79-41f6-bc40-c1fdc9a0e9f1", "ConflationStatus": "OVERTURE_ONLY", "Source": "OVERTURE_MAPS", "HNO": "2351", "PRD": null, "STN": "N KATY LN", "STS": null, "Unit": null, "CommunityName": "FRESNO", "County": "FRESNO", "State": "CA", "PostCode": "93722", "SpatialOffsetMeters": null}}, {"type": "Feature", "geometry": {"type": "Point", "coordinates": [-119.8733733, 36.7707723]}, "properties": {"SSAP_NGUID": "urn:emergency:uid:gis:SSAP:d5002eac-14e8-4745-b149-ed1c3620b773:fresnocountyca.gov", "DisclID": "fresnocountyca.gov", "CountyLocalID": null, "GERS_ID": "d5002eac-14e8-4745-b149-ed1c3620b773", "ConflationStatus": "OVERTURE_ONLY", "Source": "OVERTURE_MAPS", "HNO": "2347", "PRD": null, "STN": "N CECELIA AVE", "STS": null, "Unit": null, "CommunityName": "FRESNO", "County": "FRESNO", "State": "CA", "PostCode": "93722", "SpatialOffsetMeters": null}}, {"type": "Feature", "geometry": {"type": "Point", "coordinates": [-119.874309, 36.7705637]}, "properties": {"SSAP_NGUID": "urn:emergency:uid:gis:SSAP:42c9d2e4-bb5b-4ffb-b4da-0a49a1e725b9:fresnocountyca.gov", "DisclID": "fresnocountyca.gov", "CountyLocalID": null, "GERS_ID": "42c9d2e4-bb5b-4ffb-b4da-0a49a1e725b9", "ConflationStatus": "OVERTURE_ONLY", "Source": "OVERTURE_MAPS", "HNO": "4512", "PRD": null, "STN": "W YALE AVE", "STS": null, "Unit": null, "CommunityName": "FRESNO", "County": "FRESNO", "State": "CA", "PostCode": "93722", "SpatialOffsetMeters": null}}, {"type": "Feature", "geometry": {"type": "Point", "coordinates": [-119.8736087, 36.7701543]}, "properties": {"SSAP_NGUID": "urn:emergency:uid:gis:SSAP:a1a0a168-12bf-4414-a2d0-8c89c93446d6:fresnocountyca.gov", "DisclID": "fresnocountyca.gov", "CountyLocalID": null, "GERS_ID": "a1a0a168-12bf-4414-a2d0-8c89c93446d6", "ConflationStatus": "OVERTURE_ONLY", "Source": "OVERTURE_MAPS", "HNO": "4495", "PRD": null, "STN": "W YALE AVE", "STS": null, "Unit": null, "CommunityName": "FRESNO", "County": "FRESNO", "State": "CA", "PostCode": "93722", "SpatialOffsetMeters": null}}, {"type": "Feature", "geometry": {"type": "Point", "coordinates": [-119.8742434, 36.769521]}, "properties": {"SSAP_NGUID": "urn:emergency:uid:gis:SSAP:463fd3e8-57bb-4be9-a8c1-07528da2f5e9:fresnocountyca.gov", "DisclID": "fresnocountyca.gov", "CountyLocalID": null, "GERS_ID": "463fd3e8-57bb-4be9-a8c1-07528da2f5e9", "ConflationStatus": "OVERTURE_ONLY", "Source": "OVERTURE_MAPS", "HNO": "2272", "PRD": null, "STN": "N BABIGIAN AVE", "STS": null, "Unit": null, "CommunityName": "FRESNO", "County": "FRESNO", "State": "CA", "PostCode": "93722", "SpatialOffsetMeters": null}}, {"type": "Feature", "geometry": {"type": "Point", "coordinates": [-119.8759424, 36.7698938]}, "properties": {"SSAP_NGUID": "urn:emergency:uid:gis:SSAP:f196376e-7062-47da-9378-246df37766d6:fresnocountyca.gov", "DisclID": "fresnocountyca.gov", "CountyLocalID": null, "GERS_ID": "f196376e-7062-47da-9378-246df37766d6", "ConflationStatus": "OVERTURE_ONLY", "Source": "OVERTURE_MAPS", "HNO": "2797", "PRD": null, "STN": "N MILBURN AVE", "STS": null, "Unit": null, "CommunityName": "FRESNO", "County": "FRESNO", "State": "CA", "PostCode": "93722", "SpatialOffsetMeters": null}}, {"type": "Feature", "geometry": {"type": "Point", "coordinates": [-119.8749022, 36.770141]}, "properties": {"SSAP_NGUID": "urn:emergency:uid:gis:SSAP:6e36a670-43d3-4151-9843-9e0fdc51a6a1:fresnocountyca.gov", "DisclID": "fresnocountyca.gov", "CountyLocalID": null, "GERS_ID": "6e36a670-43d3-4151-9843-9e0fdc51a6a1", "ConflationStatus": "OVERTURE_ONLY", "Source": "OVERTURE_MAPS", "HNO": "4551", "PRD": null, "STN": "W YALE AVE", "STS": null, "Unit": null, "CommunityName": "FRESNO", "County": "FRESNO", "State": "CA", "PostCode": "93722", "SpatialOffsetMeters": null}}, {"type": "Feature", "geometry": {"type": "Point", "coordinates": [-119.875599, 36.7705654]}, "properties": {"SSAP_NGUID": "urn:emergency:uid:gis:SSAP:bc8adc52-6f9e-4e8d-b85b-18638c23bb8e:fresnocountyca.gov", "DisclID": "fresnocountyca.gov", "CountyLocalID": null, "GERS_ID": "bc8adc52-6f9e-4e8d-b85b-18638c23bb8e", "ConflationStatus": "OVERTURE_ONLY", "Source": "OVERTURE_MAPS", "HNO": "4576", "PRD": null, "STN": "W YALE AVE", "STS": null, "Unit": null, "CommunityName": "FRESNO", "County": "FRESNO", "State": "CA", "PostCode": "93722", "SpatialOffsetMeters": null}}, {"type": "Feature", "geometry": {"type": "Point", "coordinates": [-119.8777118, 36.7705138]}, "properties": {"SSAP_NGUID": "urn:emergency:uid:gis:SSAP:e17dafc5-0834-4645-b1dc-e1aee517e6bf:fresnocountyca.gov", "DisclID": "fresnocountyca.gov", "CountyLocalID": null, "GERS_ID": "e17dafc5-0834-4645-b1dc-e1aee517e6bf", "ConflationStatus": "OVERTURE_ONLY", "Source": "OVERTURE_MAPS", "HNO": "4684", "PRD": null, "STN": "W YALE AVE", "STS": null, "Unit": null, "CommunityName": "FRESNO", "County": "FRESNO", "State": "CA", "PostCode": "93722", "SpatialOffsetMeters": null}}, {"type": "Feature", "geometry": {"type": "Point", "coordinates": [-119.8767167, 36.7698422]}, "properties": {"SSAP_NGUID": "urn:emergency:uid:gis:SSAP:b2a368db-ee8b-4df9-a464-1e833140f25a:fresnocountyca.gov", "DisclID": "fresnocountyca.gov", "CountyLocalID": null, "GERS_ID": "b2a368db-ee8b-4df9-a464-1e833140f25a", "ConflationStatus": "OVERTURE_ONLY", "Source": "OVERTURE_MAPS", "HNO": "4634", "PRD": null, "STN": "W BERKELEY AVE", "STS": null, "Unit": null, "CommunityName": "FRESNO", "County": "FRESNO", "State": "CA", "PostCode": "93722", "SpatialOffsetMeters": null}}, {"type": "Feature", "geometry": {"type": "Point", "coordinates": [-119.8785078, 36.7698416]}, "properties": {"SSAP_NGUID": "urn:emergency:uid:gis:SSAP:c1720187-4edd-4d47-a5c5-b69b55620681:fresnocountyca.gov", "DisclID": "fresnocountyca.gov", "CountyLocalID": null, "GERS_ID": "c1720187-4edd-4d47-a5c5-b69b55620681", "ConflationStatus": "OVERTURE_ONLY", "Source": "OVERTURE_MAPS", "HNO": "4726", "PRD": null, "STN": "W BERKELEY AVE", "STS": null, "Unit": null, "CommunityName": "FRESNO", "County": "FRESNO", "State": "CA", "PostCode": "93722", "SpatialOffsetMeters": null}}, {"type": "Feature", "geometry": {"type": "Point", "coordinates": [-119.8785641, 36.7701296]}, "properties": {"SSAP_NGUID": "urn:emergency:uid:gis:SSAP:2a505c61-c18c-4963-a4f0-0348f9f85d2d:fresnocountyca.gov", "DisclID": "fresnocountyca.gov", "CountyLocalID": null, "GERS_ID": "2a505c61-c18c-4963-a4f0-0348f9f85d2d", "ConflationStatus": "OVERTURE_ONLY", "Source": "OVERTURE_MAPS", "HNO": "4725", "PRD": null, "STN": "W YALE AVE", "STS": null, "Unit": null, "CommunityName": "FRESNO", "County": "FRESNO", "State": "CA", "PostCode": "93722", "SpatialOffsetMeters": null}}, {"type": "Feature", "geometry": {"type": "Point", "coordinates": [-119.8790915, 36.770495]}, "properties": {"SSAP_NGUID": "urn:emergency:uid:gis:SSAP:a2a9a4f3-d301-46ab-afaa-887245fb6c65:fresnocountyca.gov", "DisclID": "fresnocountyca.gov", "CountyLocalID": null, "GERS_ID": "a2a9a4f3-d301-46ab-afaa-887245fb6c65", "ConflationStatus": "OVERTURE_ONLY", "Source": "OVERTURE_MAPS", "HNO": "4754", "PRD": null, "STN": "W YALE AVE", "STS": null, "Unit": null, "CommunityName": "FRESNO", "County": "FRESNO", "State": "CA", "PostCode": "93722", "SpatialOffsetMeters": null}}, {"type": "Feature", "geometry": {"type": "Point", "coordinates": [-119.8785595, 36.7712016]}, "properties": {"SSAP_NGUID": "urn:emergency:uid:gis:SSAP:a508ca65-9c09-4689-a194-ed3646837f93:fresnocountyca.gov", "DisclID": "fresnocountyca.gov", "CountyLocalID": null, "GERS_ID": "a508ca65-9c09-4689-a194-ed3646837f93", "ConflationStatus": "OVERTURE_ONLY", "Source": "OVERTURE_MAPS", "HNO": "4722", "PRD": null, "STN": "W VASSAR AVE", "STS": null, "Unit": null, "CommunityName": "FRESNO", "County": "FRESNO", "State": "CA", "PostCode": "93722", "SpatialOffsetMeters": null}}, {"type": "Feature", "geometry": {"type": "Point", "coordinates": [-119.8770711, 36.7708161]}, "properties": {"SSAP_NGUID": "urn:emergency:uid:gis:SSAP:9f9aa31c-fd4a-43f0-9545-7ef06e6fa41b:fresnocountyca.gov", "DisclID": "fresnocountyca.gov", "CountyLocalID": null, "GERS_ID": "9f9aa31c-fd4a-43f0-9545-7ef06e6fa41b", "ConflationStatus": "OVERTURE_ONLY", "Source": "OVERTURE_MAPS", "HNO": "4653", "PRD": null, "STN": "W VASSAR AVE", "STS": null, "Unit": null, "CommunityName": "FRESNO", "County": "FRESNO", "State": "CA", "PostCode": "93722", "SpatialOffsetMeters": null}}, {"type": "Feature", "geometry": {"type": "Point", "coordinates": [-119.8775304, 36.7715033]}, "properties": {"SSAP_NGUID": "urn:emergency:uid:gis:SSAP:97ea683d-66b9-4d8c-adcd-42ba48a9fda7:fresnocountyca.gov", "DisclID": "fresnocountyca.gov", "CountyLocalID": null, "GERS_ID": "97ea683d-66b9-4d8c-adcd-42ba48a9fda7", "ConflationStatus": "OVERTURE_ONLY", "Source": "OVERTURE_MAPS", "HNO": "4673", "PRD": null, "STN": "W CLINTON AVE", "STS": null, "Unit": null, "CommunityName": "FRESNO", "County": "FRESNO", "State": "CA", "PostCode": "93722", "SpatialOffsetMeters": null}}, {"type": "Feature", "geometry": {"type": "Point", "coordinates": [-119.8766663, 36.771502]}, "properties": {"SSAP_NGUID": "urn:emergency:uid:gis:SSAP:37fa65d4-250e-44f1-bb4c-0af4cde38a7e:fresnocountyca.gov", "DisclID": "fresnocountyca.gov", "CountyLocalID": null, "GERS_ID": "37fa65d4-250e-44f1-bb4c-0af4cde38a7e", "ConflationStatus": "OVERTURE_ONLY", "Source": "OVERTURE_MAPS", "HNO": "4633", "PRD": null, "STN": "W CLINTON AVE", "STS": null, "Unit": null, "CommunityName": "FRESNO", "County": "FRESNO", "State": "CA", "PostCode": "93722", "SpatialOffsetMeters": null}}, {"type": "Feature", "geometry": {"type": "Point", "coordinates": [-119.8775937, 36.7716029]}, "properties": {"SSAP_NGUID": "urn:emergency:uid:gis:SSAP:9f8a0a99-778a-4d8a-b024-6e0c47e1e55b:fresnocountyca.gov", "DisclID": "fresnocountyca.gov", "CountyLocalID": null, "GERS_ID": "9f8a0a99-778a-4d8a-b024-6e0c47e1e55b", "ConflationStatus": "OVERTURE_ONLY", "Source": "OVERTURE_MAPS", "HNO": "4673", "PRD": null, "STN": "W CLINTON AVE", "STS": null, "Unit": null, "CommunityName": "FRESNO", "County": "FRESNO", "State": "CA", "PostCode": "93722", "SpatialOffsetMeters": null}}, {"type": "Feature", "geometry": {"type": "Point", "coordinates": [-119.8784627, 36.7714294]}, "properties": {"SSAP_NGUID": "urn:emergency:uid:gis:SSAP:8e327fb3-91bb-4af1-ba12-097af4bd0afa:fresnocountyca.gov", "DisclID": "fresnocountyca.gov", "CountyLocalID": null, "GERS_ID": "8e327fb3-91bb-4af1-ba12-097af4bd0afa", "ConflationStatus": "OVERTURE_ONLY", "Source": "OVERTURE_MAPS", "HNO": "4713", "PRD": null, "STN": "W CLINTON AVE", "STS": null, "Unit": null, "CommunityName": "FRESNO", "County": "FRESNO", "State": "CA", "PostCode": "93722", "SpatialOffsetMeters": null}}, {"type": "Feature", "geometry": {"type": "Point", "coordinates": [-119.8791023, 36.7714799]}, "properties": {"SSAP_NGUID": "urn:emergency:uid:gis:SSAP:13a802d0-6052-40bf-91df-19734427a5fd:fresnocountyca.gov", "DisclID": "fresnocountyca.gov", "CountyLocalID": null, "GERS_ID": "13a802d0-6052-40bf-91df-19734427a5fd", "ConflationStatus": "OVERTURE_ONLY", "Source": "OVERTURE_MAPS", "HNO": "4743", "PRD": null, "STN": "W CLINTON AVE", "STS": null, "Unit": null, "CommunityName": "FRESNO", "County": "FRESNO", "State": "CA", "PostCode": "93722", "SpatialOffsetMeters": null}}, {"type": "Feature", "geometry": {"type": "Point", "coordinates": [-119.8814328, 36.7706696]}, "properties": {"SSAP_NGUID": "urn:emergency:uid:gis:SSAP:6b593237-ac0c-497d-afea-4b63601c6784:fresnocountyca.gov", "DisclID": "fresnocountyca.gov", "CountyLocalID": null, "GERS_ID": "6b593237-ac0c-497d-afea-4b63601c6784", "ConflationStatus": "OVERTURE_ONLY", "Source": "OVERTURE_MAPS", "HNO": "2405", "PRD": null, "STN": "N CORNELIA AVE", "STS": null, "Unit": null, "CommunityName": "FRESNO", "County": "FRESNO", "State": "CA", "PostCode": "93722", "SpatialOffsetMeters": null}}, {"type": "Feature", "geometry": {"type": "Point", "coordinates": [-119.8814182, 36.7702164]}, "properties": {"SSAP_NGUID": "urn:emergency:uid:gis:SSAP:00e3234e-78eb-41e7-a3d7-b75f9122be91:fresnocountyca.gov", "DisclID": "fresnocountyca.gov", "CountyLocalID": null, "GERS_ID": "00e3234e-78eb-41e7-a3d7-b75f9122be91", "ConflationStatus": "OVERTURE_ONLY", "Source": "OVERTURE_MAPS", "HNO": "2303", "PRD": null, "STN": "N CORNELIA AVE", "STS": null, "Unit": null, "CommunityName": "FRESNO", "County": "FRESNO", "State": "CA", "PostCode": "93722", "SpatialOffsetMeters": null}}, {"type": "Feature", "geometry": {"type": "Point", "coordinates": [-119.8814199, 36.7688662]}, "properties": {"SSAP_NGUID": "urn:emergency:uid:gis:SSAP:74dcf02b-9607-42f5-bc50-56c030d7e9ab:fresnocountyca.gov", "DisclID": "fresnocountyca.gov", "CountyLocalID": null, "GERS_ID": "74dcf02b-9607-42f5-bc50-56c030d7e9ab", "ConflationStatus": "OVERTURE_ONLY", "Source": "OVERTURE_MAPS", "HNO": "2287", "PRD": null, "STN": "N CORNELIA AVE", "STS": null, "Unit": null, "CommunityName": "FRESNO", "County": "FRESNO", "State": "CA", "PostCode": "93722", "SpatialOffsetMeters": null}}, {"type": "Feature", "geometry": {"type": "Point", "coordinates": [-119.8837565, 36.7679869]}, "properties": {"SSAP_NGUID": "urn:emergency:uid:gis:SSAP:193b0669-f7c1-42bc-b967-a942060ff3f1:fresnocountyca.gov", "DisclID": "fresnocountyca.gov", "CountyLocalID": null, "GERS_ID": "193b0669-f7c1-42bc-b967-a942060ff3f1", "ConflationStatus": "OVERTURE_ONLY", "Source": "OVERTURE_MAPS", "HNO": "5184", "PRD": null, "STN": "W COTTON AVE", "STS": null, "Unit": null, "CommunityName": "FRESNO", "County": "FRESNO", "State": "CA", "PostCode": "93722", "SpatialOffsetMeters": null}}, {"type": "Feature", "geometry": {"type": "Point", "coordinates": [-119.8849199, 36.7675317]}, "properties": {"SSAP_NGUID": "urn:emergency:uid:gis:SSAP:98523d09-f227-470b-a4d2-2bca2ca52165:fresnocountyca.gov", "DisclID": "fresnocountyca.gov", "CountyLocalID": null, "GERS_ID": "98523d09-f227-470b-a4d2-2bca2ca52165", "ConflationStatus": "OVERTURE_ONLY", "Source": "OVERTURE_MAPS", "HNO": "2157", "PRD": null, "STN": "N BARCUS AVE", "STS": null, "Unit": null, "CommunityName": "FRESNO", "County": "FRESNO", "State": "CA", "PostCode": "93722", "SpatialOffsetMeters": null}}, {"type": "Feature", "geometry": {"type": "Point", "coordinates": [-119.8844159, 36.767422]}, "properties": {"SSAP_NGUID": "urn:emergency:uid:gis:SSAP:5136d03d-c7a9-4be2-88b5-08446f4134ad:fresnocountyca.gov", "DisclID": "fresnocountyca.gov", "CountyLocalID": null, "GERS_ID": "5136d03d-c7a9-4be2-88b5-08446f4134ad", "ConflationStatus": "OVERTURE_ONLY", "Source": "OVERTURE_MAPS", "HNO": "2148", "PRD": null, "STN": "N BARCUS AVE", "STS": null, "Unit": null, "CommunityName": "FRESNO", "County": "FRESNO", "State": "CA", "PostCode": "93722", "SpatialOffsetMeters": null}}, {"type": "Feature", "geometry": {"type": "Point", "coordinates": [-119.8826951, 36.7675479]}, "properties": {"SSAP_NGUID": "urn:emergency:uid:gis:SSAP:2621be83-f5e0-4299-a2cc-53d1a2cf7666:fresnocountyca.gov", "DisclID": "fresnocountyca.gov", "CountyLocalID": null, "GERS_ID": "2621be83-f5e0-4299-a2cc-53d1a2cf7666", "ConflationStatus": "OVERTURE_ONLY", "Source": "OVERTURE_MAPS", "HNO": "2162", "PRD": null, "STN": "N FORESTIERE AVE", "STS": null, "Unit": null, "CommunityName": "FRESNO", "County": "FRESNO", "State": "CA", "PostCode": "93722", "SpatialOffsetMeters": null}}, {"type": "Feature", "geometry": {"type": "Point", "coordinates": [-119.878637, 36.7677141]}, "properties": {"SSAP_NGUID": "urn:emergency:uid:gis:SSAP:af9276e9-4000-4b31-9341-816a00c1df40:fresnocountyca.gov", "DisclID": "fresnocountyca.gov", "CountyLocalID": null, "GERS_ID": "af9276e9-4000-4b31-9341-816a00c1df40", "ConflationStatus": "OVERTURE_ONLY", "Source": "OVERTURE_MAPS", "HNO": "2171", "PRD": null, "STN": "N LODI AVE", "STS": null, "Unit": null, "CommunityName": "FRESNO", "County": "FRESNO", "State": "CA", "PostCode": "93722", "SpatialOffsetMeters": null}}, {"type": "Feature", "geometry": {"type": "Point", "coordinates": [-119.878047, 36.7672473]}, "properties": {"SSAP_NGUID": "urn:emergency:uid:gis:SSAP:7a9fd9e4-e8ec-483c-86cf-a2f2a4aaa722:fresnocountyca.gov", "DisclID": "fresnocountyca.gov", "CountyLocalID": null, "GERS_ID": "7a9fd9e4-e8ec-483c-86cf-a2f2a4aaa722", "ConflationStatus": "OVERTURE_ONLY", "Source": "OVERTURE_MAPS", "HNO": "4707", "PRD": null, "STN": "W NORMAL AVE", "STS": null, "Unit": null, "CommunityName": "FRESNO", "County": "FRESNO", "State": "CA", "PostCode": "93722", "SpatialOffsetMeters": null}}, {"type": "Feature", "geometry": {"type": "Point", "coordinates": [-119.8930935, 36.7616599]}, "properties": {"SSAP_NGUID": "urn:emergency:uid:gis:SSAP:1e6a47e0-4daf-414f-b513-2850b60ff2a7:fresnocountyca.gov", "DisclID": "fresnocountyca.gov", "CountyLocalID": null, "GERS_ID": "1e6a47e0-4daf-414f-b513-2850b60ff2a7", "ConflationStatus": "OVERTURE_ONLY", "Source": "OVERTURE_MAPS", "HNO": "5673", "PRD": null, "STN": "W HOME AVE", "STS": null, "Unit": null, "CommunityName": "FRESNO", "County": "FRESNO", "State": "CA", "PostCode": "93722", "SpatialOffsetMeters": null}}, {"type": "Feature", "geometry": {"type": "Point", "coordinates": [-119.8959007, 36.7624185]}, "properties": {"SSAP_NGUID": "urn:emergency:uid:gis:SSAP:e9c57257-2d55-406e-91e6-a4f5905516f8:fresnocountyca.gov", "DisclID": "fresnocountyca.gov", "CountyLocalID": null, "GERS_ID": "e9c57257-2d55-406e-91e6-a4f5905516f8", "ConflationStatus": "OVERTURE_ONLY", "Source": "OVERTURE_MAPS", "HNO": "1820", "PRD": null, "STN": "N HAYES AVE", "STS": null, "Unit": null, "CommunityName": "FRESNO", "County": "FRESNO", "State": "CA", "PostCode": "93723", "SpatialOffsetMeters": null}}, {"type": "Feature", "geometry": {"type": "Point", "coordinates": [-119.8930527, 36.7612551]}, "properties": {"SSAP_NGUID": "urn:emergency:uid:gis:SSAP:c44c43db-b585-4614-8fac-2eb1c766969a:fresnocountyca.gov", "DisclID": "fresnocountyca.gov", "CountyLocalID": null, "GERS_ID": "c44c43db-b585-4614-8fac-2eb1c766969a", "ConflationStatus": "OVERTURE_ONLY", "Source": "OVERTURE_MAPS", "HNO": "1788", "PRD": null, "STN": "N CARNEGIE AVE", "STS": null, "Unit": null, "CommunityName": "FRESNO", "County": "FRESNO", "State": "CA", "PostCode": "93722", "SpatialOffsetMeters": null}}, {"type": "Feature", "geometry": {"type": "Point", "coordinates": [-119.8928301, 36.7602706]}, "properties": {"SSAP_NGUID": "urn:emergency:uid:gis:SSAP:96ba7d32-e3a0-4f37-8644-bca258450367:fresnocountyca.gov", "DisclID": "fresnocountyca.gov", "CountyLocalID": null, "GERS_ID": "96ba7d32-e3a0-4f37-8644-bca258450367", "ConflationStatus": "OVERTURE_ONLY", "Source": "OVERTURE_MAPS", "HNO": "5663", "PRD": null, "STN": "W FLORADORA AVE", "STS": null, "Unit": null, "CommunityName": "FRESNO", "County": "FRESNO", "State": "CA", "PostCode": "93722", "SpatialOffsetMeters": null}}, {"type": "Feature", "geometry": {"type": "Point", "coordinates": [-119.8935886, 36.759822]}, "properties": {"SSAP_NGUID": "urn:emergency:uid:gis:SSAP:9d5b6b9b-15d6-455c-8b4a-34064477b2cf:fresnocountyca.gov", "DisclID": "fresnocountyca.gov", "CountyLocalID": null, "GERS_ID": "9d5b6b9b-15d6-455c-8b4a-34064477b2cf", "ConflationStatus": "OVERTURE_ONLY", "Source": "OVERTURE_MAPS", "HNO": "1653", "PRD": null, "STN": "N CARNEGIE AVE", "STS": null, "Unit": null, "CommunityName": "FRESNO", "County": "FRESNO", "State": "CA", "PostCode": "93722", "SpatialOffsetMeters": null}}, {"type": "Feature", "geometry": {"type": "Point", "coordinates": [-119.8935505, 36.7591601]}, "properties": {"SSAP_NGUID": "urn:emergency:uid:gis:SSAP:8fd7e9eb-b97d-4d2f-b32d-248deab9eaf8:fresnocountyca.gov", "DisclID": "fresnocountyca.gov", "CountyLocalID": null, "GERS_ID": "8fd7e9eb-b97d-4d2f-b32d-248deab9eaf8", "ConflationStatus": "OVERTURE_ONLY", "Source": "OVERTURE_MAPS", "HNO": "1613", "PRD": null, "STN": "N CARNEGIE AVE", "STS": null, "Unit": null, "CommunityName": "FRESNO", "County": "FRESNO", "State": "CA", "PostCode": "93722", "SpatialOffsetMeters": null}}, {"type": "Feature", "geometry": {"type": "Point", "coordinates": [-119.8945478, 36.7582161]}, "properties": {"SSAP_NGUID": "urn:emergency:uid:gis:SSAP:25e319d4-7e10-4134-b515-c6c19c8a6496:fresnocountyca.gov", "DisclID": "fresnocountyca.gov", "CountyLocalID": null, "GERS_ID": "25e319d4-7e10-4134-b515-c6c19c8a6496", "ConflationStatus": "OVERTURE_ONLY", "Source": "OVERTURE_MAPS", "HNO": "5762", "PRD": null, "STN": "W OLIVE AVE", "STS": null, "Unit": null, "CommunityName": "FRESNO", "County": "FRESNO", "State": "CA", "PostCode": "93722", "SpatialOffsetMeters": null}}, {"type": "Feature", "geometry": {"type": "Point", "coordinates": [-119.8928891, 36.7586197]}, "properties": {"SSAP_NGUID": "urn:emergency:uid:gis:SSAP:af5d1f51-a2e3-4d1d-a029-122c52107681:fresnocountyca.gov", "DisclID": "fresnocountyca.gov", "CountyLocalID": null, "GERS_ID": "af5d1f51-a2e3-4d1d-a029-122c52107681", "ConflationStatus": "OVERTURE_ONLY", "Source": "OVERTURE_MAPS", "HNO": "5672", "PRD": null, "STN": "W HAMMOND AVE", "STS": null, "Unit": null, "CommunityName": "FRESNO", "County": "FRESNO", "State": "CA", "PostCode": "93722", "SpatialOffsetMeters": null}}, {"type": "Feature", "geometry": {"type": "Point", "coordinates": [-119.8928835, 36.7580538]}, "properties": {"SSAP_NGUID": "urn:emergency:uid:gis:SSAP:92e69ed5-e23c-4883-80ad-c39d4968f708:fresnocountyca.gov", "DisclID": "fresnocountyca.gov", "CountyLocalID": null, "GERS_ID": "92e69ed5-e23c-4883-80ad-c39d4968f708", "ConflationStatus": "OVERTURE_ONLY", "Source": "OVERTURE_MAPS", "HNO": "5673", "PRD": null, "STN": "W HAMMOND AVE", "STS": null, "Unit": null, "CommunityName": "FRESNO", "County": "FRESNO", "State": "CA", "PostCode": "93722", "SpatialOffsetMeters": null}}, {"type": "Feature", "geometry": {"type": "Point", "coordinates": [-119.8895766, 36.758142]}, "properties": {"SSAP_NGUID": "urn:emergency:uid:gis:SSAP:ee050c92-ebac-456f-bcfe-9fbf73b55fbd:fresnocountyca.gov", "DisclID": "fresnocountyca.gov", "CountyLocalID": null, "GERS_ID": "ee050c92-ebac-456f-bcfe-9fbf73b55fbd", "ConflationStatus": "OVERTURE_ONLY", "Source": "OVERTURE_MAPS", "HNO": "5505", "PRD": null, "STN": "W HAMMOND AVE", "STS": null, "Unit": null, "CommunityName": "FRESNO", "County": "FRESNO", "State": "CA", "PostCode": "93722", "SpatialOffsetMeters": null}}, {"type": "Feature", "geometry": {"type": "Point", "coordinates": [-119.8901182, 36.7589187]}, "properties": {"SSAP_NGUID": "urn:emergency:uid:gis:SSAP:b6bea65d-e913-4fe6-a8f1-02d5764c2e7e:fresnocountyca.gov", "DisclID": "fresnocountyca.gov", "CountyLocalID": null, "GERS_ID": "b6bea65d-e913-4fe6-a8f1-02d5764c2e7e", "ConflationStatus": "OVERTURE_ONLY", "Source": "OVERTURE_MAPS", "HNO": "5537", "PRD": null, "STN": "W HEDGES AVE", "STS": null, "Unit": null, "CommunityName": "FRESNO", "County": "FRESNO", "State": "CA", "PostCode": "93722", "SpatialOffsetMeters": null}}, {"type": "Feature", "geometry": {"type": "Point", "coordinates": [-119.8922328, 36.75891]}, "properties": {"SSAP_NGUID": "urn:emergency:uid:gis:SSAP:b49e82d4-7d27-4f28-ad48-94abcee5867c:fresnocountyca.gov", "DisclID": "fresnocountyca.gov", "CountyLocalID": null, "GERS_ID": "b49e82d4-7d27-4f28-ad48-94abcee5867c", "ConflationStatus": "OVERTURE_ONLY", "Source": "OVERTURE_MAPS", "HNO": "5637", "PRD": null, "STN": "W HEDGES AVE", "STS": null, "Unit": null, "CommunityName": "FRESNO", "County": "FRESNO", "State": "CA", "PostCode": "93722", "SpatialOffsetMeters": null}}, {"type": "Feature", "geometry": {"type": "Point", "coordinates": [-119.8918656, 36.7593326]}, "properties": {"SSAP_NGUID": "urn:emergency:uid:gis:SSAP:bb931c1d-eecc-48d2-abbc-a49390854743:fresnocountyca.gov", "DisclID": "fresnocountyca.gov", "CountyLocalID": null, "GERS_ID": "bb931c1d-eecc-48d2-abbc-a49390854743", "ConflationStatus": "OVERTURE_ONLY", "Source": "OVERTURE_MAPS", "HNO": "5618", "PRD": null, "STN": "W HEDGES AVE", "STS": null, "Unit": null, "CommunityName": "FRESNO", "County": "FRESNO", "State": "CA", "PostCode": "93722", "SpatialOffsetMeters": null}}, {"type": "Feature", "geometry": {"type": "Point", "coordinates": [-119.891415, 36.7600354]}, "properties": {"SSAP_NGUID": "urn:emergency:uid:gis:SSAP:bb456c02-af28-43a2-af16-a03f601dacf0:fresnocountyca.gov", "DisclID": "fresnocountyca.gov", "CountyLocalID": null, "GERS_ID": "bb456c02-af28-43a2-af16-a03f601dacf0", "ConflationStatus": "OVERTURE_ONLY", "Source": "OVERTURE_MAPS", "HNO": "5596", "PRD": null, "STN": "W LAMONA AVE", "STS": null, "Unit": null, "CommunityName": "FRESNO", "County": "FRESNO", "State": "CA", "PostCode": "93722", "SpatialOffsetMeters": null}}, {"type": "Feature", "geometry": {"type": "Point", "coordinates": [-119.889617, 36.7597835]}, "properties": {"SSAP_NGUID": "urn:emergency:uid:gis:SSAP:f9101fbf-e4a1-4f1e-9040-b5d02c077542:fresnocountyca.gov", "DisclID": "fresnocountyca.gov", "CountyLocalID": null, "GERS_ID": "f9101fbf-e4a1-4f1e-9040-b5d02c077542", "ConflationStatus": "OVERTURE_ONLY", "Source": "OVERTURE_MAPS", "HNO": "1644", "PRD": null, "STN": "N WHEELER AVE", "STS": null, "Unit": null, "CommunityName": "FRESNO", "County": "FRESNO", "State": "CA", "PostCode": "93722", "SpatialOffsetMeters": null}}, {"type": "Feature", "geometry": {"type": "Point", "coordinates": [-119.8888555, 36.7591263]}, "properties": {"SSAP_NGUID": "urn:emergency:uid:gis:SSAP:98693b0e-23ac-4699-ae5f-ac19dae08411:fresnocountyca.gov", "DisclID": "fresnocountyca.gov", "CountyLocalID": null, "GERS_ID": "98693b0e-23ac-4699-ae5f-ac19dae08411", "ConflationStatus": "OVERTURE_ONLY", "Source": "OVERTURE_MAPS", "HNO": "1625", "PRD": null, "STN": "N ELLENDALE AVE", "STS": null, "Unit": null, "CommunityName": "FRESNO", "County": "FRESNO", "State": "CA", "PostCode": "93722", "SpatialOffsetMeters": null}}, {"type": "Feature", "geometry": {"type": "Point", "coordinates": [-119.8887377, 36.759678]}, "properties": {"SSAP_NGUID": "urn:emergency:uid:gis:SSAP:7e9231ed-b9ce-4801-bcd2-cb204023cc18:fresnocountyca.gov", "DisclID": "fresnocountyca.gov", "CountyLocalID": null, "GERS_ID": "7e9231ed-b9ce-4801-bcd2-cb204023cc18", "ConflationStatus": "OVERTURE_ONLY", "Source": "OVERTURE_MAPS", "HNO": "5495", "PRD": null, "STN": "W LAMONA AVE", "STS": null, "Unit": null, "CommunityName": "FRESNO", "County": "FRESNO", "State": "CA", "PostCode": "93722", "SpatialOffsetMeters": null}}, {"type": "Feature", "geometry": {"type": "Point", "coordinates": [-119.8881867, 36.7596303]}, "properties": {"SSAP_NGUID": "urn:emergency:uid:gis:SSAP:fae68def-6708-427f-ba05-8d4abc48fc0b:fresnocountyca.gov", "DisclID": "fresnocountyca.gov", "CountyLocalID": null, "GERS_ID": "fae68def-6708-427f-ba05-8d4abc48fc0b", "ConflationStatus": "OVERTURE_ONLY", "Source": "OVERTURE_MAPS", "HNO": "5459", "PRD": null, "STN": "W LAMONA AVE", "STS": null, "Unit": null, "CommunityName": "FRESNO", "County": "FRESNO", "State": "CA", "PostCode": "93722", "SpatialOffsetMeters": null}}, {"type": "Feature", "geometry": {"type": "Point", "coordinates": [-119.8866662, 36.7600694]}, "properties": {"SSAP_NGUID": "urn:emergency:uid:gis:SSAP:c323e494-dd5d-4f6e-af88-f41d99250951:fresnocountyca.gov", "DisclID": "fresnocountyca.gov", "CountyLocalID": null, "GERS_ID": "c323e494-dd5d-4f6e-af88-f41d99250951", "ConflationStatus": "OVERTURE_ONLY", "Source": "OVERTURE_MAPS", "HNO": "1697", "PRD": null, "STN": "N STATE ST", "STS": null, "Unit": null, "CommunityName": "FRESNO", "County": "FRESNO", "State": "CA", "PostCode": "93722", "SpatialOffsetMeters": null}}, {"type": "Feature", "geometry": {"type": "Point", "coordinates": [-119.8860684, 36.7593499]}, "properties": {"SSAP_NGUID": "urn:emergency:uid:gis:SSAP:fe3179df-ffe3-4e96-90fc-192a65347b4f:fresnocountyca.gov", "DisclID": "fresnocountyca.gov", "CountyLocalID": null, "GERS_ID": "fe3179df-ffe3-4e96-90fc-192a65347b4f", "ConflationStatus": "OVERTURE_ONLY", "Source": "OVERTURE_MAPS", "HNO": "5318", "PRD": null, "STN": "W HUFFMAN AVE", "STS": null, "Unit": null, "CommunityName": "FRESNO", "County": "FRESNO", "State": "CA", "PostCode": "93722", "SpatialOffsetMeters": null}}, {"type": "Feature", "geometry": {"type": "Point", "coordinates": [-119.8864168, 36.7589228]}, "properties": {"SSAP_NGUID": "urn:emergency:uid:gis:SSAP:769931df-3cb5-4f61-8060-adc65caae93c:fresnocountyca.gov", "DisclID": "fresnocountyca.gov", "CountyLocalID": null, "GERS_ID": "769931df-3cb5-4f61-8060-adc65caae93c", "ConflationStatus": "OVERTURE_ONLY", "Source": "OVERTURE_MAPS", "HNO": "5335", "PRD": null, "STN": "W HUFFMAN AVE", "STS": null, "Unit": null, "CommunityName": "FRESNO", "County": "FRESNO", "State": "CA", "PostCode": "93722", "SpatialOffsetMeters": null}}, {"type": "Feature", "geometry": {"type": "Point", "coordinates": [-119.8878494, 36.7589473]}, "properties": {"SSAP_NGUID": "urn:emergency:uid:gis:SSAP:83b2b26a-e2a2-4a0d-a3a4-6ab72d42cad5:fresnocountyca.gov", "DisclID": "fresnocountyca.gov", "CountyLocalID": null, "GERS_ID": "83b2b26a-e2a2-4a0d-a3a4-6ab72d42cad5", "ConflationStatus": "OVERTURE_ONLY", "Source": "OVERTURE_MAPS", "HNO": "5431", "PRD": null, "STN": "W HUFFMAN AVE", "STS": null, "Unit": null, "CommunityName": "FRESNO", "County": "FRESNO", "State": "CA", "PostCode": "93722", "SpatialOffsetMeters": null}}, {"type": "Feature", "geometry": {"type": "Point", "coordinates": [-119.888011, 36.7586496]}, "properties": {"SSAP_NGUID": "urn:emergency:uid:gis:SSAP:733266d9-8c03-4f38-ba18-5829d03d8278:fresnocountyca.gov", "DisclID": "fresnocountyca.gov", "CountyLocalID": null, "GERS_ID": "733266d9-8c03-4f38-ba18-5829d03d8278", "ConflationStatus": "OVERTURE_ONLY", "Source": "OVERTURE_MAPS", "HNO": "5448", "PRD": null, "STN": "W FERN AVE", "STS": null, "Unit": null, "CommunityName": "FRESNO", "County": "FRESNO", "State": "CA", "PostCode": "93722", "SpatialOffsetMeters": null}}, {"type": "Feature", "geometry": {"type": "Point", "coordinates": [-119.8883558, 36.7582516]}, "properties": {"SSAP_NGUID": "urn:emergency:uid:gis:SSAP:1c063429-6dbd-43cb-aa97-4a57cbfc397f:fresnocountyca.gov", "DisclID": "fresnocountyca.gov", "CountyLocalID": null, "GERS_ID": "1c063429-6dbd-43cb-aa97-4a57cbfc397f", "ConflationStatus": "OVERTURE_ONLY", "Source": "OVERTURE_MAPS", "HNO": "5469", "PRD": null, "STN": "W FERN AVE", "STS": null, "Unit": null, "CommunityName": "FRESNO", "County": "FRESNO", "State": "CA", "PostCode": "93722", "SpatialOffsetMeters": null}}, {"type": "Feature", "geometry": {"type": "Point", "coordinates": [-119.8870506, 36.7580546]}, "properties": {"SSAP_NGUID": "urn:emergency:uid:gis:SSAP:4f3787d6-4238-485a-9ed8-9be17db5bfd4:fresnocountyca.gov", "DisclID": "fresnocountyca.gov", "CountyLocalID": null, "GERS_ID": "4f3787d6-4238-485a-9ed8-9be17db5bfd4", "ConflationStatus": "OVERTURE_ONLY", "Source": "OVERTURE_MAPS", "HNO": "1544", "PRD": null, "STN": "N DELBERT AVE", "STS": null, "Unit": null, "CommunityName": "FRESNO", "County": "FRESNO", "State": "CA", "PostCode": "93722", "SpatialOffsetMeters": null}}, {"type": "Feature", "geometry": {"type": "Point", "coordinates": [-119.8866479, 36.7579033]}, "properties": {"SSAP_NGUID": "urn:emergency:uid:gis:SSAP:fe556e74-a507-412e-86f7-b178a8168e9f:fresnocountyca.gov", "DisclID": "fresnocountyca.gov", "CountyLocalID": null, "GERS_ID": "fe556e74-a507-412e-86f7-b178a8168e9f", "ConflationStatus": "OVERTURE_ONLY", "Source": "OVERTURE_MAPS", "HNO": "1541", "PRD": null, "STN": "N STATE ST", "STS": null, "Unit": null, "CommunityName": "FRESNO", "County": "FRESNO", "State": "CA", "PostCode": "93722", "SpatialOffsetMeters": null}}, {"type": "Feature", "geometry": {"type": "Point", "coordinates": [-119.8866277, 36.7575646]}, "properties": {"SSAP_NGUID": "urn:emergency:uid:gis:SSAP:7c6433a1-aefa-469b-9d8b-77ab52ff7a29:fresnocountyca.gov", "DisclID": "fresnocountyca.gov", "CountyLocalID": null, "GERS_ID": "7c6433a1-aefa-469b-9d8b-77ab52ff7a29", "ConflationStatus": "OVERTURE_ONLY", "Source": "OVERTURE_MAPS", "HNO": "5355", "PRD": null, "STN": "W HAMMOND AVE", "STS": null, "Unit": null, "CommunityName": "FRESNO", "County": "FRESNO", "State": "CA", "PostCode": "93722", "SpatialOffsetMeters": null}}, {"type": "Feature", "geometry": {"type": "Point", "coordinates": [-119.8888419, 36.757746]}, "properties": {"SSAP_NGUID": "urn:emergency:uid:gis:SSAP:a22739d2-7857-4da1-b966-041ca0249ef3:fresnocountyca.gov", "DisclID": "fresnocountyca.gov", "CountyLocalID": null, "GERS_ID": "a22739d2-7857-4da1-b966-041ca0249ef3", "ConflationStatus": "OVERTURE_ONLY", "Source": "OVERTURE_MAPS", "HNO": "1517", "PRD": null, "STN": "N ELLENDALE AVE", "STS": null, "Unit": null, "CommunityName": "FRESNO", "County": "FRESNO", "State": "CA", "PostCode": "93722", "SpatialOffsetMeters": null}}, {"type": "Feature", "geometry": {"type": "Point", "coordinates": [-119.8950986, 36.7553688]}, "properties": {"SSAP_NGUID": "urn:emergency:uid:gis:SSAP:1ab0daae-61b1-4e46-bf4b-fc57fbc07347:fresnocountyca.gov", "DisclID": "fresnocountyca.gov", "CountyLocalID": null, "GERS_ID": "1ab0daae-61b1-4e46-bf4b-fc57fbc07347", "ConflationStatus": "OVERTURE_ONLY", "Source": "OVERTURE_MAPS", "HNO": "5803", "PRD": null, "STN": "W OLIVE AVE", "STS": null, "Unit": null, "CommunityName": "FRESNO", "County": "FRESNO", "State": "CA", "PostCode": "93722", "SpatialOffsetMeters": null}}, {"type": "Feature", "geometry": {"type": "Point", "coordinates": [-119.8935171, 36.7574752]}, "properties": {"SSAP_NGUID": "urn:emergency:uid:gis:SSAP:239da15d-f0b2-4be0-b40f-3daf5e38afc8:fresnocountyca.gov", "DisclID": "fresnocountyca.gov", "CountyLocalID": null, "GERS_ID": "239da15d-f0b2-4be0-b40f-3daf5e38afc8", "ConflationStatus": "OVERTURE_ONLY", "Source": "OVERTURE_MAPS", "HNO": "1513", "PRD": null, "STN": "N CARNEGIE AVE", "STS": null, "Unit": null, "CommunityName": "FRESNO", "County": "FRESNO", "State": "CA", "PostCode": "93722", "SpatialOffsetMeters": null}}, {"type": "Feature", "geometry": {"type": "Point", "coordinates": [-119.899817, 36.7567287]}, "properties": {"SSAP_NGUID": "urn:emergency:uid:gis:SSAP:98f98d35-a619-4d46-8b73-f9de476ea4c8:fresnocountyca.gov", "DisclID": "fresnocountyca.gov", "CountyLocalID": null, "GERS_ID": "98f98d35-a619-4d46-8b73-f9de476ea4c8", "ConflationStatus": "OVERTURE_ONLY", "Source": "OVERTURE_MAPS", "HNO": "6071", "PRD": null, "STN": "W OLIVE AVE", "STS": null, "Unit": null, "CommunityName": "FRESNO", "County": "FRESNO", "State": "CA", "PostCode": "93723", "SpatialOffsetMeters": null}}, {"type": "Feature", "geometry": {"type": "Point", "coordinates": [-119.9015116, 36.7545074]}, "properties": {"SSAP_NGUID": "urn:emergency:uid:gis:SSAP:057bfbac-68d7-4d59-92f6-ca8cecc90ce2:fresnocountyca.gov", "DisclID": "fresnocountyca.gov", "CountyLocalID": null, "GERS_ID": "057bfbac-68d7-4d59-92f6-ca8cecc90ce2", "ConflationStatus": "OVERTURE_ONLY", "Source": "OVERTURE_MAPS", "HNO": "1361", "PRD": null, "STN": "N HAYES AVE", "STS": null, "Unit": null, "CommunityName": "FRESNO", "County": "FRESNO", "State": "CA", "PostCode": "93723", "SpatialOffsetMeters": null}}, {"type": "Feature", "geometry": {"type": "Point", "coordinates": [-119.9077089, 36.7549012]}, "properties": {"SSAP_NGUID": "urn:emergency:uid:gis:SSAP:d95f6b9c-c22f-4792-8fc1-1b759363a039:fresnocountyca.gov", "DisclID": "fresnocountyca.gov", "CountyLocalID": null, "GERS_ID": "d95f6b9c-c22f-4792-8fc1-1b759363a039", "ConflationStatus": "OVERTURE_ONLY", "Source": "OVERTURE_MAPS", "HNO": "6533", "PRD": null, "STN": "W OLIVE AVE", "STS": null, "Unit": null, "CommunityName": "FRESNO", "County": "FRESNO", "State": "CA", "PostCode": "93723", "SpatialOffsetMeters": null}}, {"type": "Feature", "geometry": {"type": "Point", "coordinates": [-119.9065859, 36.7562283]}, "properties": {"SSAP_NGUID": "urn:emergency:uid:gis:SSAP:33e4cfd5-8b6b-4f89-ac7d-5193e1659112:fresnocountyca.gov", "DisclID": "fresnocountyca.gov", "CountyLocalID": null, "GERS_ID": "33e4cfd5-8b6b-4f89-ac7d-5193e1659112", "ConflationStatus": "OVERTURE_ONLY", "Source": "OVERTURE_MAPS", "HNO": "6447", "PRD": null, "STN": "W OLIVE AVE", "STS": null, "Unit": null, "CommunityName": "FRESNO", "County": "FRESNO", "State": "CA", "PostCode": "93723", "SpatialOffsetMeters": null}}, {"type": "Feature", "geometry": {"type": "Point", "coordinates": [-119.9043472, 36.761253]}, "properties": {"SSAP_NGUID": "urn:emergency:uid:gis:SSAP:310749e4-7f02-43cd-b62b-8d74daa3211d:fresnocountyca.gov", "DisclID": "fresnocountyca.gov", "CountyLocalID": null, "GERS_ID": "310749e4-7f02-43cd-b62b-8d74daa3211d", "ConflationStatus": "OVERTURE_ONLY", "Source": "OVERTURE_MAPS", "HNO": "1749", "PRD": null, "STN": "N RING AVE", "STS": null, "Unit": null, "CommunityName": "FRESNO", "County": "FRESNO", "State": "CA", "PostCode": "93723", "SpatialOffsetMeters": null}}, {"type": "Feature", "geometry": {"type": "Point", "coordinates": [-119.9077609, 36.7635428]}, "properties": {"SSAP_NGUID": "urn:emergency:uid:gis:SSAP:0307c7f0-7d79-46ec-aa0d-9ec697a3058e:fresnocountyca.gov", "DisclID": "fresnocountyca.gov", "CountyLocalID": null, "GERS_ID": "0307c7f0-7d79-46ec-aa0d-9ec697a3058e", "ConflationStatus": "OVERTURE_ONLY", "Source": "OVERTURE_MAPS", "HNO": "6487", "PRD": null, "STN": "W MCKINLEY AVE", "STS": null, "Unit": null, "CommunityName": "FRESNO", "County": "FRESNO", "State": "CA", "PostCode": "93723", "SpatialOffsetMeters": null}}, {"type": "Feature", "geometry": {"type": "Point", "coordinates": [-119.9078182, 36.7647867]}, "properties": {"SSAP_NGUID": "urn:emergency:uid:gis:SSAP:d0398ee7-84ee-4f00-8d7b-3ad88df2ecbd:fresnocountyca.gov", "DisclID": "fresnocountyca.gov", "CountyLocalID": null, "GERS_ID": "d0398ee7-84ee-4f00-8d7b-3ad88df2ecbd", "ConflationStatus": "OVERTURE_ONLY", "Source": "OVERTURE_MAPS", "HNO": "6528", "PRD": null, "STN": "W MCKINLEY AVE", "STS": null, "Unit": null, "CommunityName": "FRESNO", "County": "FRESNO", "State": "CA", "PostCode": "93723", "SpatialOffsetMeters": null}}, {"type": "Feature", "geometry": {"type": "Point", "coordinates": [-119.9060301, 36.7664691]}, "properties": {"SSAP_NGUID": "urn:emergency:uid:gis:SSAP:aea545a7-bb8e-4abf-be86-0eb3435ff72e:fresnocountyca.gov", "DisclID": "fresnocountyca.gov", "CountyLocalID": null, "GERS_ID": "aea545a7-bb8e-4abf-be86-0eb3435ff72e", "ConflationStatus": "OVERTURE_ONLY", "Source": "OVERTURE_MAPS", "HNO": "2130", "PRD": null, "STN": "N BRYAN AVE", "STS": null, "Unit": null, "CommunityName": "FRESNO", "County": "FRESNO", "State": "CA", "PostCode": "93723", "SpatialOffsetMeters": null}}, {"type": "Feature", "geometry": {"type": "Point", "coordinates": [-119.9035594, 36.76526]}, "properties": {"SSAP_NGUID": "urn:emergency:uid:gis:SSAP:932282c7-6806-4c70-a7d8-3557ccf7ea43:fresnocountyca.gov", "DisclID": "fresnocountyca.gov", "CountyLocalID": null, "GERS_ID": "932282c7-6806-4c70-a7d8-3557ccf7ea43", "ConflationStatus": "OVERTURE_ONLY", "Source": "OVERTURE_MAPS", "HNO": "6282", "PRD": null, "STN": "W MCKINLEY AVE", "STS": null, "Unit": null, "CommunityName": "FRESNO", "County": "FRESNO", "State": "CA", "PostCode": "93723", "SpatialOffsetMeters": null}}, {"type": "Feature", "geometry": {"type": "Point", "coordinates": [-119.8996788, 36.7652317]}, "properties": {"SSAP_NGUID": "urn:emergency:uid:gis:SSAP:a8f0773e-b368-46a4-8493-c3197769fb63:fresnocountyca.gov", "DisclID": "fresnocountyca.gov", "CountyLocalID": null, "GERS_ID": "a8f0773e-b368-46a4-8493-c3197769fb63", "ConflationStatus": "OVERTURE_ONLY", "Source": "OVERTURE_MAPS", "HNO": "6076", "PRD": null, "STN": "W MCKINLEY AVE", "STS": null, "Unit": null, "CommunityName": "FRESNO", "County": "FRESNO", "State": "CA", "PostCode": "93723", "SpatialOffsetMeters": null}}, {"type": "Feature", "geometry": {"type": "Point", "coordinates": [-119.8961627, 36.7635179]}, "properties": {"SSAP_NGUID": "urn:emergency:uid:gis:SSAP:99a7fe2f-8c8f-428e-b602-252754e8327f:fresnocountyca.gov", "DisclID": "fresnocountyca.gov", "CountyLocalID": null, "GERS_ID": "99a7fe2f-8c8f-428e-b602-252754e8327f", "ConflationStatus": "OVERTURE_ONLY", "Source": "OVERTURE_MAPS", "HNO": "5855", "PRD": null, "STN": "W MCKINLEY AVE", "STS": null, "Unit": null, "CommunityName": "FRESNO", "County": "FRESNO", "State": "CA", "PostCode": "93722", "SpatialOffsetMeters": null}}, {"type": "Feature", "geometry": {"type": "Point", "coordinates": [-119.8923903, 36.764151]}, "properties": {"SSAP_NGUID": "urn:emergency:uid:gis:SSAP:bfc36430-095d-481e-a7ee-a4b3bcbc6411:fresnocountyca.gov", "DisclID": "fresnocountyca.gov", "CountyLocalID": null, "GERS_ID": "bfc36430-095d-481e-a7ee-a4b3bcbc6411", "ConflationStatus": "OVERTURE_ONLY", "Source": "OVERTURE_MAPS", "HNO": "5626", "PRD": null, "STN": "W CARMEN AVE", "STS": null, "Unit": null, "CommunityName": "FRESNO", "County": "FRESNO", "State": "CA", "PostCode": "93722", "SpatialOffsetMeters": null}}, {"type": "Feature", "geometry": {"type": "Point", "coordinates": [-119.8931061, 36.7634438]}, "properties": {"SSAP_NGUID": "urn:emergency:uid:gis:SSAP:432e643a-de4b-4ae6-a4e8-c4a5f511c107:fresnocountyca.gov", "DisclID": "fresnocountyca.gov", "CountyLocalID": null, "GERS_ID": "432e643a-de4b-4ae6-a4e8-c4a5f511c107", "ConflationStatus": "OVERTURE_ONLY", "Source": "OVERTURE_MAPS", "HNO": "5674", "PRD": null, "STN": "W WEATHERMAKER AVE", "STS": null, "Unit": null, "CommunityName": "FRESNO", "County": "FRESNO", "State": "CA", "PostCode": "93722", "SpatialOffsetMeters": null}}, {"type": "Feature", "geometry": {"type": "Point", "coordinates": [-119.8935686, 36.7629296]}, "properties": {"SSAP_NGUID": "urn:emergency:uid:gis:SSAP:6dc8b88d-4b72-495f-b059-2e5d631fafd0:fresnocountyca.gov", "DisclID": "fresnocountyca.gov", "CountyLocalID": null, "GERS_ID": "6dc8b88d-4b72-495f-b059-2e5d631fafd0", "ConflationStatus": "OVERTURE_ONLY", "Source": "OVERTURE_MAPS", "HNO": "1887", "PRD": null, "STN": "N CARNEGIE AVE", "STS": null, "Unit": null, "CommunityName": "FRESNO", "County": "FRESNO", "State": "CA", "PostCode": "93722", "SpatialOffsetMeters": null}}, {"type": "Feature", "geometry": {"type": "Point", "coordinates": [-119.8920642, 36.7627615]}, "properties": {"SSAP_NGUID": "urn:emergency:uid:gis:SSAP:86b4543b-368c-4153-88ab-78fe5f5aa07f:fresnocountyca.gov", "DisclID": "fresnocountyca.gov", "CountyLocalID": null, "GERS_ID": "86b4543b-368c-4153-88ab-78fe5f5aa07f", "ConflationStatus": "OVERTURE_ONLY", "Source": "OVERTURE_MAPS", "HNO": "5612", "PRD": null, "STN": "W OSLIN AVE", "STS": null, "Unit": null, "CommunityName": "FRESNO", "County": "FRESNO", "State": "CA", "PostCode": "93722", "SpatialOffsetMeters": null}}, {"type": "Feature", "geometry": {"type": "Point", "coordinates": [-119.8918597, 36.7630239]}, "properties": {"SSAP_NGUID": "urn:emergency:uid:gis:SSAP:9efbc6fa-c216-420f-bafc-ca4429573abb:fresnocountyca.gov", "DisclID": "fresnocountyca.gov", "CountyLocalID": null, "GERS_ID": "9efbc6fa-c216-420f-bafc-ca4429573abb", "ConflationStatus": "OVERTURE_ONLY", "Source": "OVERTURE_MAPS", "HNO": "5603", "PRD": null, "STN": "W WEATHERMAKER AVE", "STS": null, "Unit": null, "CommunityName": "FRESNO", "County": "FRESNO", "State": "CA", "PostCode": "93722", "SpatialOffsetMeters": null}}, {"type": "Feature", "geometry": {"type": "Point", "coordinates": [-119.8905491, 36.7632325]}, "properties": {"SSAP_NGUID": "urn:emergency:uid:gis:SSAP:6f80a81d-d333-45c5-9583-05cb76daee40:fresnocountyca.gov", "DisclID": "fresnocountyca.gov", "CountyLocalID": null, "GERS_ID": "6f80a81d-d333-45c5-9583-05cb76daee40", "ConflationStatus": "OVERTURE_ONLY", "Source": "OVERTURE_MAPS", "HNO": "1904", "PRD": null, "STN": "N MCCAFFREY AVE", "STS": null, "Unit": null, "CommunityName": "FRESNO", "County": "FRESNO", "State": "CA", "PostCode": "93722", "SpatialOffsetMeters": null}}, {"type": "Feature", "geometry": {"type": "Point", "coordinates": [-119.8888908, 36.76289]}, "properties": {"SSAP_NGUID": "urn:emergency:uid:gis:SSAP:ddcfa1b3-e896-44f0-a9e3-26d91ce151ee:fresnocountyca.gov", "DisclID": "fresnocountyca.gov", "CountyLocalID": null, "GERS_ID": "ddcfa1b3-e896-44f0-a9e3-26d91ce151ee", "ConflationStatus": "OVERTURE_ONLY", "Source": "OVERTURE_MAPS", "HNO": "1893", "PRD": null, "STN": "N ELLENDALE AVE", "STS": null, "Unit": null, "CommunityName": "FRESNO", "County": "FRESNO", "State": "CA", "PostCode": "93722", "SpatialOffsetMeters": null}}, {"type": "Feature", "geometry": {"type": "Point", "coordinates": [-119.8872052, 36.7628383]}, "properties": {"SSAP_NGUID": "urn:emergency:uid:gis:SSAP:a15c315e-3e3c-4b2c-862c-66fb84dfa9d3:fresnocountyca.gov", "DisclID": "fresnocountyca.gov", "CountyLocalID": null, "GERS_ID": "a15c315e-3e3c-4b2c-862c-66fb84dfa9d3", "ConflationStatus": "OVERTURE_ONLY", "Source": "OVERTURE_MAPS", "HNO": "5390", "PRD": null, "STN": "W OSLIN AVE", "STS": null, "Unit": null, "CommunityName": "FRESNO", "County": "FRESNO", "State": "CA", "PostCode": "93722", "SpatialOffsetMeters": null}}, {"type": "Feature", "geometry": {"type": "Point", "coordinates": [-119.888521, 36.7631831]}, "properties": {"SSAP_NGUID": "urn:emergency:uid:gis:SSAP:9df0f331-8629-495d-8706-73b05ac13657:fresnocountyca.gov", "DisclID": "fresnocountyca.gov", "CountyLocalID": null, "GERS_ID": "9df0f331-8629-495d-8706-73b05ac13657", "ConflationStatus": "OVERTURE_ONLY", "Source": "OVERTURE_MAPS", "HNO": "1911", "PRD": null, "STN": "N ELLENDALE AVE", "STS": null, "Unit": null, "CommunityName": "FRESNO", "County": "FRESNO", "State": "CA", "PostCode": "93722", "SpatialOffsetMeters": null}}, {"type": "Feature", "geometry": {"type": "Point", "coordinates": [-119.8868511, 36.7642138]}, "properties": {"SSAP_NGUID": "urn:emergency:uid:gis:SSAP:f3e03a18-7d25-4344-baf8-bba16f8bd017:fresnocountyca.gov", "DisclID": "fresnocountyca.gov", "CountyLocalID": null, "GERS_ID": "f3e03a18-7d25-4344-baf8-bba16f8bd017", "ConflationStatus": "OVERTURE_ONLY", "Source": "OVERTURE_MAPS", "HNO": "1987", "PRD": null, "STN": "N STATE ST", "STS": null, "Unit": null, "CommunityName": "FRESNO", "County": "FRESNO", "State": "CA", "PostCode": "93722", "SpatialOffsetMeters": null}}, {"type": "Feature", "geometry": {"type": "Point", "coordinates": [-119.8909778, 36.7640837]}, "properties": {"SSAP_NGUID": "urn:emergency:uid:gis:SSAP:a8adc8ff-741d-4893-9fb3-1690bd8dfcdd:fresnocountyca.gov", "DisclID": "fresnocountyca.gov", "CountyLocalID": null, "GERS_ID": "a8adc8ff-741d-4893-9fb3-1690bd8dfcdd", "ConflationStatus": "OVERTURE_ONLY", "Source": "OVERTURE_MAPS", "HNO": "1967", "PRD": null, "STN": "N MCCAFFREY AVE", "STS": null, "Unit": null, "CommunityName": "FRESNO", "County": "FRESNO", "State": "CA", "PostCode": "93722", "SpatialOffsetMeters": null}}, {"type": "Feature", "geometry": {"type": "Point", "coordinates": [-119.8912463, 36.7654447]}, "properties": {"SSAP_NGUID": "urn:emergency:uid:gis:SSAP:84f1aacf-c5e3-47e2-9b6c-466efceee444:fresnocountyca.gov", "DisclID": "fresnocountyca.gov", "CountyLocalID": null, "GERS_ID": "84f1aacf-c5e3-47e2-9b6c-466efceee444", "ConflationStatus": "OVERTURE_ONLY", "Source": "OVERTURE_MAPS", "HNO": "5594", "PRD": null, "STN": "W MCKINLEY AVE", "STS": null, "Unit": null, "CommunityName": "FRESNO", "County": "FRESNO", "State": "CA", "PostCode": "93722", "SpatialOffsetMeters": null}}, {"type": "Feature", "geometry": {"type": "Point", "coordinates": [-119.8880566, 36.7653429]}, "properties": {"SSAP_NGUID": "urn:emergency:uid:gis:SSAP:44c83d90-d4f7-4994-91f3-5edfea3962f0:fresnocountyca.gov", "DisclID": "fresnocountyca.gov", "CountyLocalID": null, "GERS_ID": "44c83d90-d4f7-4994-91f3-5edfea3962f0", "ConflationStatus": "OVERTURE_ONLY", "Source": "OVERTURE_MAPS", "HNO": "5394", "PRD": null, "STN": "W PERALTA WAY", "STS": null, "Unit": null, "CommunityName": "FRESNO", "County": "FRESNO", "State": "CA", "PostCode": "93722", "SpatialOffsetMeters": null}}, {"type": "Feature", "geometry": {"type": "Point", "coordinates": [-119.8871776, 36.7654545]}, "properties": {"SSAP_NGUID": "urn:emergency:uid:gis:SSAP:6c29c972-0cef-4b33-bcbb-0ccf14df01c1:fresnocountyca.gov", "DisclID": "fresnocountyca.gov", "CountyLocalID": null, "GERS_ID": "6c29c972-0cef-4b33-bcbb-0ccf14df01c1", "ConflationStatus": "OVERTURE_ONLY", "Source": "OVERTURE_MAPS", "HNO": "2044", "PRD": null, "STN": "N DELBERT AVE", "STS": null, "Unit": null, "CommunityName": "FRESNO", "County": "FRESNO", "State": "CA", "PostCode": "93722", "SpatialOffsetMeters": null}}, {"type": "Feature", "geometry": {"type": "Point", "coordinates": [-119.8889087, 36.7656971]}, "properties": {"SSAP_NGUID": "urn:emergency:uid:gis:SSAP:f55e8777-4c34-4318-9c7d-ba3f6013b844:fresnocountyca.gov", "DisclID": "fresnocountyca.gov", "CountyLocalID": null, "GERS_ID": "f55e8777-4c34-4318-9c7d-ba3f6013b844", "ConflationStatus": "OVERTURE_ONLY", "Source": "OVERTURE_MAPS", "HNO": "5431", "PRD": null, "STN": "W DORI AVE", "STS": null, "Unit": null, "CommunityName": "FRESNO", "County": "FRESNO", "State": "CA", "PostCode": "93722", "SpatialOffsetMeters": null}}, {"type": "Feature", "geometry": {"type": "Point", "coordinates": [-119.8878611, 36.7663606]}, "properties": {"SSAP_NGUID": "urn:emergency:uid:gis:SSAP:9547eb4e-f09c-485e-8dcd-c38baa7f1961:fresnocountyca.gov", "DisclID": "fresnocountyca.gov", "CountyLocalID": null, "GERS_ID": "9547eb4e-f09c-485e-8dcd-c38baa7f1961", "ConflationStatus": "OVERTURE_ONLY", "Source": "OVERTURE_MAPS", "HNO": "5379", "PRD": null, "STN": "W UNIVERSITY AVE", "STS": null, "Unit": null, "CommunityName": "FRESNO", "County": "FRESNO", "State": "CA", "PostCode": "93722", "SpatialOffsetMeters": null}}, {"type": "Feature", "geometry": {"type": "Point", "coordinates": [-119.8860097, 36.766831]}, "properties": {"SSAP_NGUID": "urn:emergency:uid:gis:SSAP:a31d3675-f65b-4db5-932c-ecaa0f92fc28:fresnocountyca.gov", "DisclID": "fresnocountyca.gov", "CountyLocalID": null, "GERS_ID": "a31d3675-f65b-4db5-932c-ecaa0f92fc28", "ConflationStatus": "OVERTURE_ONLY", "Source": "OVERTURE_MAPS", "HNO": "5281", "PRD": null, "STN": "W NORMAL AVE", "STS": null, "Unit": null, "CommunityName": "FRESNO", "County": "FRESNO", "State": "CA", "PostCode": "93722", "SpatialOffsetMeters": null}}, {"type": "Feature", "geometry": {"type": "Point", "coordinates": [-119.8888527, 36.766921]}, "properties": {"SSAP_NGUID": "urn:emergency:uid:gis:SSAP:60edb802-bd65-4e4a-b122-eea1b5849bee:fresnocountyca.gov", "DisclID": "fresnocountyca.gov", "CountyLocalID": null, "GERS_ID": "60edb802-bd65-4e4a-b122-eea1b5849bee", "ConflationStatus": "OVERTURE_ONLY", "Source": "OVERTURE_MAPS", "HNO": "2113", "PRD": null, "STN": "N ELLENDALE AVE", "STS": null, "Unit": null, "CommunityName": "FRESNO", "County": "FRESNO", "State": "CA", "PostCode": "93722", "SpatialOffsetMeters": null}}, {"type": "Feature", "geometry": {"type": "Point", "coordinates": [-119.8907171, 36.7664787]}, "properties": {"SSAP_NGUID": "urn:emergency:uid:gis:SSAP:78519503-a78d-41b5-83e1-c7b9c15b76a2:fresnocountyca.gov", "DisclID": "fresnocountyca.gov", "CountyLocalID": null, "GERS_ID": "78519503-a78d-41b5-83e1-c7b9c15b76a2", "ConflationStatus": "OVERTURE_ONLY", "Source": "OVERTURE_MAPS", "HNO": "5547", "PRD": null, "STN": "W UNIVERSITY AVE", "STS": null, "Unit": null, "CommunityName": "FRESNO", "County": "FRESNO", "State": "CA", "PostCode": "93722", "SpatialOffsetMeters": null}}, {"type": "Feature", "geometry": {"type": "Point", "coordinates": [-119.8916935, 36.766814]}, "properties": {"SSAP_NGUID": "urn:emergency:uid:gis:SSAP:626b66b0-37ba-4dc3-b8b3-f3433eb4b6ee:fresnocountyca.gov", "DisclID": "fresnocountyca.gov", "CountyLocalID": null, "GERS_ID": "626b66b0-37ba-4dc3-b8b3-f3433eb4b6ee", "ConflationStatus": "OVERTURE_ONLY", "Source": "OVERTURE_MAPS", "HNO": "2103", "PRD": null, "STN": "N ROSENDO AVE", "STS": null, "Unit": null, "CommunityName": "FRESNO", "County": "FRESNO", "State": "CA", "PostCode": "93722", "SpatialOffsetMeters": null}}, {"type": "Feature", "geometry": {"type": "Point", "coordinates": [-119.8926551, 36.7668286]}, "properties": {"SSAP_NGUID": "urn:emergency:uid:gis:SSAP:c1dbbdcc-6c09-464a-8a03-698c886e2c03:fresnocountyca.gov", "DisclID": "fresnocountyca.gov", "CountyLocalID": null, "GERS_ID": "c1dbbdcc-6c09-464a-8a03-698c886e2c03", "ConflationStatus": "OVERTURE_ONLY", "Source": "OVERTURE_MAPS", "HNO": "2109", "PRD": null, "STN": "N IVANHOE AVE", "STS": null, "Unit": null, "CommunityName": "FRESNO", "County": "FRESNO", "State": "CA", "PostCode": "93722", "SpatialOffsetMeters": null}}, {"type": "Feature", "geometry": {"type": "Point", "coordinates": [-119.8927475, 36.7664495]}, "properties": {"SSAP_NGUID": "urn:emergency:uid:gis:SSAP:13e4898b-e23b-4205-a702-353997d5ae8c:fresnocountyca.gov", "DisclID": "fresnocountyca.gov", "CountyLocalID": null, "GERS_ID": "13e4898b-e23b-4205-a702-353997d5ae8c", "ConflationStatus": "OVERTURE_ONLY", "Source": "OVERTURE_MAPS", "HNO": "5627", "PRD": null, "STN": "W UNIVERSITY AVE", "STS": null, "Unit": null, "CommunityName": "FRESNO", "County": "FRESNO", "State": "CA", "PostCode": "93722", "SpatialOffsetMeters": null}}, {"type": "Feature", "geometry": {"type": "Point", "coordinates": [-119.8964531, 36.7650087]}, "properties": {"SSAP_NGUID": "urn:emergency:uid:gis:SSAP:5f505258-82c5-4e69-9d78-65457737f498:fresnocountyca.gov", "DisclID": "fresnocountyca.gov", "CountyLocalID": null, "GERS_ID": "5f505258-82c5-4e69-9d78-65457737f498", "ConflationStatus": "OVERTURE_ONLY", "Source": "OVERTURE_MAPS", "HNO": "2047", "PRD": null, "STN": "N VISTA AVE", "STS": null, "Unit": null, "CommunityName": "FRESNO", "County": "FRESNO", "State": "CA", "PostCode": "93722", "SpatialOffsetMeters": null}}, {"type": "Feature", "geometry": {"type": "Point", "coordinates": [-119.8975566, 36.7665346]}, "properties": {"SSAP_NGUID": "urn:emergency:uid:gis:SSAP:cb9cadd4-d351-4d93-bfce-a4d65a0365ee:fresnocountyca.gov", "DisclID": "fresnocountyca.gov", "CountyLocalID": null, "GERS_ID": "cb9cadd4-d351-4d93-bfce-a4d65a0365ee", "ConflationStatus": "OVERTURE_ONLY", "Source": "OVERTURE_MAPS", "HNO": "2130", "PRD": null, "STN": "N HAYES AVE", "STS": null, "Unit": null, "CommunityName": "FRESNO", "County": "FRESNO", "State": "CA", "PostCode": "93723", "SpatialOffsetMeters": null}}, {"type": "Feature", "geometry": {"type": "Point", "coordinates": [-119.8965493, 36.768292]}, "properties": {"SSAP_NGUID": "urn:emergency:uid:gis:SSAP:29476e42-a3da-4863-b84f-c8a0645e97eb:fresnocountyca.gov", "DisclID": "fresnocountyca.gov", "CountyLocalID": null, "GERS_ID": "29476e42-a3da-4863-b84f-c8a0645e97eb", "ConflationStatus": "OVERTURE_ONLY", "Source": "OVERTURE_MAPS", "HNO": "2265", "PRD": null, "STN": "N VISTA AVE", "STS": null, "Unit": null, "CommunityName": "FRESNO", "County": "FRESNO", "State": "CA", "PostCode": "93722", "SpatialOffsetMeters": null}}, {"type": "Feature", "geometry": {"type": "Point", "coordinates": [-119.8965535, 36.7686532]}, "properties": {"SSAP_NGUID": "urn:emergency:uid:gis:SSAP:6be6adca-c687-41c9-95a4-d6b7b35fc791:fresnocountyca.gov", "DisclID": "fresnocountyca.gov", "CountyLocalID": null, "GERS_ID": "6be6adca-c687-41c9-95a4-d6b7b35fc791", "ConflationStatus": "OVERTURE_ONLY", "Source": "OVERTURE_MAPS", "HNO": "2285", "PRD": null, "STN": "N VISTA AVE", "STS": null, "Unit": null, "CommunityName": "FRESNO", "County": "FRESNO", "State": "CA", "PostCode": "93722", "SpatialOffsetMeters": null}}, {"type": "Feature", "geometry": {"type": "Point", "coordinates": [-119.8947926, 36.768297]}, "properties": {"SSAP_NGUID": "urn:emergency:uid:gis:SSAP:efe22d1b-8cff-4dda-a422-e6b7678f1a70:fresnocountyca.gov", "DisclID": "fresnocountyca.gov", "CountyLocalID": null, "GERS_ID": "efe22d1b-8cff-4dda-a422-e6b7678f1a70", "ConflationStatus": "OVERTURE_ONLY", "Source": "OVERTURE_MAPS", "HNO": "2246", "PRD": null, "STN": "N VISTA AVE", "STS": null, "Unit": null, "CommunityName": "FRESNO", "County": "FRESNO", "State": "CA", "PostCode": "93722", "SpatialOffsetMeters": null}}, {"type": "Feature", "geometry": {"type": "Point", "coordinates": [-119.8927357, 36.7673162]}, "properties": {"SSAP_NGUID": "urn:emergency:uid:gis:SSAP:959edd2e-f461-4a0d-a965-34194890bca0:fresnocountyca.gov", "DisclID": "fresnocountyca.gov", "CountyLocalID": null, "GERS_ID": "959edd2e-f461-4a0d-a965-34194890bca0", "ConflationStatus": "OVERTURE_ONLY", "Source": "OVERTURE_MAPS", "HNO": "2151", "PRD": null, "STN": "N IVANHOE AVE", "STS": null, "Unit": null, "CommunityName": "FRESNO", "County": "FRESNO", "State": "CA", "PostCode": "93722", "SpatialOffsetMeters": null}}, {"type": "Feature", "geometry": {"type": "Point", "coordinates": [-119.8912063, 36.7673905]}, "properties": {"SSAP_NGUID": "urn:emergency:uid:gis:SSAP:c045ee61-07e3-44a0-98aa-c2350809e0a8:fresnocountyca.gov", "DisclID": "fresnocountyca.gov", "CountyLocalID": null, "GERS_ID": "c045ee61-07e3-44a0-98aa-c2350809e0a8", "ConflationStatus": "OVERTURE_ONLY", "Source": "OVERTURE_MAPS", "HNO": "2150", "PRD": null, "STN": "N ROSENDO AVE", "STS": null, "Unit": null, "CommunityName": "FRESNO", "County": "FRESNO", "State": "CA", "PostCode": "93722", "SpatialOffsetMeters": null}}, {"type": "Feature", "geometry": {"type": "Point", "coordinates": [-119.8909528, 36.7679811]}, "properties": {"SSAP_NGUID": "urn:emergency:uid:gis:SSAP:46f8196d-ab04-42b2-8ef5-2f45665798d1:fresnocountyca.gov", "DisclID": "fresnocountyca.gov", "CountyLocalID": null, "GERS_ID": "46f8196d-ab04-42b2-8ef5-2f45665798d1", "ConflationStatus": "OVERTURE_ONLY", "Source": "OVERTURE_MAPS", "HNO": "5556", "PRD": null, "STN": "W COTTON AVE", "STS": null, "Unit": null, "CommunityName": "FRESNO", "County": "FRESNO", "State": "CA", "PostCode": "93722", "SpatialOffsetMeters": null}}, {"type": "Feature", "geometry": {"type": "Point", "coordinates": [-119.8894167, 36.7677819]}, "properties": {"SSAP_NGUID": "urn:emergency:uid:gis:SSAP:7bc922ea-8e79-48f5-8c69-36e02eb7071f:fresnocountyca.gov", "DisclID": "fresnocountyca.gov", "CountyLocalID": null, "GERS_ID": "7bc922ea-8e79-48f5-8c69-36e02eb7071f", "ConflationStatus": "OVERTURE_ONLY", "Source": "OVERTURE_MAPS", "HNO": "2169", "PRD": null, "STN": "N POLK AVE", "STS": null, "Unit": null, "CommunityName": "FRESNO", "County": "FRESNO", "State": "CA", "PostCode": "93722", "SpatialOffsetMeters": null}}, {"type": "Feature", "geometry": {"type": "Point", "coordinates": [-119.8879864, 36.7675464]}, "properties": {"SSAP_NGUID": "urn:emergency:uid:gis:SSAP:ca4a0d84-5f97-44e4-a261-fb34f4f59121:fresnocountyca.gov", "DisclID": "fresnocountyca.gov", "CountyLocalID": null, "GERS_ID": "ca4a0d84-5f97-44e4-a261-fb34f4f59121", "ConflationStatus": "OVERTURE_ONLY", "Source": "OVERTURE_MAPS", "HNO": "5379", "PRD": null, "STN": "W COTTON AVE", "STS": null, "Unit": null, "CommunityName": "FRESNO", "County": "FRESNO", "State": "CA", "PostCode": "93722", "SpatialOffsetMeters": null}}, {"type": "Feature", "geometry": {"type": "Point", "coordinates": [-119.8867503, 36.7672426]}, "properties": {"SSAP_NGUID": "urn:emergency:uid:gis:SSAP:a4513290-e201-4d32-96b1-dc88399dc30f:fresnocountyca.gov", "DisclID": "fresnocountyca.gov", "CountyLocalID": null, "GERS_ID": "a4513290-e201-4d32-96b1-dc88399dc30f", "ConflationStatus": "OVERTURE_ONLY", "Source": "OVERTURE_MAPS", "HNO": "5316", "PRD": null, "STN": "W NORMAL AVE", "STS": null, "Unit": null, "CommunityName": "FRESNO", "County": "FRESNO", "State": "CA", "PostCode": "93722", "SpatialOffsetMeters": null}}, {"type": "Feature", "geometry": {"type": "Point", "coordinates": [-119.886756, 36.7675602]}, "properties": {"SSAP_NGUID": "urn:emergency:uid:gis:SSAP:d55c3735-af03-4859-8e15-972e12b76126:fresnocountyca.gov", "DisclID": "fresnocountyca.gov", "CountyLocalID": null, "GERS_ID": "d55c3735-af03-4859-8e15-972e12b76126", "ConflationStatus": "OVERTURE_ONLY", "Source": "OVERTURE_MAPS", "HNO": "5317", "PRD": null, "STN": "W COTTON AVE", "STS": null, "Unit": null, "CommunityName": "FRESNO", "County": "FRESNO", "State": "CA", "PostCode": "93722", "SpatialOffsetMeters": null}}, {"type": "Feature", "geometry": {"type": "Point", "coordinates": [-119.8864233, 36.7679594]}, "properties": {"SSAP_NGUID": "urn:emergency:uid:gis:SSAP:32bb2098-c6e8-4212-b3ea-53568b427c37:fresnocountyca.gov", "DisclID": "fresnocountyca.gov", "CountyLocalID": null, "GERS_ID": "32bb2098-c6e8-4212-b3ea-53568b427c37", "ConflationStatus": "OVERTURE_ONLY", "Source": "OVERTURE_MAPS", "HNO": "5304", "PRD": null, "STN": "W COTTON AVE", "STS": null, "Unit": null, "CommunityName": "FRESNO", "County": "FRESNO", "State": "CA", "PostCode": "93722", "SpatialOffsetMeters": null}}, {"type": "Feature", "geometry": {"type": "Point", "coordinates": [-119.8869746, 36.7683746]}, "properties": {"SSAP_NGUID": "urn:emergency:uid:gis:SSAP:acd83f7c-877e-4264-9346-1c3b3c0eb23a:fresnocountyca.gov", "DisclID": "fresnocountyca.gov", "CountyLocalID": null, "GERS_ID": "acd83f7c-877e-4264-9346-1c3b3c0eb23a", "ConflationStatus": "OVERTURE_ONLY", "Source": "OVERTURE_MAPS", "HNO": "2250", "PRD": null, "STN": "N POLK AVE", "STS": null, "Unit": null, "CommunityName": "FRESNO", "County": "FRESNO", "State": "CA", "PostCode": "93722", "SpatialOffsetMeters": null}}, {"type": "Feature", "geometry": {"type": "Point", "coordinates": [-119.8887894, 36.7695093]}, "properties": {"SSAP_NGUID": "urn:emergency:uid:gis:SSAP:39b1307d-b18b-4530-85d8-e36b70a8434d:fresnocountyca.gov", "DisclID": "fresnocountyca.gov", "CountyLocalID": null, "GERS_ID": "39b1307d-b18b-4530-85d8-e36b70a8434d", "ConflationStatus": "OVERTURE_ONLY", "Source": "OVERTURE_MAPS", "HNO": "5445", "PRD": null, "STN": "W YALE AVE", "STS": null, "Unit": null, "CommunityName": "FRESNO", "County": "FRESNO", "State": "CA", "PostCode": "93722", "SpatialOffsetMeters": null}}, {"type": "Feature", "geometry": {"type": "Point", "coordinates": [-119.8867515, 36.7712441]}, "properties": {"SSAP_NGUID": "urn:emergency:uid:gis:SSAP:d8b35244-a163-4f3d-99e7-f79f2462c851:fresnocountyca.gov", "DisclID": "fresnocountyca.gov", "CountyLocalID": null, "GERS_ID": "d8b35244-a163-4f3d-99e7-f79f2462c851", "ConflationStatus": "OVERTURE_ONLY", "Source": "OVERTURE_MAPS", "HNO": "5347", "PRD": null, "STN": "W CLINTON AVE", "STS": null, "Unit": null, "CommunityName": "FRESNO", "County": "FRESNO", "State": "CA", "PostCode": "93722", "SpatialOffsetMeters": null}}, {"type": "Feature", "geometry": {"type": "Point", "coordinates": [-119.8948037, 36.7696924]}, "properties": {"SSAP_NGUID": "urn:emergency:uid:gis:SSAP:0fedbb0c-2b1f-4b3f-8a70-3d688ae2bdb7:fresnocountyca.gov", "DisclID": "fresnocountyca.gov", "CountyLocalID": null, "GERS_ID": "0fedbb0c-2b1f-4b3f-8a70-3d688ae2bdb7", "ConflationStatus": "OVERTURE_ONLY", "Source": "OVERTURE_MAPS", "HNO": "2352", "PRD": null, "STN": "N VISTA AVE", "STS": null, "Unit": null, "CommunityName": "FRESNO", "County": "FRESNO", "State": "CA", "PostCode": "93722", "SpatialOffsetMeters": null}}, {"type": "Feature", "geometry": {"type": "Point", "coordinates": [-119.8973532, 36.7712184]}, "properties": {"SSAP_NGUID": "urn:emergency:uid:gis:SSAP:9ca5ebcb-5755-41fd-bcde-ddc063887158:fresnocountyca.gov", "DisclID": "fresnocountyca.gov", "CountyLocalID": null, "GERS_ID": "9ca5ebcb-5755-41fd-bcde-ddc063887158", "ConflationStatus": "OVERTURE_ONLY", "Source": "OVERTURE_MAPS", "HNO": "5915", "PRD": null, "STN": "W CLINTON AVE", "STS": null, "Unit": null, "CommunityName": "FRESNO", "County": "FRESNO", "State": "CA", "PostCode": "93722", "SpatialOffsetMeters": null}}, {"type": "Feature", "geometry": {"type": "Point", "coordinates": [-119.9044041, 36.7697559]}, "properties": {"SSAP_NGUID": "urn:emergency:uid:gis:SSAP:d287aeeb-f30e-47ee-b98e-9bb7d07e3390:fresnocountyca.gov", "DisclID": "fresnocountyca.gov", "CountyLocalID": null, "GERS_ID": "d287aeeb-f30e-47ee-b98e-9bb7d07e3390", "ConflationStatus": "OVERTURE_ONLY", "Source": "OVERTURE_MAPS", "HNO": "2347", "PRD": null, "STN": "N RING AVE", "STS": null, "Unit": null, "CommunityName": "FRESNO", "County": "FRESNO", "State": "CA", "PostCode": "93723", "SpatialOffsetMeters": null}}, {"type": "Feature", "geometry": {"type": "Point", "coordinates": [-119.9031965, 36.7675125]}, "properties": {"SSAP_NGUID": "urn:emergency:uid:gis:SSAP:57cb70f7-c292-4e21-b1af-380282ab3bd7:fresnocountyca.gov", "DisclID": "fresnocountyca.gov", "CountyLocalID": null, "GERS_ID": "57cb70f7-c292-4e21-b1af-380282ab3bd7", "ConflationStatus": "OVERTURE_ONLY", "Source": "OVERTURE_MAPS", "HNO": "2196", "PRD": null, "STN": "N RING AVE", "STS": null, "Unit": null, "CommunityName": "FRESNO", "County": "FRESNO", "State": "CA", "PostCode": "93723", "SpatialOffsetMeters": null}}, {"type": "Feature", "geometry": {"type": "Point", "coordinates": [-119.9086513, 36.7688514]}, "properties": {"SSAP_NGUID": "urn:emergency:uid:gis:SSAP:0d68b405-3f9b-44f0-a2d4-38a06f7d975c:fresnocountyca.gov", "DisclID": "fresnocountyca.gov", "CountyLocalID": null, "GERS_ID": "0d68b405-3f9b-44f0-a2d4-38a06f7d975c", "ConflationStatus": "OVERTURE_ONLY", "Source": "OVERTURE_MAPS", "HNO": "6555", "PRD": null, "STN": "W YALE AVE", "STS": null, "Unit": null, "CommunityName": "FRESNO", "County": "FRESNO", "State": "CA", "PostCode": "93723", "SpatialOffsetMeters": null}}, {"type": "Feature", "geometry": {"type": "Point", "coordinates": [-119.9111764, 36.7688623]}, "properties": {"SSAP_NGUID": "urn:emergency:uid:gis:SSAP:a3b0c5f0-8d16-4949-acb4-58ab21c53432:fresnocountyca.gov", "DisclID": "fresnocountyca.gov", "CountyLocalID": null, "GERS_ID": "a3b0c5f0-8d16-4949-acb4-58ab21c53432", "ConflationStatus": "OVERTURE_ONLY", "Source": "OVERTURE_MAPS", "HNO": "6713", "PRD": null, "STN": "W YALE AVE", "STS": null, "Unit": null, "CommunityName": "FRESNO", "County": "FRESNO", "State": "CA", "PostCode": "93723", "SpatialOffsetMeters": null}}, {"type": "Feature", "geometry": {"type": "Point", "coordinates": [-119.9092281, 36.7702823]}, "properties": {"SSAP_NGUID": "urn:emergency:uid:gis:SSAP:8fa82a3a-cc78-49ff-8828-5f7413921342:fresnocountyca.gov", "DisclID": "fresnocountyca.gov", "CountyLocalID": null, "GERS_ID": "8fa82a3a-cc78-49ff-8828-5f7413921342", "ConflationStatus": "OVERTURE_ONLY", "Source": "OVERTURE_MAPS", "HNO": "6586", "PRD": null, "STN": "W YALE AVE", "STS": null, "Unit": null, "CommunityName": "FRESNO", "County": "FRESNO", "State": "CA", "PostCode": "93723", "SpatialOffsetMeters": null}}, {"type": "Feature", "geometry": {"type": "Point", "coordinates": [-119.9075625, 36.7707055]}, "properties": {"SSAP_NGUID": "urn:emergency:uid:gis:SSAP:fb22f1cd-8e91-4e40-b2b8-c0797a9d9667:fresnocountyca.gov", "DisclID": "fresnocountyca.gov", "CountyLocalID": null, "GERS_ID": "fb22f1cd-8e91-4e40-b2b8-c0797a9d9667", "ConflationStatus": "OVERTURE_ONLY", "Source": "OVERTURE_MAPS", "HNO": "2405", "PRD": null, "STN": "N BRYAN AVE", "STS": null, "Unit": null, "CommunityName": "FRESNO", "County": "FRESNO", "State": "CA", "PostCode": "93723", "SpatialOffsetMeters": null}}, {"type": "Feature", "geometry": {"type": "Point", "coordinates": [-119.9103288, 36.7711103]}, "properties": {"SSAP_NGUID": "urn:emergency:uid:gis:SSAP:4133351c-dcb7-4ac6-8cc9-5d96fab0c34e:fresnocountyca.gov", "DisclID": "fresnocountyca.gov", "CountyLocalID": null, "GERS_ID": "4133351c-dcb7-4ac6-8cc9-5d96fab0c34e", "ConflationStatus": "OVERTURE_ONLY", "Source": "OVERTURE_MAPS", "HNO": "6641", "PRD": null, "STN": "W CLINTON AVE", "STS": null, "Unit": null, "CommunityName": "FRESNO", "County": "FRESNO", "State": "CA", "PostCode": "93723", "SpatialOffsetMeters": null}}, {"type": "Feature", "geometry": {"type": "Point", "coordinates": [-119.8994091, 36.7737424]}, "properties": {"SSAP_NGUID": "urn:emergency:uid:gis:SSAP:abaef78f-7fc9-4bf2-bbd1-382e942e176a:fresnocountyca.gov", "DisclID": "fresnocountyca.gov", "CountyLocalID": null, "GERS_ID": "abaef78f-7fc9-4bf2-bbd1-382e942e176a", "ConflationStatus": "OVERTURE_ONLY", "Source": "OVERTURE_MAPS", "HNO": "2623", "PRD": null, "STN": "N HAYES AVE", "STS": null, "Unit": null, "CommunityName": "FRESNO", "County": "FRESNO", "State": "CA", "PostCode": "93723", "SpatialOffsetMeters": null}}, {"type": "Feature", "geometry": {"type": "Point", "coordinates": [-119.9058573, 36.7783662]}, "properties": {"SSAP_NGUID": "urn:emergency:uid:gis:SSAP:8432ffed-1a21-410f-999d-f61123d9e550:fresnocountyca.gov", "DisclID": "fresnocountyca.gov", "CountyLocalID": null, "GERS_ID": "8432ffed-1a21-410f-999d-f61123d9e550", "ConflationStatus": "OVERTURE_ONLY", "Source": "OVERTURE_MAPS", "HNO": "6399", "PRD": null, "STN": "W SHIELDS AVE", "STS": null, "Unit": null, "CommunityName": "FRESNO", "County": "FRESNO", "State": "CA", "PostCode": "93723", "SpatialOffsetMeters": null}}, {"type": "Feature", "geometry": {"type": "Point", "coordinates": [-119.9060575, 36.7797162]}, "properties": {"SSAP_NGUID": "urn:emergency:uid:gis:SSAP:42dcf348-fe83-4af9-8d56-8cd75fd168e2:fresnocountyca.gov", "DisclID": "fresnocountyca.gov", "CountyLocalID": null, "GERS_ID": "42dcf348-fe83-4af9-8d56-8cd75fd168e2", "ConflationStatus": "OVERTURE_ONLY", "Source": "OVERTURE_MAPS", "HNO": "6418", "PRD": null, "STN": "W SHIELDS AVE", "STS": null, "Unit": null, "CommunityName": "FRESNO", "County": "FRESNO", "State": "CA", "PostCode": "93723", "SpatialOffsetMeters": null}}, {"type": "Feature", "geometry": {"type": "Point", "coordinates": [-119.8994572, 36.7801155]}, "properties": {"SSAP_NGUID": "urn:emergency:uid:gis:SSAP:162f3cf5-a5d3-4355-a977-5a5c0b555e5d:fresnocountyca.gov", "DisclID": "fresnocountyca.gov", "CountyLocalID": null, "GERS_ID": "162f3cf5-a5d3-4355-a977-5a5c0b555e5d", "ConflationStatus": "OVERTURE_ONLY", "Source": "OVERTURE_MAPS", "HNO": "3057", "PRD": null, "STN": "N HAYES AVE", "STS": null, "Unit": null, "CommunityName": "FRESNO", "County": "FRESNO", "State": "CA", "PostCode": "93723", "SpatialOffsetMeters": null}}, {"type": "Feature", "geometry": {"type": "Point", "coordinates": [-119.8994137, 36.7769234]}, "properties": {"SSAP_NGUID": "urn:emergency:uid:gis:SSAP:f5c519aa-38a3-431b-ac40-c5cb9ec4da91:fresnocountyca.gov", "DisclID": "fresnocountyca.gov", "CountyLocalID": null, "GERS_ID": "f5c519aa-38a3-431b-ac40-c5cb9ec4da91", "ConflationStatus": "OVERTURE_ONLY", "Source": "OVERTURE_MAPS", "HNO": "2817", "PRD": null, "STN": "N HAYES AVE", "STS": null, "Unit": null, "CommunityName": "FRESNO", "County": "FRESNO", "State": "CA", "PostCode": "93723", "SpatialOffsetMeters": null}}, {"type": "Feature", "geometry": {"type": "Point", "coordinates": [-119.8948935, 36.7808334]}, "properties": {"SSAP_NGUID": "urn:emergency:uid:gis:SSAP:3dcf0c39-68eb-418e-834e-fd8d108c4120:fresnocountyca.gov", "DisclID": "fresnocountyca.gov", "CountyLocalID": null, "GERS_ID": "3dcf0c39-68eb-418e-834e-fd8d108c4120", "ConflationStatus": "OVERTURE_ONLY", "Source": "OVERTURE_MAPS", "HNO": "5820", "PRD": null, "STN": "W SHIELDS AVE", "STS": null, "Unit": null, "CommunityName": "FRESNO", "County": "FRESNO", "State": "CA", "PostCode": "93722", "SpatialOffsetMeters": null}}, {"type": "Feature", "geometry": {"type": "Point", "coordinates": [-119.8881368, 36.7808528]}, "properties": {"SSAP_NGUID": "urn:emergency:uid:gis:SSAP:ba9aa48b-ceaf-4436-a65b-f8ada5be1622:fresnocountyca.gov", "DisclID": "fresnocountyca.gov", "CountyLocalID": null, "GERS_ID": "ba9aa48b-ceaf-4436-a65b-f8ada5be1622", "ConflationStatus": "OVERTURE_ONLY", "Source": "OVERTURE_MAPS", "HNO": "3120", "PRD": null, "STN": "N POLK AVE", "STS": null, "Unit": null, "CommunityName": "FRESNO", "County": "FRESNO", "State": "CA", "PostCode": "93722", "SpatialOffsetMeters": null}}, {"type": "Feature", "geometry": {"type": "Point", "coordinates": [-119.887991, 36.7785281]}, "properties": {"SSAP_NGUID": "urn:emergency:uid:gis:SSAP:c2edb8f8-f6fa-49e8-91f8-f3d201e15e40:fresnocountyca.gov", "DisclID": "fresnocountyca.gov", "CountyLocalID": null, "GERS_ID": "c2edb8f8-f6fa-49e8-91f8-f3d201e15e40", "ConflationStatus": "OVERTURE_ONLY", "Source": "OVERTURE_MAPS", "HNO": "5449", "PRD": null, "STN": "W SHIELDS AVE", "STS": null, "Unit": null, "CommunityName": "FRESNO", "County": "FRESNO", "State": "CA", "PostCode": "93722", "SpatialOffsetMeters": null}}, {"type": "Feature", "geometry": {"type": "Point", "coordinates": [-119.8904373, 36.7769683]}, "properties": {"SSAP_NGUID": "urn:emergency:uid:gis:SSAP:ce67343d-06e9-4b72-ab66-8af72e4b38cd:fresnocountyca.gov", "DisclID": "fresnocountyca.gov", "CountyLocalID": null, "GERS_ID": "ce67343d-06e9-4b72-ab66-8af72e4b38cd", "ConflationStatus": "OVERTURE_ONLY", "Source": "OVERTURE_MAPS", "HNO": "2813", "PRD": null, "STN": "N POLK AVE", "STS": null, "Unit": null, "CommunityName": "FRESNO", "County": "FRESNO", "State": "CA", "PostCode": "93722", "SpatialOffsetMeters": null}}, {"type": "Feature", "geometry": {"type": "Point", "coordinates": [-119.8863655, 36.7752523]}, "properties": {"SSAP_NGUID": "urn:emergency:uid:gis:SSAP:53d6bda6-c4bc-415e-8e52-cc7892e67164:fresnocountyca.gov", "DisclID": "fresnocountyca.gov", "CountyLocalID": null, "GERS_ID": "53d6bda6-c4bc-415e-8e52-cc7892e67164", "ConflationStatus": "OVERTURE_ONLY", "Source": "OVERTURE_MAPS", "HNO": "5330", "PRD": null, "STN": "W HOMAN AVE", "STS": null, "Unit": null, "CommunityName": "FRESNO", "County": "FRESNO", "State": "CA", "PostCode": "93722", "SpatialOffsetMeters": null}}, {"type": "Feature", "geometry": {"type": "Point", "coordinates": [-119.8863198, 36.7748389]}, "properties": {"SSAP_NGUID": "urn:emergency:uid:gis:SSAP:c8159060-1b10-4d40-9d48-c312279aafab:fresnocountyca.gov", "DisclID": "fresnocountyca.gov", "CountyLocalID": null, "GERS_ID": "c8159060-1b10-4d40-9d48-c312279aafab", "ConflationStatus": "OVERTURE_ONLY", "Source": "OVERTURE_MAPS", "HNO": "5325", "PRD": null, "STN": "W HOMAN AVE", "STS": null, "Unit": null, "CommunityName": "FRESNO", "County": "FRESNO", "State": "CA", "PostCode": "93722", "SpatialOffsetMeters": null}}, {"type": "Feature", "geometry": {"type": "Point", "coordinates": [-119.8873644, 36.7745491]}, "properties": {"SSAP_NGUID": "urn:emergency:uid:gis:SSAP:81dd83e5-5c9a-4193-8093-d1f6227c3e35:fresnocountyca.gov", "DisclID": "fresnocountyca.gov", "CountyLocalID": null, "GERS_ID": "81dd83e5-5c9a-4193-8093-d1f6227c3e35", "ConflationStatus": "OVERTURE_ONLY", "Source": "OVERTURE_MAPS", "HNO": "5376", "PRD": null, "STN": "W BROWN AVE", "STS": null, "Unit": null, "CommunityName": "FRESNO", "County": "FRESNO", "State": "CA", "PostCode": "93722", "SpatialOffsetMeters": null}}, {"type": "Feature", "geometry": {"type": "Point", "coordinates": [-119.8879509, 36.7741327]}, "properties": {"SSAP_NGUID": "urn:emergency:uid:gis:SSAP:6ec109a1-9f76-4ff9-b0b9-f45bd7145df7:fresnocountyca.gov", "DisclID": "fresnocountyca.gov", "CountyLocalID": null, "GERS_ID": "6ec109a1-9f76-4ff9-b0b9-f45bd7145df7", "ConflationStatus": "OVERTURE_ONLY", "Source": "OVERTURE_MAPS", "HNO": "5401", "PRD": null, "STN": "W BROWN AVE", "STS": null, "Unit": null, "CommunityName": "FRESNO", "County": "FRESNO", "State": "CA", "PostCode": "93722", "SpatialOffsetMeters": null}}, {"type": "Feature", "geometry": {"type": "Point", "coordinates": [-119.888208, 36.774839]}, "properties": {"SSAP_NGUID": "urn:emergency:uid:gis:SSAP:c4edfbd0-fd63-4436-ae7a-f4f6394cc5af:fresnocountyca.gov", "DisclID": "fresnocountyca.gov", "CountyLocalID": null, "GERS_ID": "c4edfbd0-fd63-4436-ae7a-f4f6394cc5af", "ConflationStatus": "OVERTURE_ONLY", "Source": "OVERTURE_MAPS", "HNO": "5415", "PRD": null, "STN": "W HOMAN AVE", "STS": null, "Unit": null, "CommunityName": "FRESNO", "County": "FRESNO", "State": "CA", "PostCode": "93722", "SpatialOffsetMeters": null}}, {"type": "Feature", "geometry": {"type": "Point", "coordinates": [-119.8888365, 36.7752149]}, "properties": {"SSAP_NGUID": "urn:emergency:uid:gis:SSAP:30f86c26-8325-4581-b2e3-b17eee085ef1:fresnocountyca.gov", "DisclID": "fresnocountyca.gov", "CountyLocalID": null, "GERS_ID": "30f86c26-8325-4581-b2e3-b17eee085ef1", "ConflationStatus": "OVERTURE_ONLY", "Source": "OVERTURE_MAPS", "HNO": "2693", "PRD": null, "STN": "N ELLENDALE AVE", "STS": null, "Unit": null, "CommunityName": "FRESNO", "County": "FRESNO", "State": "CA", "PostCode": "93722", "SpatialOffsetMeters": null}}, {"type": "Feature", "geometry": {"type": "Point", "coordinates": [-119.8963018, 36.7726511]}, "properties": {"SSAP_NGUID": "urn:emergency:uid:gis:SSAP:1c9eed7a-e4c4-4ad9-a609-f75147dd67f7:fresnocountyca.gov", "DisclID": "fresnocountyca.gov", "CountyLocalID": null, "GERS_ID": "1c9eed7a-e4c4-4ad9-a609-f75147dd67f7", "ConflationStatus": "OVERTURE_ONLY", "Source": "OVERTURE_MAPS", "HNO": "5854", "PRD": null, "STN": "W CLINTON AVE", "STS": null, "Unit": null, "CommunityName": "FRESNO", "County": "FRESNO", "State": "CA", "PostCode": "93722", "SpatialOffsetMeters": null}}, {"type": "Feature", "geometry": {"type": "Point", "coordinates": [-119.8883989, 36.7730839]}, "properties": {"SSAP_NGUID": "urn:emergency:uid:gis:SSAP:669be4c3-a644-466b-80e5-a1af830a9932:fresnocountyca.gov", "DisclID": "fresnocountyca.gov", "CountyLocalID": null, "GERS_ID": "669be4c3-a644-466b-80e5-a1af830a9932", "ConflationStatus": "OVERTURE_ONLY", "Source": "OVERTURE_MAPS", "HNO": "5446", "PRD": null, "STN": "W TERRACE AVE", "STS": null, "Unit": null, "CommunityName": "FRESNO", "County": "FRESNO", "State": "CA", "PostCode": "93722", "SpatialOffsetMeters": null}}, {"type": "Feature", "geometry": {"type": "Point", "coordinates": [-119.8888626, 36.773566]}, "properties": {"SSAP_NGUID": "urn:emergency:uid:gis:SSAP:44b2cec6-36f9-4367-af60-d7967424c494:fresnocountyca.gov", "DisclID": "fresnocountyca.gov", "CountyLocalID": null, "GERS_ID": "44b2cec6-36f9-4367-af60-d7967424c494", "ConflationStatus": "OVERTURE_ONLY", "Source": "OVERTURE_MAPS", "HNO": "2611", "PRD": null, "STN": "N ELLENDALE AVE", "STS": null, "Unit": null, "CommunityName": "FRESNO", "County": "FRESNO", "State": "CA", "PostCode": "93722", "SpatialOffsetMeters": null}}, {"type": "Feature", "geometry": {"type": "Point", "coordinates": [-119.8869387, 36.7738083]}, "properties": {"SSAP_NGUID": "urn:emergency:uid:gis:SSAP:4f871cf7-1ee2-4826-9a64-600ff07ff92f:fresnocountyca.gov", "DisclID": "fresnocountyca.gov", "CountyLocalID": null, "GERS_ID": "4f871cf7-1ee2-4826-9a64-600ff07ff92f", "ConflationStatus": "OVERTURE_ONLY", "Source": "OVERTURE_MAPS", "HNO": "5354", "PRD": null, "STN": "W HARVARD AVE", "STS": null, "Unit": null, "CommunityName": "FRESNO", "County": "FRESNO", "State": "CA", "PostCode": "93722", "SpatialOffsetMeters": null}}, {"type": "Feature", "geometry": {"type": "Point", "coordinates": [-119.8865187, 36.7738261]}, "properties": {"SSAP_NGUID": "urn:emergency:uid:gis:SSAP:ce8892cf-3cf4-4930-8942-e3805a654246:fresnocountyca.gov", "DisclID": "fresnocountyca.gov", "CountyLocalID": null, "GERS_ID": "ce8892cf-3cf4-4930-8942-e3805a654246", "ConflationStatus": "OVERTURE_ONLY", "Source": "OVERTURE_MAPS", "HNO": "5330", "PRD": null, "STN": "W HARVARD AVE", "STS": null, "Unit": null, "CommunityName": "FRESNO", "County": "FRESNO", "State": "CA", "PostCode": "93722", "SpatialOffsetMeters": null}}, {"type": "Feature", "geometry": {"type": "Point", "coordinates": [-119.8868112, 36.7730082]}, "properties": {"SSAP_NGUID": "urn:emergency:uid:gis:SSAP:5e24f6a5-5601-4e9e-a031-922f6cc31782:fresnocountyca.gov", "DisclID": "fresnocountyca.gov", "CountyLocalID": null, "GERS_ID": "5e24f6a5-5601-4e9e-a031-922f6cc31782", "ConflationStatus": "OVERTURE_ONLY", "Source": "OVERTURE_MAPS", "HNO": "5352", "PRD": null, "STN": "W TERRACE AVE", "STS": null, "Unit": null, "CommunityName": "FRESNO", "County": "FRESNO", "State": "CA", "PostCode": "93722", "SpatialOffsetMeters": null}}, {"type": "Feature", "geometry": {"type": "Point", "coordinates": [-119.8868161, 36.7724391]}, "properties": {"SSAP_NGUID": "urn:emergency:uid:gis:SSAP:15d7fe1e-5392-4f26-a300-8c50263b5634:fresnocountyca.gov", "DisclID": "fresnocountyca.gov", "CountyLocalID": null, "GERS_ID": "15d7fe1e-5392-4f26-a300-8c50263b5634", "ConflationStatus": "OVERTURE_ONLY", "Source": "OVERTURE_MAPS", "HNO": "5353", "PRD": null, "STN": "W TERRACE AVE", "STS": null, "Unit": null, "CommunityName": "FRESNO", "County": "FRESNO", "State": "CA", "PostCode": "93722", "SpatialOffsetMeters": null}}, {"type": "Feature", "geometry": {"type": "Point", "coordinates": [-119.8884459, 36.7726607]}, "properties": {"SSAP_NGUID": "urn:emergency:uid:gis:SSAP:5bfa3736-788d-4c80-8a98-e352339f4848:fresnocountyca.gov", "DisclID": "fresnocountyca.gov", "CountyLocalID": null, "GERS_ID": "5bfa3736-788d-4c80-8a98-e352339f4848", "ConflationStatus": "OVERTURE_ONLY", "Source": "OVERTURE_MAPS", "HNO": "5449", "PRD": null, "STN": "W TERRACE AVE", "STS": null, "Unit": null, "CommunityName": "FRESNO", "County": "FRESNO", "State": "CA", "PostCode": "93722", "SpatialOffsetMeters": null}}, {"type": "Feature", "geometry": {"type": "Point", "coordinates": [-119.8833187, 36.7727863]}, "properties": {"SSAP_NGUID": "urn:emergency:uid:gis:SSAP:09d0f12d-8982-42d3-b8aa-ec007fa65f1e:fresnocountyca.gov", "DisclID": "fresnocountyca.gov", "CountyLocalID": null, "GERS_ID": "09d0f12d-8982-42d3-b8aa-ec007fa65f1e", "ConflationStatus": "OVERTURE_ONLY", "Source": "OVERTURE_MAPS", "HNO": "5132", "PRD": null, "STN": "W CLINTON AVE", "STS": null, "Unit": null, "CommunityName": "FRESNO", "County": "FRESNO", "State": "CA", "PostCode": "93722", "SpatialOffsetMeters": null}}, {"type": "Feature", "geometry": {"type": "Point", "coordinates": [-119.88551, 36.7729832]}, "properties": {"SSAP_NGUID": "urn:emergency:uid:gis:SSAP:b94aeac0-9811-4c09-b726-9b7fd8b873d8:fresnocountyca.gov", "DisclID": "fresnocountyca.gov", "CountyLocalID": null, "GERS_ID": "b94aeac0-9811-4c09-b726-9b7fd8b873d8", "ConflationStatus": "OVERTURE_ONLY", "Source": "OVERTURE_MAPS", "HNO": "2563", "PRD": null, "STN": "N CONSTANCE AVE", "STS": null, "Unit": null, "CommunityName": "FRESNO", "County": "FRESNO", "State": "CA", "PostCode": "93722", "SpatialOffsetMeters": null}}, {"type": "Feature", "geometry": {"type": "Point", "coordinates": [-119.8854985, 36.7736466]}, "properties": {"SSAP_NGUID": "urn:emergency:uid:gis:SSAP:261641cc-05b3-4425-80aa-de99ae155443:fresnocountyca.gov", "DisclID": "fresnocountyca.gov", "CountyLocalID": null, "GERS_ID": "261641cc-05b3-4425-80aa-de99ae155443", "ConflationStatus": "OVERTURE_ONLY", "Source": "OVERTURE_MAPS", "HNO": "2607", "PRD": null, "STN": "N CONSTANCE AVE", "STS": null, "Unit": null, "CommunityName": "FRESNO", "County": "FRESNO", "State": "CA", "PostCode": "93722", "SpatialOffsetMeters": null}}, {"type": "Feature", "geometry": {"type": "Point", "coordinates": [-119.8830387, 36.773753]}, "properties": {"SSAP_NGUID": "urn:emergency:uid:gis:SSAP:6b41b4ad-9df9-4552-9a52-e0ba5d110607:fresnocountyca.gov", "DisclID": "fresnocountyca.gov", "CountyLocalID": null, "GERS_ID": "6b41b4ad-9df9-4552-9a52-e0ba5d110607", "ConflationStatus": "OVERTURE_ONLY", "Source": "OVERTURE_MAPS", "HNO": "5145", "PRD": null, "STN": "W HARVARD AVE", "STS": null, "Unit": null, "CommunityName": "FRESNO", "County": "FRESNO", "State": "CA", "PostCode": "93722", "SpatialOffsetMeters": null}}, {"type": "Feature", "geometry": {"type": "Point", "coordinates": [-119.8807008, 36.7738772]}, "properties": {"SSAP_NGUID": "urn:emergency:uid:gis:SSAP:4c24cc58-8bc9-4f11-8962-c2b74a7c5317:fresnocountyca.gov", "DisclID": "fresnocountyca.gov", "CountyLocalID": null, "GERS_ID": "4c24cc58-8bc9-4f11-8962-c2b74a7c5317", "ConflationStatus": "OVERTURE_ONLY", "Source": "OVERTURE_MAPS", "HNO": "5013", "PRD": null, "STN": "W HARVARD AVE", "STS": null, "Unit": null, "CommunityName": "FRESNO", "County": "FRESNO", "State": "CA", "PostCode": "93722", "SpatialOffsetMeters": null}}, {"type": "Feature", "geometry": {"type": "Point", "coordinates": [-119.8799298, 36.7728974]}, "properties": {"SSAP_NGUID": "urn:emergency:uid:gis:SSAP:061ba3e5-4956-4b56-9eae-021f1d855f35:fresnocountyca.gov", "DisclID": "fresnocountyca.gov", "CountyLocalID": null, "GERS_ID": "061ba3e5-4956-4b56-9eae-021f1d855f35", "ConflationStatus": "OVERTURE_ONLY", "Source": "OVERTURE_MAPS", "HNO": "4770", "PRD": null, "STN": "W PROVIDENCE AVE", "STS": null, "Unit": null, "CommunityName": "FRESNO", "County": "FRESNO", "State": "CA", "PostCode": "93722", "SpatialOffsetMeters": null}}, {"type": "Feature", "geometry": {"type": "Point", "coordinates": [-119.880149, 36.7721779]}, "properties": {"SSAP_NGUID": "urn:emergency:uid:gis:SSAP:379f0de1-fd9f-483a-b92d-8080e0ca6c31:fresnocountyca.gov", "DisclID": "fresnocountyca.gov", "CountyLocalID": null, "GERS_ID": "379f0de1-fd9f-483a-b92d-8080e0ca6c31", "ConflationStatus": "OVERTURE_ONLY", "Source": "OVERTURE_MAPS", "HNO": "2495", "PRD": null, "STN": "N CORNELIA AVE", "STS": null, "Unit": null, "CommunityName": "FRESNO", "County": "FRESNO", "State": "CA", "PostCode": "93722", "SpatialOffsetMeters": null}}, {"type": "Feature", "geometry": {"type": "Point", "coordinates": [-119.8787759, 36.7720079]}, "properties": {"SSAP_NGUID": "urn:emergency:uid:gis:SSAP:c0d1b861-7d05-4713-b320-5c7a9b6e5283:fresnocountyca.gov", "DisclID": "fresnocountyca.gov", "CountyLocalID": null, "GERS_ID": "c0d1b861-7d05-4713-b320-5c7a9b6e5283", "ConflationStatus": "OVERTURE_ONLY", "Source": "OVERTURE_MAPS", "HNO": "4734", "PRD": null, "STN": "W CLINTON AVE", "STS": null, "Unit": null, "CommunityName": "FRESNO", "County": "FRESNO", "State": "CA", "PostCode": "93722", "SpatialOffsetMeters": null}}, {"type": "Feature", "geometry": {"type": "Point", "coordinates": [-119.8785566, 36.7720984]}, "properties": {"SSAP_NGUID": "urn:emergency:uid:gis:SSAP:e0f8ade2-4ac7-427f-8aaf-f5722e9f8022:fresnocountyca.gov", "DisclID": "fresnocountyca.gov", "CountyLocalID": null, "GERS_ID": "e0f8ade2-4ac7-427f-8aaf-f5722e9f8022", "ConflationStatus": "OVERTURE_ONLY", "Source": "OVERTURE_MAPS", "HNO": "4724", "PRD": null, "STN": "W CLINTON AVE", "STS": null, "Unit": null, "CommunityName": "FRESNO", "County": "FRESNO", "State": "CA", "PostCode": "93722", "SpatialOffsetMeters": null}}, {"type": "Feature", "geometry": {"type": "Point", "coordinates": [-119.878913, 36.7724236]}, "properties": {"SSAP_NGUID": "urn:emergency:uid:gis:SSAP:96661501-37eb-4a82-81f7-613bc01f7d1b:fresnocountyca.gov", "DisclID": "fresnocountyca.gov", "CountyLocalID": null, "GERS_ID": "96661501-37eb-4a82-81f7-613bc01f7d1b", "ConflationStatus": "OVERTURE_ONLY", "Source": "OVERTURE_MAPS", "HNO": "4735", "PRD": null, "STN": "W PROVIDENCE AVE", "STS": null, "Unit": null, "CommunityName": "FRESNO", "County": "FRESNO", "State": "CA", "PostCode": "93722", "SpatialOffsetMeters": null}}, {"type": "Feature", "geometry": {"type": "Point", "coordinates": [-119.8782978, 36.7724125]}, "properties": {"SSAP_NGUID": "urn:emergency:uid:gis:SSAP:d6fb9a28-2116-4dfe-b8a8-11856ebe713e:fresnocountyca.gov", "DisclID": "fresnocountyca.gov", "CountyLocalID": null, "GERS_ID": "d6fb9a28-2116-4dfe-b8a8-11856ebe713e", "ConflationStatus": "OVERTURE_ONLY", "Source": "OVERTURE_MAPS", "HNO": "4711", "PRD": null, "STN": "W PROVIDENCE AVE", "STS": null, "Unit": null, "CommunityName": "FRESNO", "County": "FRESNO", "State": "CA", "PostCode": "93722", "SpatialOffsetMeters": null}}, {"type": "Feature", "geometry": {"type": "Point", "coordinates": [-119.8763951, 36.7727984]}, "properties": {"SSAP_NGUID": "urn:emergency:uid:gis:SSAP:3f562ae2-673c-4cb9-8786-549349cfd4a2:fresnocountyca.gov", "DisclID": "fresnocountyca.gov", "CountyLocalID": null, "GERS_ID": "3f562ae2-673c-4cb9-8786-549349cfd4a2", "ConflationStatus": "OVERTURE_ONLY", "Source": "OVERTURE_MAPS", "HNO": "2450", "PRD": null, "STN": "N ANTIOCH AVE", "STS": null, "Unit": null, "CommunityName": "FRESNO", "County": "FRESNO", "State": "CA", "PostCode": "93722", "SpatialOffsetMeters": null}}, {"type": "Feature", "geometry": {"type": "Point", "coordinates": [-119.8768044, 36.7721728]}, "properties": {"SSAP_NGUID": "urn:emergency:uid:gis:SSAP:e3f60d7f-1133-4e1f-b292-3618481254b1:fresnocountyca.gov", "DisclID": "fresnocountyca.gov", "CountyLocalID": null, "GERS_ID": "e3f60d7f-1133-4e1f-b292-3618481254b1", "ConflationStatus": "OVERTURE_ONLY", "Source": "OVERTURE_MAPS", "HNO": "4644", "PRD": null, "STN": "W CLINTON AVE", "STS": null, "Unit": null, "CommunityName": "FRESNO", "County": "FRESNO", "State": "CA", "PostCode": "93722", "SpatialOffsetMeters": null}}, {"type": "Feature", "geometry": {"type": "Point", "coordinates": [-119.877683, 36.7720905]}, "properties": {"SSAP_NGUID": "urn:emergency:uid:gis:SSAP:fb659852-77fd-4f5f-8e4d-b40c4d8417b8:fresnocountyca.gov", "DisclID": "fresnocountyca.gov", "CountyLocalID": null, "GERS_ID": "fb659852-77fd-4f5f-8e4d-b40c4d8417b8", "ConflationStatus": "OVERTURE_ONLY", "Source": "OVERTURE_MAPS", "HNO": "4684", "PRD": null, "STN": "W CLINTON AVE", "STS": null, "Unit": null, "CommunityName": "FRESNO", "County": "FRESNO", "State": "CA", "PostCode": "93722", "SpatialOffsetMeters": null}}, {"type": "Feature", "geometry": {"type": "Point", "coordinates": [-119.8759851, 36.7721735]}, "properties": {"SSAP_NGUID": "urn:emergency:uid:gis:SSAP:f72f8d7b-5987-4f7b-9f34-24ef7d2c16d4:fresnocountyca.gov", "DisclID": "fresnocountyca.gov", "CountyLocalID": null, "GERS_ID": "f72f8d7b-5987-4f7b-9f34-24ef7d2c16d4", "ConflationStatus": "OVERTURE_ONLY", "Source": "OVERTURE_MAPS", "HNO": "4604", "PRD": null, "STN": "W CLINTON AVE", "STS": null, "Unit": null, "CommunityName": "FRESNO", "County": "FRESNO", "State": "CA", "PostCode": "93722", "SpatialOffsetMeters": null}}, {"type": "Feature", "geometry": {"type": "Point", "coordinates": [-119.8747936, 36.7721238]}, "properties": {"SSAP_NGUID": "urn:emergency:uid:gis:SSAP:d5dbbbb3-31d2-48e8-8e85-f18485ecfe10:fresnocountyca.gov", "DisclID": "fresnocountyca.gov", "CountyLocalID": null, "GERS_ID": "d5dbbbb3-31d2-48e8-8e85-f18485ecfe10", "ConflationStatus": "OVERTURE_ONLY", "Source": "OVERTURE_MAPS", "HNO": "4536", "PRD": null, "STN": "W CLINTON AVE", "STS": null, "Unit": null, "CommunityName": "FRESNO", "County": "FRESNO", "State": "CA", "PostCode": "93722", "SpatialOffsetMeters": null}}, {"type": "Feature", "geometry": {"type": "Point", "coordinates": [-119.8739716, 36.7723909]}, "properties": {"SSAP_NGUID": "urn:emergency:uid:gis:SSAP:34d97fe1-d2cc-4df7-8fb2-e9154a7e45c2:fresnocountyca.gov", "DisclID": "fresnocountyca.gov", "CountyLocalID": null, "GERS_ID": "34d97fe1-d2cc-4df7-8fb2-e9154a7e45c2", "ConflationStatus": "OVERTURE_ONLY", "Source": "OVERTURE_MAPS", "HNO": "4503", "PRD": null, "STN": "W PROVIDENCE AVE", "STS": null, "Unit": null, "CommunityName": "FRESNO", "County": "FRESNO", "State": "CA", "PostCode": "93722", "SpatialOffsetMeters": null}}, {"type": "Feature", "geometry": {"type": "Point", "coordinates": [-119.8749873, 36.7728377]}, "properties": {"SSAP_NGUID": "urn:emergency:uid:gis:SSAP:58e697e5-51d4-48f7-a936-8d399a4d2775:fresnocountyca.gov", "DisclID": "fresnocountyca.gov", "CountyLocalID": null, "GERS_ID": "58e697e5-51d4-48f7-a936-8d399a4d2775", "ConflationStatus": "OVERTURE_ONLY", "Source": "OVERTURE_MAPS", "HNO": "4546", "PRD": null, "STN": "W PROVIDENCE AVE", "STS": null, "Unit": null, "CommunityName": "FRESNO", "County": "FRESNO", "State": "CA", "PostCode": "93722", "SpatialOffsetMeters": null}}, {"type": "Feature", "geometry": {"type": "Point", "coordinates": [-119.8760532, 36.7729016]}, "properties": {"SSAP_NGUID": "urn:emergency:uid:gis:SSAP:b6a2cba4-3983-4a00-b2cf-7f2bb04e5931:fresnocountyca.gov", "DisclID": "fresnocountyca.gov", "CountyLocalID": null, "GERS_ID": "b6a2cba4-3983-4a00-b2cf-7f2bb04e5931", "ConflationStatus": "OVERTURE_ONLY", "Source": "OVERTURE_MAPS", "HNO": "2457", "PRD": null, "STN": "N MILBURN AVE", "STS": null, "Unit": null, "CommunityName": "FRESNO", "County": "FRESNO", "State": "CA", "PostCode": "93722", "SpatialOffsetMeters": null}}, {"type": "Feature", "geometry": {"type": "Point", "coordinates": [-119.8747651, 36.7734923]}, "properties": {"SSAP_NGUID": "urn:emergency:uid:gis:SSAP:9968f0cf-aa0e-4b4f-93af-e4c6e015d8c4:fresnocountyca.gov", "DisclID": "fresnocountyca.gov", "CountyLocalID": null, "GERS_ID": "9968f0cf-aa0e-4b4f-93af-e4c6e015d8c4", "ConflationStatus": "OVERTURE_ONLY", "Source": "OVERTURE_MAPS", "HNO": "4536", "PRD": null, "STN": "W TERRACE AVE", "STS": null, "Unit": null, "CommunityName": "FRESNO", "County": "FRESNO", "State": "CA", "PostCode": "93722", "SpatialOffsetMeters": null}}, {"type": "Feature", "geometry": {"type": "Point", "coordinates": [-119.8733054, 36.7730759]}, "properties": {"SSAP_NGUID": "urn:emergency:uid:gis:SSAP:6fc8d40b-1688-4345-a39f-a6461b2d1ccd:fresnocountyca.gov", "DisclID": "fresnocountyca.gov", "CountyLocalID": null, "GERS_ID": "6fc8d40b-1688-4345-a39f-a6461b2d1ccd", "ConflationStatus": "OVERTURE_ONLY", "Source": "OVERTURE_MAPS", "HNO": "4483", "PRD": null, "STN": "W TERRACE AVE", "STS": null, "Unit": null, "CommunityName": "FRESNO", "County": "FRESNO", "State": "CA", "PostCode": "93722", "SpatialOffsetMeters": null}}, {"type": "Feature", "geometry": {"type": "Point", "coordinates": [-119.87435, 36.773497]}, "properties": {"SSAP_NGUID": "urn:emergency:uid:gis:SSAP:b2a38c9c-83d9-4d35-b03b-40d6652563d8:fresnocountyca.gov", "DisclID": "fresnocountyca.gov", "CountyLocalID": null, "GERS_ID": "b2a38c9c-83d9-4d35-b03b-40d6652563d8", "ConflationStatus": "OVERTURE_ONLY", "Source": "OVERTURE_MAPS", "HNO": "4520", "PRD": null, "STN": "W TERRACE AVE", "STS": null, "Unit": null, "CommunityName": "FRESNO", "County": "FRESNO", "State": "CA", "PostCode": "93722", "SpatialOffsetMeters": null}}, {"type": "Feature", "geometry": {"type": "Point", "coordinates": [-119.8748024, 36.7737673]}, "properties": {"SSAP_NGUID": "urn:emergency:uid:gis:SSAP:985330a6-966c-4b51-9d23-3b3c71fe5fd2:fresnocountyca.gov", "DisclID": "fresnocountyca.gov", "CountyLocalID": null, "GERS_ID": "985330a6-966c-4b51-9d23-3b3c71fe5fd2", "ConflationStatus": "OVERTURE_ONLY", "Source": "OVERTURE_MAPS", "HNO": "4557", "PRD": null, "STN": "W HARVARD AVE", "STS": null, "Unit": null, "CommunityName": "FRESNO", "County": "FRESNO", "State": "CA", "PostCode": "93722", "SpatialOffsetMeters": null}}, {"type": "Feature", "geometry": {"type": "Point", "coordinates": [-119.8769105, 36.7738013]}, "properties": {"SSAP_NGUID": "urn:emergency:uid:gis:SSAP:e84bee71-54ac-4f75-bf56-7cd3ccd25e58:fresnocountyca.gov", "DisclID": "fresnocountyca.gov", "CountyLocalID": null, "GERS_ID": "e84bee71-54ac-4f75-bf56-7cd3ccd25e58", "ConflationStatus": "OVERTURE_ONLY", "Source": "OVERTURE_MAPS", "HNO": "4655", "PRD": null, "STN": "W HARVARD AVE", "STS": null, "Unit": null, "CommunityName": "FRESNO", "County": "FRESNO", "State": "CA", "PostCode": "93722", "SpatialOffsetMeters": null}}, {"type": "Feature", "geometry": {"type": "Point", "coordinates": [-119.8773095, 36.7731053]}, "properties": {"SSAP_NGUID": "urn:emergency:uid:gis:SSAP:3a27a11a-e375-4030-b544-ef09c353716c:fresnocountyca.gov", "DisclID": "fresnocountyca.gov", "CountyLocalID": null, "GERS_ID": "3a27a11a-e375-4030-b544-ef09c353716c", "ConflationStatus": "OVERTURE_ONLY", "Source": "OVERTURE_MAPS", "HNO": "4669", "PRD": null, "STN": "W TERRACE AVE", "STS": null, "Unit": null, "CommunityName": "FRESNO", "County": "FRESNO", "State": "CA", "PostCode": "93722", "SpatialOffsetMeters": null}}, {"type": "Feature", "geometry": {"type": "Point", "coordinates": [-119.8792684, 36.7738061]}, "properties": {"SSAP_NGUID": "urn:emergency:uid:gis:SSAP:c42150d8-51c8-44c0-ae2c-2e58bcca7609:fresnocountyca.gov", "DisclID": "fresnocountyca.gov", "CountyLocalID": null, "GERS_ID": "c42150d8-51c8-44c0-ae2c-2e58bcca7609", "ConflationStatus": "OVERTURE_ONLY", "Source": "OVERTURE_MAPS", "HNO": "4747", "PRD": null, "STN": "W HARVARD AVE", "STS": null, "Unit": null, "CommunityName": "FRESNO", "County": "FRESNO", "State": "CA", "PostCode": "93722", "SpatialOffsetMeters": null}}, {"type": "Feature", "geometry": {"type": "Point", "coordinates": [-119.8781062, 36.7745966]}, "properties": {"SSAP_NGUID": "urn:emergency:uid:gis:SSAP:5da26815-06b4-49a2-aeec-d2c50e6ab992:fresnocountyca.gov", "DisclID": "fresnocountyca.gov", "CountyLocalID": null, "GERS_ID": "5da26815-06b4-49a2-aeec-d2c50e6ab992", "ConflationStatus": "OVERTURE_ONLY", "Source": "OVERTURE_MAPS", "HNO": "4705", "PRD": null, "STN": "W PRINCETON AVE", "STS": null, "Unit": null, "CommunityName": "FRESNO", "County": "FRESNO", "State": "CA", "PostCode": "93722", "SpatialOffsetMeters": null}}, {"type": "Feature", "geometry": {"type": "Point", "coordinates": [-119.8781338, 36.7749974]}, "properties": {"SSAP_NGUID": "urn:emergency:uid:gis:SSAP:3b2ff7cd-d32c-43dd-9788-aa972953a159:fresnocountyca.gov", "DisclID": "fresnocountyca.gov", "CountyLocalID": null, "GERS_ID": "3b2ff7cd-d32c-43dd-9788-aa972953a159", "ConflationStatus": "OVERTURE_ONLY", "Source": "OVERTURE_MAPS", "HNO": "4708", "PRD": null, "STN": "W PRINCETON AVE", "STS": null, "Unit": null, "CommunityName": "FRESNO", "County": "FRESNO", "State": "CA", "PostCode": "93722", "SpatialOffsetMeters": null}}, {"type": "Feature", "geometry": {"type": "Point", "coordinates": [-119.8768931, 36.7745805]}, "properties": {"SSAP_NGUID": "urn:emergency:uid:gis:SSAP:2b680c76-e5f1-4ca5-ab51-641f9440291a:fresnocountyca.gov", "DisclID": "fresnocountyca.gov", "CountyLocalID": null, "GERS_ID": "2b680c76-e5f1-4ca5-ab51-641f9440291a", "ConflationStatus": "OVERTURE_ONLY", "Source": "OVERTURE_MAPS", "HNO": "4649", "PRD": null, "STN": "W PRINCETON AVE", "STS": null, "Unit": null, "CommunityName": "FRESNO", "County": "FRESNO", "State": "CA", "PostCode": "93722", "SpatialOffsetMeters": null}}, {"type": "Feature", "geometry": {"type": "Point", "coordinates": [-119.8766607, 36.7742432]}, "properties": {"SSAP_NGUID": "urn:emergency:uid:gis:SSAP:615864ad-2dcb-4f0f-b9ea-297c31dbf13c:fresnocountyca.gov", "DisclID": "fresnocountyca.gov", "CountyLocalID": null, "GERS_ID": "615864ad-2dcb-4f0f-b9ea-297c31dbf13c", "ConflationStatus": "OVERTURE_ONLY", "Source": "OVERTURE_MAPS", "HNO": "4640", "PRD": null, "STN": "W HARVARD AVE", "STS": null, "Unit": null, "CommunityName": "FRESNO", "County": "FRESNO", "State": "CA", "PostCode": "93722", "SpatialOffsetMeters": null}}, {"type": "Feature", "geometry": {"type": "Point", "coordinates": [-119.8756574, 36.7744479]}, "properties": {"SSAP_NGUID": "urn:emergency:uid:gis:SSAP:ec5a8d1d-1512-4113-8e60-a983c522a929:fresnocountyca.gov", "DisclID": "fresnocountyca.gov", "CountyLocalID": null, "GERS_ID": "ec5a8d1d-1512-4113-8e60-a983c522a929", "ConflationStatus": "OVERTURE_ONLY", "Source": "OVERTURE_MAPS", "HNO": "2545", "PRD": null, "STN": "N MILBURN AVE", "STS": null, "Unit": null, "CommunityName": "FRESNO", "County": "FRESNO", "State": "CA", "PostCode": "93722", "SpatialOffsetMeters": null}}, {"type": "Feature", "geometry": {"type": "Point", "coordinates": [-119.8741949, 36.7742906]}, "properties": {"SSAP_NGUID": "urn:emergency:uid:gis:SSAP:dc55c595-d971-465e-a640-92a5d2d5637d:fresnocountyca.gov", "DisclID": "fresnocountyca.gov", "CountyLocalID": null, "GERS_ID": "dc55c595-d971-465e-a640-92a5d2d5637d", "ConflationStatus": "OVERTURE_ONLY", "Source": "OVERTURE_MAPS", "HNO": "2536", "PRD": null, "STN": "N KATY LN", "STS": null, "Unit": null, "CommunityName": "FRESNO", "County": "FRESNO", "State": "CA", "PostCode": "93722", "SpatialOffsetMeters": null}}, {"type": "Feature", "geometry": {"type": "Point", "coordinates": [-119.8734396, 36.7746284]}, "properties": {"SSAP_NGUID": "urn:emergency:uid:gis:SSAP:a89ab656-f7ca-41ae-b8ba-91f66a65eb4b:fresnocountyca.gov", "DisclID": "fresnocountyca.gov", "CountyLocalID": null, "GERS_ID": "a89ab656-f7ca-41ae-b8ba-91f66a65eb4b", "ConflationStatus": "OVERTURE_ONLY", "Source": "OVERTURE_MAPS", "HNO": "2552", "PRD": null, "STN": "N CECELIA AVE", "STS": null, "Unit": null, "CommunityName": "FRESNO", "County": "FRESNO", "State": "CA", "PostCode": "93722", "SpatialOffsetMeters": null}}, {"type": "Feature", "geometry": {"type": "Point", "coordinates": [-119.8728445, 36.7748786]}, "properties": {"SSAP_NGUID": "urn:emergency:uid:gis:SSAP:1d9e3b58-a7ea-4b68-8cd4-f6aa979bb24d:fresnocountyca.gov", "DisclID": "fresnocountyca.gov", "CountyLocalID": null, "GERS_ID": "1d9e3b58-a7ea-4b68-8cd4-f6aa979bb24d", "ConflationStatus": "OVERTURE_ONLY", "Source": "OVERTURE_MAPS", "HNO": "2569", "PRD": null, "STN": "N MITRE AVE", "STS": null, "Unit": null, "CommunityName": "FRESNO", "County": "FRESNO", "State": "CA", "PostCode": "93722", "SpatialOffsetMeters": null}}, {"type": "Feature", "geometry": {"type": "Point", "coordinates": [-119.87602, 36.7748626]}, "properties": {"SSAP_NGUID": "urn:emergency:uid:gis:SSAP:2dea77b7-8ac4-4630-af3d-9d0c7a64faf3:fresnocountyca.gov", "DisclID": "fresnocountyca.gov", "CountyLocalID": null, "GERS_ID": "2dea77b7-8ac4-4630-af3d-9d0c7a64faf3", "ConflationStatus": "OVERTURE_ONLY", "Source": "OVERTURE_MAPS", "HNO": "2558", "PRD": null, "STN": "N ANTIOCH AVE", "STS": null, "Unit": null, "CommunityName": "FRESNO", "County": "FRESNO", "State": "CA", "PostCode": "93722", "SpatialOffsetMeters": null}}, {"type": "Feature", "geometry": {"type": "Point", "coordinates": [-119.8751915, 36.7753117]}, "properties": {"SSAP_NGUID": "urn:emergency:uid:gis:SSAP:b6681a49-a966-4847-ad15-e648fb6e0af2:fresnocountyca.gov", "DisclID": "fresnocountyca.gov", "CountyLocalID": null, "GERS_ID": "b6681a49-a966-4847-ad15-e648fb6e0af2", "ConflationStatus": "OVERTURE_ONLY", "Source": "OVERTURE_MAPS", "HNO": "4572", "PRD": null, "STN": "W PRINCETON AVE", "STS": null, "Unit": null, "CommunityName": "FRESNO", "County": "FRESNO", "State": "CA", "PostCode": "93722", "SpatialOffsetMeters": null}}, {"type": "Feature", "geometry": {"type": "Point", "coordinates": [-119.8731447, 36.7753122]}, "properties": {"SSAP_NGUID": "urn:emergency:uid:gis:SSAP:ed315ad5-629c-40c8-b319-8bfee9f768c8:fresnocountyca.gov", "DisclID": "fresnocountyca.gov", "CountyLocalID": null, "GERS_ID": "ed315ad5-629c-40c8-b319-8bfee9f768c8", "ConflationStatus": "OVERTURE_ONLY", "Source": "OVERTURE_MAPS", "HNO": "4480", "PRD": null, "STN": "W PRINCETON AVE", "STS": null, "Unit": null, "CommunityName": "FRESNO", "County": "FRESNO", "State": "CA", "PostCode": "93722", "SpatialOffsetMeters": null}}, {"type": "Feature", "geometry": {"type": "Point", "coordinates": [-119.8744084, 36.7755821]}, "properties": {"SSAP_NGUID": "urn:emergency:uid:gis:SSAP:4b398998-2d6a-4a47-80b0-02c16cb7464e:fresnocountyca.gov", "DisclID": "fresnocountyca.gov", "CountyLocalID": null, "GERS_ID": "4b398998-2d6a-4a47-80b0-02c16cb7464e", "ConflationStatus": "OVERTURE_ONLY", "Source": "OVERTURE_MAPS", "HNO": "4539", "PRD": null, "STN": "W MICHIGAN AVE", "STS": null, "Unit": null, "CommunityName": "FRESNO", "County": "FRESNO", "State": "CA", "PostCode": "93722", "SpatialOffsetMeters": null}}, {"type": "Feature", "geometry": {"type": "Point", "coordinates": [-119.873706, 36.776312]}, "properties": {"SSAP_NGUID": "urn:emergency:uid:gis:SSAP:9bbd69f0-6d6e-4351-bb52-1148f91d663f:fresnocountyca.gov", "DisclID": "fresnocountyca.gov", "CountyLocalID": null, "GERS_ID": "9bbd69f0-6d6e-4351-bb52-1148f91d663f", "ConflationStatus": "OVERTURE_ONLY", "Source": "OVERTURE_MAPS", "HNO": "2646", "PRD": null, "STN": "N CECELIA AVE", "STS": null, "Unit": null, "CommunityName": "FRESNO", "County": "FRESNO", "State": "CA", "PostCode": "93722", "SpatialOffsetMeters": null}}, {"type": "Feature", "geometry": {"type": "Point", "coordinates": [-119.8759424, 36.7758654]}, "properties": {"SSAP_NGUID": "urn:emergency:uid:gis:SSAP:ec644831-4bd2-4f77-bf05-0be2fdc7c5c3:fresnocountyca.gov", "DisclID": "fresnocountyca.gov", "CountyLocalID": null, "GERS_ID": "ec644831-4bd2-4f77-bf05-0be2fdc7c5c3", "ConflationStatus": "OVERTURE_ONLY", "Source": "OVERTURE_MAPS", "HNO": "2615", "PRD": null, "STN": "N MILBURN AVE", "STS": null, "Unit": null, "CommunityName": "FRESNO", "County": "FRESNO", "State": "CA", "PostCode": "93722", "SpatialOffsetMeters": null}}, {"type": "Feature", "geometry": {"type": "Point", "coordinates": [-119.8773288, 36.7763884]}, "properties": {"SSAP_NGUID": "urn:emergency:uid:gis:SSAP:a64ed18b-5816-4e73-be07-6ddc4022ee1f:fresnocountyca.gov", "DisclID": "fresnocountyca.gov", "CountyLocalID": null, "GERS_ID": "a64ed18b-5816-4e73-be07-6ddc4022ee1f", "ConflationStatus": "OVERTURE_ONLY", "Source": "OVERTURE_MAPS", "HNO": "4668", "PRD": null, "STN": "W AMHERST AVE", "STS": null, "Unit": null, "CommunityName": "FRESNO", "County": "FRESNO", "State": "CA", "PostCode": "93722", "SpatialOffsetMeters": null}}, {"type": "Feature", "geometry": {"type": "Point", "coordinates": [-119.8769065, 36.7757107]}, "properties": {"SSAP_NGUID": "urn:emergency:uid:gis:SSAP:34969a25-28b1-43fe-9421-4cc998caea61:fresnocountyca.gov", "DisclID": "fresnocountyca.gov", "CountyLocalID": null, "GERS_ID": "34969a25-28b1-43fe-9421-4cc998caea61", "ConflationStatus": "OVERTURE_ONLY", "Source": "OVERTURE_MAPS", "HNO": "4656", "PRD": null, "STN": "W MICHIGAN AVE", "STS": null, "Unit": null, "CommunityName": "FRESNO", "County": "FRESNO", "State": "CA", "PostCode": "93722", "SpatialOffsetMeters": null}}, {"type": "Feature", "geometry": {"type": "Point", "coordinates": [-119.8775335, 36.7757156]}, "properties": {"SSAP_NGUID": "urn:emergency:uid:gis:SSAP:44ab6a3b-87c0-4539-85dd-84d842d0b0fb:fresnocountyca.gov", "DisclID": "fresnocountyca.gov", "CountyLocalID": null, "GERS_ID": "44ab6a3b-87c0-4539-85dd-84d842d0b0fb", "ConflationStatus": "OVERTURE_ONLY", "Source": "OVERTURE_MAPS", "HNO": "4676", "PRD": null, "STN": "W MICHIGAN AVE", "STS": null, "Unit": null, "CommunityName": "FRESNO", "County": "FRESNO", "State": "CA", "PostCode": "93722", "SpatialOffsetMeters": null}}, {"type": "Feature", "geometry": {"type": "Point", "coordinates": [-119.8785904, 36.7756887]}, "properties": {"SSAP_NGUID": "urn:emergency:uid:gis:SSAP:aec3f8d6-e433-453e-b0e7-e7f248c0d7ec:fresnocountyca.gov", "DisclID": "fresnocountyca.gov", "CountyLocalID": null, "GERS_ID": "aec3f8d6-e433-453e-b0e7-e7f248c0d7ec", "ConflationStatus": "OVERTURE_ONLY", "Source": "OVERTURE_MAPS", "HNO": "2623", "PRD": null, "STN": "N LODI AVE", "STS": null, "Unit": null, "CommunityName": "FRESNO", "County": "FRESNO", "State": "CA", "PostCode": "93722", "SpatialOffsetMeters": null}}, {"type": "Feature", "geometry": {"type": "Point", "coordinates": [-119.8786103, 36.7761778]}, "properties": {"SSAP_NGUID": "urn:emergency:uid:gis:SSAP:a0e42c4a-bc70-437b-8316-4a4d29004c33:fresnocountyca.gov", "DisclID": "fresnocountyca.gov", "CountyLocalID": null, "GERS_ID": "a0e42c4a-bc70-437b-8316-4a4d29004c33", "ConflationStatus": "OVERTURE_ONLY", "Source": "OVERTURE_MAPS", "HNO": "2651", "PRD": null, "STN": "N LODI AVE", "STS": null, "Unit": null, "CommunityName": "FRESNO", "County": "FRESNO", "State": "CA", "PostCode": "93722", "SpatialOffsetMeters": null}}, {"type": "Feature", "geometry": {"type": "Point", "coordinates": [-119.8826141, 36.7763592]}, "properties": {"SSAP_NGUID": "urn:emergency:uid:gis:SSAP:b488eedd-d01b-494e-ad6f-186409768474:fresnocountyca.gov", "DisclID": "fresnocountyca.gov", "CountyLocalID": null, "GERS_ID": "b488eedd-d01b-494e-ad6f-186409768474", "ConflationStatus": "OVERTURE_ONLY", "Source": "OVERTURE_MAPS", "HNO": "5130", "PRD": null, "STN": "W AMHERST AVE", "STS": null, "Unit": null, "CommunityName": "FRESNO", "County": "FRESNO", "State": "CA", "PostCode": "93722", "SpatialOffsetMeters": null}}, {"type": "Feature", "geometry": {"type": "Point", "coordinates": [-119.8813682, 36.7758771]}, "properties": {"SSAP_NGUID": "urn:emergency:uid:gis:SSAP:fe082497-68da-48e2-8981-2aeac0d83329:fresnocountyca.gov", "DisclID": "fresnocountyca.gov", "CountyLocalID": null, "GERS_ID": "fe082497-68da-48e2-8981-2aeac0d83329", "ConflationStatus": "OVERTURE_ONLY", "Source": "OVERTURE_MAPS", "HNO": "5055", "PRD": null, "STN": "W AMHERST AVE", "STS": null, "Unit": null, "CommunityName": "FRESNO", "County": "FRESNO", "State": "CA", "PostCode": "93722", "SpatialOffsetMeters": null}}, {"type": "Feature", "geometry": {"type": "Point", "coordinates": [-119.880709, 36.775402]}, "properties": {"SSAP_NGUID": "urn:emergency:uid:gis:SSAP:179ecde7-f1f9-4438-abd1-a2bd866334a1:fresnocountyca.gov", "DisclID": "fresnocountyca.gov", "CountyLocalID": null, "GERS_ID": "179ecde7-f1f9-4438-abd1-a2bd866334a1", "ConflationStatus": "OVERTURE_ONLY", "Source": "OVERTURE_MAPS", "HNO": "2718", "PRD": null, "STN": "N BRIX AVE", "STS": null, "Unit": null, "CommunityName": "FRESNO", "County": "FRESNO", "State": "CA", "PostCode": "93722", "SpatialOffsetMeters": null}}, {"type": "Feature", "geometry": {"type": "Point", "coordinates": [-119.8807369, 36.7750616]}, "properties": {"SSAP_NGUID": "urn:emergency:uid:gis:SSAP:41f3d376-287d-4701-a6ab-197d3a082608:fresnocountyca.gov", "DisclID": "fresnocountyca.gov", "CountyLocalID": null, "GERS_ID": "41f3d376-287d-4701-a6ab-197d3a082608", "ConflationStatus": "OVERTURE_ONLY", "Source": "OVERTURE_MAPS", "HNO": "2690", "PRD": null, "STN": "N BRIX AVE", "STS": null, "Unit": null, "CommunityName": "FRESNO", "County": "FRESNO", "State": "CA", "PostCode": "93722", "SpatialOffsetMeters": null}}, {"type": "Feature", "geometry": {"type": "Point", "coordinates": [-119.880824, 36.7742505]}, "properties": {"SSAP_NGUID": "urn:emergency:uid:gis:SSAP:a354ae44-de0f-4e17-85e8-c32c4cb93fc7:fresnocountyca.gov", "DisclID": "fresnocountyca.gov", "CountyLocalID": null, "GERS_ID": "a354ae44-de0f-4e17-85e8-c32c4cb93fc7", "ConflationStatus": "OVERTURE_ONLY", "Source": "OVERTURE_MAPS", "HNO": "2634", "PRD": null, "STN": "N BRIX AVE", "STS": null, "Unit": null, "CommunityName": "FRESNO", "County": "FRESNO", "State": "CA", "PostCode": "93722", "SpatialOffsetMeters": null}}, {"type": "Feature", "geometry": {"type": "Point", "coordinates": [-119.8823039, 36.7741755]}, "properties": {"SSAP_NGUID": "urn:emergency:uid:gis:SSAP:150d7f61-f81c-4552-b1ab-2ff4c761363e:fresnocountyca.gov", "DisclID": "fresnocountyca.gov", "CountyLocalID": null, "GERS_ID": "150d7f61-f81c-4552-b1ab-2ff4c761363e", "ConflationStatus": "OVERTURE_ONLY", "Source": "OVERTURE_MAPS", "HNO": "5102", "PRD": null, "STN": "W HARVARD AVE", "STS": null, "Unit": null, "CommunityName": "FRESNO", "County": "FRESNO", "State": "CA", "PostCode": "93722", "SpatialOffsetMeters": null}}, {"type": "Feature", "geometry": {"type": "Point", "coordinates": [-119.8815675, 36.7748816]}, "properties": {"SSAP_NGUID": "urn:emergency:uid:gis:SSAP:285e2ffc-0c40-49f8-a15f-db671fd18ea0:fresnocountyca.gov", "DisclID": "fresnocountyca.gov", "CountyLocalID": null, "GERS_ID": "285e2ffc-0c40-49f8-a15f-db671fd18ea0", "ConflationStatus": "OVERTURE_ONLY", "Source": "OVERTURE_MAPS", "HNO": "5060", "PRD": null, "STN": "W BROWN AVE", "STS": null, "Unit": null, "CommunityName": "FRESNO", "County": "FRESNO", "State": "CA", "PostCode": "93722", "SpatialOffsetMeters": null}}, {"type": "Feature", "geometry": {"type": "Point", "coordinates": [-119.8828032, 36.7752109]}, "properties": {"SSAP_NGUID": "urn:emergency:uid:gis:SSAP:d09b930d-e7e2-4a3a-825c-ce893515bfaf:fresnocountyca.gov", "DisclID": "fresnocountyca.gov", "CountyLocalID": null, "GERS_ID": "d09b930d-e7e2-4a3a-825c-ce893515bfaf", "ConflationStatus": "OVERTURE_ONLY", "Source": "OVERTURE_MAPS", "HNO": "5131", "PRD": null, "STN": "W MICHIGAN AVE", "STS": null, "Unit": null, "CommunityName": "FRESNO", "County": "FRESNO", "State": "CA", "PostCode": "93722", "SpatialOffsetMeters": null}}, {"type": "Feature", "geometry": {"type": "Point", "coordinates": [-119.8832189, 36.7748933]}, "properties": {"SSAP_NGUID": "urn:emergency:uid:gis:SSAP:1b0c5bf7-9f8a-401d-8190-f4def1fdd76d:fresnocountyca.gov", "DisclID": "fresnocountyca.gov", "CountyLocalID": null, "GERS_ID": "1b0c5bf7-9f8a-401d-8190-f4def1fdd76d", "ConflationStatus": "OVERTURE_ONLY", "Source": "OVERTURE_MAPS", "HNO": "5156", "PRD": null, "STN": "W BROWN AVE", "STS": null, "Unit": null, "CommunityName": "FRESNO", "County": "FRESNO", "State": "CA", "PostCode": "93722", "SpatialOffsetMeters": null}}, {"type": "Feature", "geometry": {"type": "Point", "coordinates": [-119.8833302, 36.7741759]}, "properties": {"SSAP_NGUID": "urn:emergency:uid:gis:SSAP:e2b73c73-80bb-4ab8-8737-8959849d33f5:fresnocountyca.gov", "DisclID": "fresnocountyca.gov", "CountyLocalID": null, "GERS_ID": "e2b73c73-80bb-4ab8-8737-8959849d33f5", "ConflationStatus": "OVERTURE_ONLY", "Source": "OVERTURE_MAPS", "HNO": "5162", "PRD": null, "STN": "W HARVARD AVE", "STS": null, "Unit": null, "CommunityName": "FRESNO", "County": "FRESNO", "State": "CA", "PostCode": "93722", "SpatialOffsetMeters": null}}, {"type": "Feature", "geometry": {"type": "Point", "coordinates": [-119.8850098, 36.7746176]}, "properties": {"SSAP_NGUID": "urn:emergency:uid:gis:SSAP:b6c31f97-a155-48cf-a387-c0333d1f96be:fresnocountyca.gov", "DisclID": "fresnocountyca.gov", "CountyLocalID": null, "GERS_ID": "b6c31f97-a155-48cf-a387-c0333d1f96be", "ConflationStatus": "OVERTURE_ONLY", "Source": "OVERTURE_MAPS", "HNO": "2662", "PRD": null, "STN": "N CONSTANCE AVE", "STS": null, "Unit": null, "CommunityName": "FRESNO", "County": "FRESNO", "State": "CA", "PostCode": "93722", "SpatialOffsetMeters": null}}, {"type": "Feature", "geometry": {"type": "Point", "coordinates": [-119.8856701, 36.7748192]}, "properties": {"SSAP_NGUID": "urn:emergency:uid:gis:SSAP:77bca306-b52a-4d31-862e-80c6b0c37554:fresnocountyca.gov", "DisclID": "fresnocountyca.gov", "CountyLocalID": null, "GERS_ID": "77bca306-b52a-4d31-862e-80c6b0c37554", "ConflationStatus": "OVERTURE_ONLY", "Source": "OVERTURE_MAPS", "HNO": "5299", "PRD": null, "STN": "W HOMAN AVE", "STS": null, "Unit": null, "CommunityName": "FRESNO", "County": "FRESNO", "State": "CA", "PostCode": "93722", "SpatialOffsetMeters": null}}, {"type": "Feature", "geometry": {"type": "Point", "coordinates": [-119.8857531, 36.7752588]}, "properties": {"SSAP_NGUID": "urn:emergency:uid:gis:SSAP:29384873-5667-4657-9d0a-6420a5357544:fresnocountyca.gov", "DisclID": "fresnocountyca.gov", "CountyLocalID": null, "GERS_ID": "29384873-5667-4657-9d0a-6420a5357544", "ConflationStatus": "OVERTURE_ONLY", "Source": "OVERTURE_MAPS", "HNO": "5302", "PRD": null, "STN": "W HOMAN AVE", "STS": null, "Unit": null, "CommunityName": "FRESNO", "County": "FRESNO", "State": "CA", "PostCode": "93722", "SpatialOffsetMeters": null}}, {"type": "Feature", "geometry": {"type": "Point", "coordinates": [-119.883828, 36.775618]}, "properties": {"SSAP_NGUID": "urn:emergency:uid:gis:SSAP:ed13746f-c9fa-4593-9560-55187d343795:fresnocountyca.gov", "DisclID": "fresnocountyca.gov", "CountyLocalID": null, "GERS_ID": "ed13746f-c9fa-4593-9560-55187d343795", "ConflationStatus": "OVERTURE_ONLY", "Source": "OVERTURE_MAPS", "HNO": "5202", "PRD": null, "STN": "W MICHIGAN AVE", "STS": null, "Unit": null, "CommunityName": "FRESNO", "County": "FRESNO", "State": "CA", "PostCode": "93722", "SpatialOffsetMeters": null}}, {"type": "Feature", "geometry": {"type": "Point", "coordinates": [-119.8830239, 36.7764013]}, "properties": {"SSAP_NGUID": "urn:emergency:uid:gis:SSAP:fcf6db95-411e-48f8-bcbe-6715f89c62d6:fresnocountyca.gov", "DisclID": "fresnocountyca.gov", "CountyLocalID": null, "GERS_ID": "fcf6db95-411e-48f8-bcbe-6715f89c62d6", "ConflationStatus": "OVERTURE_ONLY", "Source": "OVERTURE_MAPS", "HNO": "5154", "PRD": null, "STN": "W AMHERST AVE", "STS": null, "Unit": null, "CommunityName": "FRESNO", "County": "FRESNO", "State": "CA", "PostCode": "93722", "SpatialOffsetMeters": null}}, {"type": "Feature", "geometry": {"type": "Point", "coordinates": [-119.8844956, 36.7766031]}, "properties": {"SSAP_NGUID": "urn:emergency:uid:gis:SSAP:763c4593-d3b4-4efa-9386-a75a809d8c27:fresnocountyca.gov", "DisclID": "fresnocountyca.gov", "CountyLocalID": null, "GERS_ID": "763c4593-d3b4-4efa-9386-a75a809d8c27", "ConflationStatus": "OVERTURE_ONLY", "Source": "OVERTURE_MAPS", "HNO": "2813", "PRD": null, "STN": "N DANTE AVE", "STS": null, "Unit": null, "CommunityName": "FRESNO", "County": "FRESNO", "State": "CA", "PostCode": "93722", "SpatialOffsetMeters": null}}, {"type": "Feature", "geometry": {"type": "Point", "coordinates": [-119.8842138, 36.7775099]}, "properties": {"SSAP_NGUID": "urn:emergency:uid:gis:SSAP:719a0072-c63a-4168-9344-3b76de5a8280:fresnocountyca.gov", "DisclID": "fresnocountyca.gov", "CountyLocalID": null, "GERS_ID": "719a0072-c63a-4168-9344-3b76de5a8280", "ConflationStatus": "OVERTURE_ONLY", "Source": "OVERTURE_MAPS", "HNO": "5227", "PRD": null, "STN": "W SIMPSON AVE", "STS": null, "Unit": null, "CommunityName": "FRESNO", "County": "FRESNO", "State": "CA", "PostCode": "93722", "SpatialOffsetMeters": null}}, {"type": "Feature", "geometry": {"type": "Point", "coordinates": [-119.8832032, 36.7771868]}, "properties": {"SSAP_NGUID": "urn:emergency:uid:gis:SSAP:df26e24c-4662-4b32-b556-2aedaecfb3cf:fresnocountyca.gov", "DisclID": "fresnocountyca.gov", "CountyLocalID": null, "GERS_ID": "df26e24c-4662-4b32-b556-2aedaecfb3cf", "ConflationStatus": "OVERTURE_ONLY", "Source": "OVERTURE_MAPS", "HNO": "5162", "PRD": null, "STN": "W CORNELL AVE", "STS": null, "Unit": null, "CommunityName": "FRESNO", "County": "FRESNO", "State": "CA", "PostCode": "93722", "SpatialOffsetMeters": null}}, {"type": "Feature", "geometry": {"type": "Point", "coordinates": [-119.8819966, 36.7765761]}, "properties": {"SSAP_NGUID": "urn:emergency:uid:gis:SSAP:bbbef617-1237-49a6-8707-3608e044b656:fresnocountyca.gov", "DisclID": "fresnocountyca.gov", "CountyLocalID": null, "GERS_ID": "bbbef617-1237-49a6-8707-3608e044b656", "ConflationStatus": "OVERTURE_ONLY", "Source": "OVERTURE_MAPS", "HNO": "5093", "PRD": null, "STN": "W CORNELL AVE", "STS": null, "Unit": null, "CommunityName": "FRESNO", "County": "FRESNO", "State": "CA", "PostCode": "93722", "SpatialOffsetMeters": null}}, {"type": "Feature", "geometry": {"type": "Point", "coordinates": [-119.8813943, 36.7765982]}, "properties": {"SSAP_NGUID": "urn:emergency:uid:gis:SSAP:ef1cac38-c673-4f57-81ca-668d47d418df:fresnocountyca.gov", "DisclID": "fresnocountyca.gov", "CountyLocalID": null, "GERS_ID": "ef1cac38-c673-4f57-81ca-668d47d418df", "ConflationStatus": "OVERTURE_ONLY", "Source": "OVERTURE_MAPS", "HNO": "5057", "PRD": null, "STN": "W CORNELL AVE", "STS": null, "Unit": null, "CommunityName": "FRESNO", "County": "FRESNO", "State": "CA", "PostCode": "93722", "SpatialOffsetMeters": null}}, {"type": "Feature", "geometry": {"type": "Point", "coordinates": [-119.8807414, 36.7772626]}, "properties": {"SSAP_NGUID": "urn:emergency:uid:gis:SSAP:fc5fb7ea-5d2f-46fd-a736-115255e897e7:fresnocountyca.gov", "DisclID": "fresnocountyca.gov", "CountyLocalID": null, "GERS_ID": "fc5fb7ea-5d2f-46fd-a736-115255e897e7", "ConflationStatus": "OVERTURE_ONLY", "Source": "OVERTURE_MAPS", "HNO": "2872", "PRD": null, "STN": "N BRIX AVE", "STS": null, "Unit": null, "CommunityName": "FRESNO", "County": "FRESNO", "State": "CA", "PostCode": "93722", "SpatialOffsetMeters": null}}, {"type": "Feature", "geometry": {"type": "Point", "coordinates": [-119.8812373, 36.7772939]}, "properties": {"SSAP_NGUID": "urn:emergency:uid:gis:SSAP:4c1f04ea-2d9c-4142-8bc9-148efadfe601:fresnocountyca.gov", "DisclID": "fresnocountyca.gov", "CountyLocalID": null, "GERS_ID": "4c1f04ea-2d9c-4142-8bc9-148efadfe601", "ConflationStatus": "OVERTURE_ONLY", "Source": "OVERTURE_MAPS", "HNO": "2875", "PRD": null, "STN": "N BRIX AVE", "STS": null, "Unit": null, "CommunityName": "FRESNO", "County": "FRESNO", "State": "CA", "PostCode": "93722", "SpatialOffsetMeters": null}}, {"type": "Feature", "geometry": {"type": "Point", "coordinates": [-119.8820557, 36.7779476]}, "properties": {"SSAP_NGUID": "urn:emergency:uid:gis:SSAP:8ea94519-9dea-4a6f-a921-b4be42390bfe:fresnocountyca.gov", "DisclID": "fresnocountyca.gov", "CountyLocalID": null, "GERS_ID": "8ea94519-9dea-4a6f-a921-b4be42390bfe", "ConflationStatus": "OVERTURE_ONLY", "Source": "OVERTURE_MAPS", "HNO": "5098", "PRD": null, "STN": "W SIMPSON AVE", "STS": null, "Unit": null, "CommunityName": "FRESNO", "County": "FRESNO", "State": "CA", "PostCode": "93722", "SpatialOffsetMeters": null}}, {"type": "Feature", "geometry": {"type": "Point", "coordinates": [-119.8807481, 36.7780984]}, "properties": {"SSAP_NGUID": "urn:emergency:uid:gis:SSAP:eacdb914-527d-4699-b51e-ee4ab2c68991:fresnocountyca.gov", "DisclID": "fresnocountyca.gov", "CountyLocalID": null, "GERS_ID": "eacdb914-527d-4699-b51e-ee4ab2c68991", "ConflationStatus": "OVERTURE_ONLY", "Source": "OVERTURE_MAPS", "HNO": "2944", "PRD": null, "STN": "N BRIX AVE", "STS": null, "Unit": null, "CommunityName": "FRESNO", "County": "FRESNO", "State": "CA", "PostCode": "93722", "SpatialOffsetMeters": null}}, {"type": "Feature", "geometry": {"type": "Point", "coordinates": [-119.8814248, 36.7782925]}, "properties": {"SSAP_NGUID": "urn:emergency:uid:gis:SSAP:64033e6d-92f5-48e6-bd72-6ca1922ca85a:fresnocountyca.gov", "DisclID": "fresnocountyca.gov", "CountyLocalID": null, "GERS_ID": "64033e6d-92f5-48e6-bd72-6ca1922ca85a", "ConflationStatus": "OVERTURE_ONLY", "Source": "OVERTURE_MAPS", "HNO": "5061", "PRD": null, "STN": "W HUNTER AVE", "STS": null, "Unit": null, "CommunityName": "FRESNO", "County": "FRESNO", "State": "CA", "PostCode": "93722", "SpatialOffsetMeters": null}}, {"type": "Feature", "geometry": {"type": "Point", "coordinates": [-119.8827266, 36.7787019]}, "properties": {"SSAP_NGUID": "urn:emergency:uid:gis:SSAP:1e5cce3b-34e0-4490-ae05-5152f2dc6e15:fresnocountyca.gov", "DisclID": "fresnocountyca.gov", "CountyLocalID": null, "GERS_ID": "1e5cce3b-34e0-4490-ae05-5152f2dc6e15", "ConflationStatus": "OVERTURE_ONLY", "Source": "OVERTURE_MAPS", "HNO": "5140", "PRD": null, "STN": "W HUNTER AVE", "STS": null, "Unit": null, "CommunityName": "FRESNO", "County": "FRESNO", "State": "CA", "PostCode": "93722", "SpatialOffsetMeters": null}}, {"type": "Feature", "geometry": {"type": "Point", "coordinates": [-119.8837375, 36.7782808]}, "properties": {"SSAP_NGUID": "urn:emergency:uid:gis:SSAP:0b4df1c1-8b84-45b6-9cec-9b9acacfec5f:fresnocountyca.gov", "DisclID": "fresnocountyca.gov", "CountyLocalID": null, "GERS_ID": "0b4df1c1-8b84-45b6-9cec-9b9acacfec5f", "ConflationStatus": "OVERTURE_ONLY", "Source": "OVERTURE_MAPS", "HNO": "5193", "PRD": null, "STN": "W HUNTER AVE", "STS": null, "Unit": null, "CommunityName": "FRESNO", "County": "FRESNO", "State": "CA", "PostCode": "93722", "SpatialOffsetMeters": null}}, {"type": "Feature", "geometry": {"type": "Point", "coordinates": [-119.8841502, 36.7779428]}, "properties": {"SSAP_NGUID": "urn:emergency:uid:gis:SSAP:3c8b35e8-5c78-4cda-990a-ab19059fbea3:fresnocountyca.gov", "DisclID": "fresnocountyca.gov", "CountyLocalID": null, "GERS_ID": "3c8b35e8-5c78-4cda-990a-ab19059fbea3", "ConflationStatus": "OVERTURE_ONLY", "Source": "OVERTURE_MAPS", "HNO": "5218", "PRD": null, "STN": "W SIMPSON AVE", "STS": null, "Unit": null, "CommunityName": "FRESNO", "County": "FRESNO", "State": "CA", "PostCode": "93722", "SpatialOffsetMeters": null}}, {"type": "Feature", "geometry": {"type": "Point", "coordinates": [-119.8846235, 36.7785965]}, "properties": {"SSAP_NGUID": "urn:emergency:uid:gis:SSAP:652f0f26-1e04-43bd-bf44-3b70d62d1546:fresnocountyca.gov", "DisclID": "fresnocountyca.gov", "CountyLocalID": null, "GERS_ID": "652f0f26-1e04-43bd-bf44-3b70d62d1546", "ConflationStatus": "OVERTURE_ONLY", "Source": "OVERTURE_MAPS", "HNO": "2983", "PRD": null, "STN": "N DANTE AVE", "STS": null, "Unit": null, "CommunityName": "FRESNO", "County": "FRESNO", "State": "CA", "PostCode": "93722", "SpatialOffsetMeters": null}}, {"type": "Feature", "geometry": {"type": "Point", "coordinates": [-119.8795181, 36.7796622]}, "properties": {"SSAP_NGUID": "urn:emergency:uid:gis:SSAP:d78925c8-5ded-4d3f-911e-f6163729b2a5:fresnocountyca.gov", "DisclID": "fresnocountyca.gov", "CountyLocalID": null, "GERS_ID": "d78925c8-5ded-4d3f-911e-f6163729b2a5", "ConflationStatus": "OVERTURE_ONLY", "Source": "OVERTURE_MAPS", "HNO": "4761", "PRD": null, "STN": "W ANDREWS AVE", "STS": null, "Unit": null, "CommunityName": "FRESNO", "County": "FRESNO", "State": "CA", "PostCode": "93722", "SpatialOffsetMeters": null}}, {"type": "Feature", "geometry": {"type": "Point", "coordinates": [-119.8795086, 36.7792818]}, "properties": {"SSAP_NGUID": "urn:emergency:uid:gis:SSAP:7c9472c1-f0ab-4c0b-abe7-69bfb3936e72:fresnocountyca.gov", "DisclID": "fresnocountyca.gov", "CountyLocalID": null, "GERS_ID": "7c9472c1-f0ab-4c0b-abe7-69bfb3936e72", "ConflationStatus": "OVERTURE_ONLY", "Source": "OVERTURE_MAPS", "HNO": "4766", "PRD": null, "STN": "W SHIELDS AVE", "STS": null, "Unit": null, "CommunityName": "FRESNO", "County": "FRESNO", "State": "CA", "PostCode": "93722", "SpatialOffsetMeters": null}}, {"type": "Feature", "geometry": {"type": "Point", "coordinates": [-119.8770542, 36.7795032]}, "properties": {"SSAP_NGUID": "urn:emergency:uid:gis:SSAP:7f62f061-ccb4-440e-8391-0d8af972b969:fresnocountyca.gov", "DisclID": "fresnocountyca.gov", "CountyLocalID": null, "GERS_ID": "7f62f061-ccb4-440e-8391-0d8af972b969", "ConflationStatus": "OVERTURE_ONLY", "Source": "OVERTURE_MAPS", "HNO": "4665", "PRD": null, "STN": "W ANDREWS AVE", "STS": null, "Unit": null, "CommunityName": "FRESNO", "County": "FRESNO", "State": "CA", "PostCode": "93722", "SpatialOffsetMeters": null}}, {"type": "Feature", "geometry": {"type": "Point", "coordinates": [-119.8786644, 36.780417]}, "properties": {"SSAP_NGUID": "urn:emergency:uid:gis:SSAP:b94c2915-6a9c-48f2-ab0d-39df457da44c:fresnocountyca.gov", "DisclID": "fresnocountyca.gov", "CountyLocalID": null, "GERS_ID": "b94c2915-6a9c-48f2-ab0d-39df457da44c", "ConflationStatus": "OVERTURE_ONLY", "Source": "OVERTURE_MAPS", "HNO": "4718", "PRD": null, "STN": "W ANDREWS AVE", "STS": null, "Unit": null, "CommunityName": "FRESNO", "County": "FRESNO", "State": "CA", "PostCode": "93722", "SpatialOffsetMeters": null}}, {"type": "Feature", "geometry": {"type": "Point", "coordinates": [-119.8751378, 36.780204]}, "properties": {"SSAP_NGUID": "urn:emergency:uid:gis:SSAP:16a09060-8c5f-43ae-9e88-09dd017d764e:fresnocountyca.gov", "DisclID": "fresnocountyca.gov", "CountyLocalID": null, "GERS_ID": "16a09060-8c5f-43ae-9e88-09dd017d764e", "ConflationStatus": "OVERTURE_ONLY", "Source": "OVERTURE_MAPS", "HNO": "4594", "PRD": null, "STN": "W SHIELDS AVE", "STS": null, "Unit": null, "CommunityName": "FRESNO", "County": "FRESNO", "State": "CA", "PostCode": "93722", "SpatialOffsetMeters": null}}, {"type": "Feature", "geometry": {"type": "Point", "coordinates": [-119.875004, 36.7780422]}, "properties": {"SSAP_NGUID": "urn:emergency:uid:gis:SSAP:5fdf1633-86cb-4ea8-a090-3a132ec72801:fresnocountyca.gov", "DisclID": "fresnocountyca.gov", "CountyLocalID": null, "GERS_ID": "5fdf1633-86cb-4ea8-a090-3a132ec72801", "ConflationStatus": "OVERTURE_ONLY", "Source": "OVERTURE_MAPS", "HNO": "2719", "PRD": null, "STN": "N KATY LN", "STS": null, "Unit": null, "CommunityName": "FRESNO", "County": "FRESNO", "State": "CA", "PostCode": "93722", "SpatialOffsetMeters": null}}, {"type": "Feature", "geometry": {"type": "Point", "coordinates": [-119.8772449, 36.778105]}, "properties": {"SSAP_NGUID": "urn:emergency:uid:gis:SSAP:eb702225-f187-4b77-afd2-35df857d03ff:fresnocountyca.gov", "DisclID": "fresnocountyca.gov", "CountyLocalID": null, "GERS_ID": "eb702225-f187-4b77-afd2-35df857d03ff", "ConflationStatus": "OVERTURE_ONLY", "Source": "OVERTURE_MAPS", "HNO": "4703", "PRD": null, "STN": "W SHIELDS AVE", "STS": null, "Unit": null, "CommunityName": "FRESNO", "County": "FRESNO", "State": "CA", "PostCode": "93722", "SpatialOffsetMeters": null}}, {"type": "Feature", "geometry": {"type": "Point", "coordinates": [-119.8791944, 36.7770702]}, "properties": {"SSAP_NGUID": "urn:emergency:uid:gis:SSAP:4b90817d-e6f6-454a-8166-c811db877dc7:fresnocountyca.gov", "DisclID": "fresnocountyca.gov", "CountyLocalID": null, "GERS_ID": "4b90817d-e6f6-454a-8166-c811db877dc7", "ConflationStatus": "OVERTURE_ONLY", "Source": "OVERTURE_MAPS", "HNO": "4752", "PRD": null, "STN": "W CORNELL AVE", "STS": null, "Unit": null, "CommunityName": "FRESNO", "County": "FRESNO", "State": "CA", "PostCode": "93722", "SpatialOffsetMeters": null}}, {"type": "Feature", "geometry": {"type": "Point", "coordinates": [-119.87919, 36.7766701]}, "properties": {"SSAP_NGUID": "urn:emergency:uid:gis:SSAP:204478d6-435e-47b4-82b7-f00cf8d4c9cf:fresnocountyca.gov", "DisclID": "fresnocountyca.gov", "CountyLocalID": null, "GERS_ID": "204478d6-435e-47b4-82b7-f00cf8d4c9cf", "ConflationStatus": "OVERTURE_ONLY", "Source": "OVERTURE_MAPS", "HNO": "4755", "PRD": null, "STN": "W CORNELL AVE", "STS": null, "Unit": null, "CommunityName": "FRESNO", "County": "FRESNO", "State": "CA", "PostCode": "93722", "SpatialOffsetMeters": null}}, {"type": "Feature", "geometry": {"type": "Point", "coordinates": [-119.8767147, 36.7766845]}, "properties": {"SSAP_NGUID": "urn:emergency:uid:gis:SSAP:671b857c-51e6-4c97-b747-64146cc99a9a:fresnocountyca.gov", "DisclID": "fresnocountyca.gov", "CountyLocalID": null, "GERS_ID": "671b857c-51e6-4c97-b747-64146cc99a9a", "ConflationStatus": "OVERTURE_ONLY", "Source": "OVERTURE_MAPS", "HNO": "4643", "PRD": null, "STN": "W CORNELL AVE", "STS": null, "Unit": null, "CommunityName": "FRESNO", "County": "FRESNO", "State": "CA", "PostCode": "93722", "SpatialOffsetMeters": null}}, {"type": "Feature", "geometry": {"type": "Point", "coordinates": [-119.8750643, 36.7767866]}, "properties": {"SSAP_NGUID": "urn:emergency:uid:gis:SSAP:aac0f4f4-a965-40f4-a352-4f2de64bdf7a:fresnocountyca.gov", "DisclID": "fresnocountyca.gov", "CountyLocalID": null, "GERS_ID": "aac0f4f4-a965-40f4-a352-4f2de64bdf7a", "ConflationStatus": "OVERTURE_ONLY", "Source": "OVERTURE_MAPS", "HNO": "2669", "PRD": null, "STN": "N KATY LN", "STS": null, "Unit": null, "CommunityName": "FRESNO", "County": "FRESNO", "State": "CA", "PostCode": "93722", "SpatialOffsetMeters": null}}, {"type": "Feature", "geometry": {"type": "Point", "coordinates": [-119.875078, 36.7772829]}, "properties": {"SSAP_NGUID": "urn:emergency:uid:gis:SSAP:ca19873c-0667-4a9a-9f7a-e3062febed66:fresnocountyca.gov", "DisclID": "fresnocountyca.gov", "CountyLocalID": null, "GERS_ID": "ca19873c-0667-4a9a-9f7a-e3062febed66", "ConflationStatus": "OVERTURE_ONLY", "Source": "OVERTURE_MAPS", "HNO": "2701", "PRD": null, "STN": "N KATY LN", "STS": null, "Unit": null, "CommunityName": "FRESNO", "County": "FRESNO", "State": "CA", "PostCode": "93722", "SpatialOffsetMeters": null}}, {"type": "Feature", "geometry": {"type": "Point", "coordinates": [-119.8734294, 36.7772284]}, "properties": {"SSAP_NGUID": "urn:emergency:uid:gis:SSAP:793d25f4-7580-40f6-b9a3-2e550a7e536c:fresnocountyca.gov", "DisclID": "fresnocountyca.gov", "CountyLocalID": null, "GERS_ID": "793d25f4-7580-40f6-b9a3-2e550a7e536c", "ConflationStatus": "OVERTURE_ONLY", "Source": "OVERTURE_MAPS", "HNO": "4492", "PRD": null, "STN": "W CORNELL AVE", "STS": null, "Unit": null, "CommunityName": "FRESNO", "County": "FRESNO", "State": "CA", "PostCode": "93722", "SpatialOffsetMeters": null}}, {"type": "Feature", "geometry": {"type": "Point", "coordinates": [-119.8736863, 36.7764707]}, "properties": {"SSAP_NGUID": "urn:emergency:uid:gis:SSAP:25ef66a7-d3b1-45be-bc06-91014758c655:fresnocountyca.gov", "DisclID": "fresnocountyca.gov", "CountyLocalID": null, "GERS_ID": "25ef66a7-d3b1-45be-bc06-91014758c655", "ConflationStatus": "OVERTURE_ONLY", "Source": "OVERTURE_MAPS", "HNO": "2656", "PRD": null, "STN": "N CECELIA AVE", "STS": null, "Unit": null, "CommunityName": "FRESNO", "County": "FRESNO", "State": "CA", "PostCode": "93722", "SpatialOffsetMeters": null}}, {"type": "Feature", "geometry": {"type": "Point", "coordinates": [-119.8719851, 36.7771628]}, "properties": {"SSAP_NGUID": "urn:emergency:uid:gis:SSAP:7437a195-e0c8-485a-bf85-042719b20634:fresnocountyca.gov", "DisclID": "fresnocountyca.gov", "CountyLocalID": null, "GERS_ID": "7437a195-e0c8-485a-bf85-042719b20634", "ConflationStatus": "OVERTURE_ONLY", "Source": "OVERTURE_MAPS", "HNO": "4432", "PRD": null, "STN": "W CORNELL AVE", "STS": null, "Unit": null, "CommunityName": "FRESNO", "County": "FRESNO", "State": "CA", "PostCode": "93722", "SpatialOffsetMeters": null}}, {"type": "Feature", "geometry": {"type": "Point", "coordinates": [-119.8698793, 36.7768785]}, "properties": {"SSAP_NGUID": "urn:emergency:uid:gis:SSAP:6410b2bc-2c20-4724-8fbd-c3865099d4af:fresnocountyca.gov", "DisclID": "fresnocountyca.gov", "CountyLocalID": null, "GERS_ID": "6410b2bc-2c20-4724-8fbd-c3865099d4af", "ConflationStatus": "OVERTURE_ONLY", "Source": "OVERTURE_MAPS", "HNO": "4337", "PRD": null, "STN": "W CORNELL AVE", "STS": null, "Unit": null, "CommunityName": "FRESNO", "County": "FRESNO", "State": "CA", "PostCode": "93722", "SpatialOffsetMeters": null}}, {"type": "Feature", "geometry": {"type": "Point", "coordinates": [-119.8700669, 36.776604]}, "properties": {"SSAP_NGUID": "urn:emergency:uid:gis:SSAP:99ce6021-5e87-4684-8b45-91bc5a72bc47:fresnocountyca.gov", "DisclID": "fresnocountyca.gov", "CountyLocalID": null, "GERS_ID": "99ce6021-5e87-4684-8b45-91bc5a72bc47", "ConflationStatus": "OVERTURE_ONLY", "Source": "OVERTURE_MAPS", "HNO": "4344", "PRD": null, "STN": "W AMHERST AVE", "STS": null, "Unit": null, "CommunityName": "FRESNO", "County": "FRESNO", "State": "CA", "PostCode": "93722", "SpatialOffsetMeters": null}}]}